artifacts/v5/p2_final_no_data_preflight_and_authorization/FINAL_NO_DATA_SOURCE_ONLY_SELF_TEST.log	269	7ac18f48ee2c77126ce05557bf212eea2f8de58c4d27e82ec3295637c7bf56e6	2026-07-30 04:11:31.193345052 +0530
artifacts/v5/p2_g123_task_d_implementation_intake/files/reports/v5/p2_b1_training_protocol_lock/V5_P2_B1_TRAINING_PROTOCOL.json	8316	e18253eb2545b453ffbfb3f627d8646307d7a0c3e9da337547f5d061553baa4a	2026-07-26 04:12:26.094212155 +0530
artifacts/v5/p2_g123_task_d_implementation_intake/files/reports/v5/p2_b1_training_protocol_lock/V5_P2_B1_TRAINING_PROTOCOL_LOCK_COMPLETE	41	e225c820baedc57b7866677982be77089141852289e61dd28fec25b30c76e289	2026-07-26 04:12:26.095212171 +0530
artifacts/v5/p2_g123_task_d_implementation_intake/files/reports/v5/p2_b1_training_protocol_lock/V5_P2_B1_TRAINING_PROTOCOL_LOCK.json	11434	523aa60c95d20f2223e43882ca7fb1077148c2b731f8f101c439451f6d8aa9b4	2026-07-26 04:12:26.095212171 +0530
artifacts/v5/p2_g123_task_d_implementation_intake/files/reports/v5/p2_b1_training_protocol_lock/V5_P2_B1_TRAINING_PROTOCOL_LOCK_LOCK.json	1154	4bfbf2a555899a841c445c576b2431cb4eb8cfaea5a7d8c6698d022744f89587	2026-07-26 04:12:26.095212171 +0530
artifacts/v5/p2_g123_task_d_implementation_intake/files/reports/v5/p2_b1_training_protocol_lock/V5_P2_B1_TRAINING_PROTOCOL.md	1972	5f7c828d8b352efdc16635836758b3bfcd0f3423a5fb1091ea27d31bbf49fc9b	2026-07-26 04:12:26.094212155 +0530
artifacts/v5/p2_g123_task_d_implementation_intake/files/reports/v5/p2_b3_seed_checkpoint_selection/V5_P2_B3_SEED_AND_CHECKPOINT_SELECTION_COMPLETE	48	9106d2878aa2cf3d226848e84e1a121b802d53930fb8453b23066949449e13e1	2026-07-26 08:03:50.673874237 +0530
artifacts/v5/p2_g123_task_d_implementation_intake/files/reports/v5/p2_b3_seed_checkpoint_selection/V5_P2_B3_SEED_AND_CHECKPOINT_SELECTION.json	8349	b3f3497f5ecb67749dd564c9d729931ceb33ee50808e4c17fed31523d786e7aa	2026-07-26 08:03:50.672874169 +0530
artifacts/v5/p2_g123_task_d_implementation_intake/files/reports/v5/p2_b3_seed_checkpoint_selection/V5_P2_B3_SEED_AND_CHECKPOINT_SELECTION_LOCK.json	1388	2c252c59b8dab2331dbc25d4e43b5a6a15b0cf7865b42ad943df567fc665a090	2026-07-26 08:03:50.673874237 +0530
artifacts/v5/p2_g123_task_d_implementation_intake/files/reports/v5/p2_b3_seed_checkpoint_selection/V5_P2_B3_SELECTED_CHECKPOINT_MANIFEST.json	6201	54040ff0cd8f61cb640b71ae715612661fbd76cdd7dfc06725c1ed098406248a	2026-07-26 08:03:50.672874169 +0530
artifacts/v5/p2_g123_task_d_implementation_intake/files/reports/v5/p2_g1c_frozen_validation_result/g1_artifact_sha256.txt	18771	9074f2ec817662ae22493fd7855514280ccbf9e72513b792d6596d982cfe140b	2026-07-27 02:28:23.016871126 +0530
artifacts/v5/p2_g123_task_d_implementation_intake/files/reports/v5/p2_g1c_frozen_validation_result/g1_decision.txt	695	aede27f98706c0252536f7f79d1e397df2d8a65e3dc7d36e2e6dd9dcd6e7f50d	2026-07-27 02:28:23.017871160 +0530
artifacts/v5/p2_g123_task_d_implementation_intake/files/reports/v5/p2_g1c_frozen_validation_result/V5_P2_G1C_VALIDATION_RESULT_FROZEN	0	e3b0c44298fc1c149afbf4c8996fb92427ae41e4649b934ca495991b7852b855	2026-07-27 02:28:23.018871193 +0530
artifacts/v5/p2_g123_task_d_implementation_intake/files/reports/v5/p2_g1c_source_only_graph_matrix_aggregation/V5_P2_G1C_PER_SEED_RESULTS.csv	4990	fd2b43b5c7c26e010ca0c0d769a39a163381ade825fc1f5f5d8f71914456e99b	2026-07-27 02:24:21.787376123 +0530
artifacts/v5/p2_g123_task_d_implementation_intake/files/reports/v5/p2_g1c_source_only_graph_matrix_aggregation/V5_P2_G1C_SOURCE_ONLY_GRAPH_MATRIX_AGGREGATION_COMPLETE	56	a51219f2839e5a6f3e7f42ed1608c8bdf1468df4ee805e7b9def4c2705c583b5	2026-07-27 02:24:21.787376123 +0530
artifacts/v5/p2_g123_task_d_implementation_intake/files/reports/v5/p2_g1c_source_only_graph_matrix_aggregation/V5_P2_G1C_SOURCE_ONLY_GRAPH_MATRIX_AGGREGATION.json	30527	299f33cfbc55d82075a6992793540bdc3d237846b1315caab8361efeee8c2e7a	2026-07-27 02:24:21.787376123 +0530
artifacts/v5/p2_g123_task_d_implementation_intake/files/reports/v5/p2_g1c_source_only_graph_matrix_aggregation/V5_P2_G1C_SOURCE_ONLY_GRAPH_MATRIX_AGGREGATION_LOCK.json	537	79df8278e9b522d4c3796b30fab72ef75c50263e210830c36122b506254a6f0b	2026-07-27 02:24:21.787376123 +0530
artifacts/v5/p2_g123_task_d_implementation_intake/files/reports/v5/p2_g1c_source_only_graph_matrix_aggregation/V5_P2_G1C_THREE_SEED_SUMMARY.csv	1060	4b66d5f465c1b90d2addaf9d93c4311935401d1fabe9644ea55abfa3595022e9	2026-07-27 02:24:21.787376123 +0530
artifacts/v5/p2_g123_task_d_implementation_intake/files/scripts/v5/p2/run_v5_p2_b1_training_protocol_lock.sh	2305	fde6006b46326aa8d1d573877fecfddb83e2d45b5577d3bb95e8ef5f11e43d46	2026-07-26 04:12:14.859022656 +0530
artifacts/v5/p2_g123_task_d_implementation_intake/files/scripts/v5/p2/run_v5_p2_b3_seed_checkpoint_selection.sh	2603	5ff4a2a8c04e2a18a79b07b8e58a80b47ba929e5535f832a3606c786adefc7af	2026-07-26 08:03:44.091423617 +0530
artifacts/v5/p2_g2_contract_supplement/files/reports/v5/p2_g1c_frozen_training_contract_extract_20260726_215903.txt	118813	60490fd10047d1bd6ab6d4cd4261fc02fff55193b811e0f0c3d4f07758369556	2026-07-26 21:59:03.139956440 +0530
artifacts/v5/p2_g2_contract_supplement/files/reports/v5/p2_g1c_frozen_validation_result/g1_decision.txt	695	aede27f98706c0252536f7f79d1e397df2d8a65e3dc7d36e2e6dd9dcd6e7f50d	2026-07-27 02:28:23.017871160 +0530
artifacts/v5/p2_g2_contract_supplement/files/reports/v5/p2_g1c_frozen_validation_result/V5_P2_G1C_VALIDATION_RESULT_FROZEN	0	e3b0c44298fc1c149afbf4c8996fb92427ae41e4649b934ca495991b7852b855	2026-07-27 02:28:23.018871193 +0530
artifacts/v5/p2_g2_contract_supplement/files/reports/v5/p2_g1c_source_only_graph_matrix_aggregation/V5_P2_G1C_SOURCE_ONLY_GRAPH_MATRIX_AGGREGATION_COMPLETE	56	a51219f2839e5a6f3e7f42ed1608c8bdf1468df4ee805e7b9def4c2705c583b5	2026-07-27 02:24:21.787376123 +0530
artifacts/v5/p2_g2_contract_supplement/files/reports/v5/p2_g1c_source_only_graph_matrix_aggregation/V5_P2_G1C_SOURCE_ONLY_GRAPH_MATRIX_AGGREGATION.json	30527	299f33cfbc55d82075a6992793540bdc3d237846b1315caab8361efeee8c2e7a	2026-07-27 02:24:21.787376123 +0530
artifacts/v5/p2_g2_contract_supplement/files/reports/v5/p2_g1c_source_only_graph_matrix_aggregation/V5_P2_G1C_SOURCE_ONLY_GRAPH_MATRIX_AGGREGATION_LOCK.json	537	79df8278e9b522d4c3796b30fab72ef75c50263e210830c36122b506254a6f0b	2026-07-27 02:24:21.787376123 +0530
artifacts/v5/p2_g2_contract_supplement/files/reports/v5/p2_g1_source_only_graph_smoke_check/G1_SOURCE_ONLY_GRAPH_SMOKE_CHECK_LOCK.json	1211	0c4718eaa46de79d1ba6fe8636fd7894b1dc383bc159eb9976b151f6ba96a1e2	2026-07-26 21:51:05.040387808 +0530
artifacts/v5/p2_g2_contract_supplement/files/reports/v5/p2_g1_source_only_graph_smoke_check/G1_SOURCE_ONLY_GRAPH_SMOKE_CONTRACT.json	1602	885b0cf8548d208a264935fb525435ea2e055e78c2ef849f0758cec462ec0bdd	2026-07-26 21:51:05.040387808 +0530
artifacts/v5/p2_g2_contract_supplement/files/scripts/v5/p2/train_v5_p2_g1c_source_only_graph_single_run.py	60456	b5590cf4d237908cec658a270521020470b21d8d3b96d14c755a132a5c845c6d	2026-07-26 22:19:05.190057508 +0530
artifacts/v5/p2_g2_implementation_intake/files/reports/v5/p2_g1c_frozen_validation_result/g1_artifact_sha256.txt	18771	9074f2ec817662ae22493fd7855514280ccbf9e72513b792d6596d982cfe140b	2026-07-27 02:28:23.016871126 +0530
artifacts/v5/p2_g2_implementation_intake/files/reports/v5/p2_g1c_frozen_validation_result/g1_decision.txt	695	aede27f98706c0252536f7f79d1e397df2d8a65e3dc7d36e2e6dd9dcd6e7f50d	2026-07-27 02:28:23.017871160 +0530
artifacts/v5/p2_g2_implementation_intake/files/reports/v5/p2_g1c_frozen_validation_result/V5_P2_G1C_VALIDATION_RESULT_FROZEN	0	e3b0c44298fc1c149afbf4c8996fb92427ae41e4649b934ca495991b7852b855	2026-07-27 02:28:23.018871193 +0530
artifacts/v5/p2_g2_implementation_intake/files/reports/v5/p2_g1c_source_only_graph_matrix_aggregation/V5_P2_G1C_PER_SEED_RESULTS.csv	4990	fd2b43b5c7c26e010ca0c0d769a39a163381ade825fc1f5f5d8f71914456e99b	2026-07-27 02:24:21.787376123 +0530
artifacts/v5/p2_g2_implementation_intake/files/reports/v5/p2_g1c_source_only_graph_matrix_aggregation/V5_P2_G1C_SOURCE_ONLY_GRAPH_MATRIX_AGGREGATION_COMPLETE	56	a51219f2839e5a6f3e7f42ed1608c8bdf1468df4ee805e7b9def4c2705c583b5	2026-07-27 02:24:21.787376123 +0530
artifacts/v5/p2_g2_implementation_intake/files/reports/v5/p2_g1c_source_only_graph_matrix_aggregation/V5_P2_G1C_SOURCE_ONLY_GRAPH_MATRIX_AGGREGATION.json	30527	299f33cfbc55d82075a6992793540bdc3d237846b1315caab8361efeee8c2e7a	2026-07-27 02:24:21.787376123 +0530
artifacts/v5/p2_g2_implementation_intake/files/reports/v5/p2_g1c_source_only_graph_matrix_aggregation/V5_P2_G1C_SOURCE_ONLY_GRAPH_MATRIX_AGGREGATION_LOCK.json	537	79df8278e9b522d4c3796b30fab72ef75c50263e210830c36122b506254a6f0b	2026-07-27 02:24:21.787376123 +0530
artifacts/v5/p2_g2_implementation_intake/files/reports/v5/p2_g1c_source_only_graph_matrix_aggregation/V5_P2_G1C_THREE_SEED_SUMMARY.csv	1060	4b66d5f465c1b90d2addaf9d93c4311935401d1fabe9644ea55abfa3595022e9	2026-07-27 02:24:21.787376123 +0530
artifacts/v5/p2_g2_implementation_intake/files/scripts/v5/p2/aggregate_v5_p2_g1c_source_only_graph_training_matrix.py	12746	51300f48cd2bd1f9e6fe34039f23bdd97fee77322574a59aa9f8f5a675407a3b	2026-07-26 22:19:05.190057508 +0530
artifacts/v5/p2_g2_implementation_intake/files/scripts/v5/p2/g1_source_only_graph_smoke.py.before_axis_contract_fix_20260726_215042	68783	991fa52b4023fe17f0f6d306fb956675b0bdaf835bd07db68135c092a2e6fe4e	2026-07-26 21:22:21.207709082 +0530
artifacts/v5/p2_g2_implementation_intake/files/scripts/v5/p2/preflight_v5_p2_g1c_clean_training_implementation.py	14524	804e708cc3b030f396a761206ad1c4bce2b2560abf849e111a10c191bb7ffc63	2026-07-26 22:19:05.190057508 +0530
artifacts/v5/p2_g2_implementation_intake/files/scripts/v5/p2/__pycache__/aggregate_v5_p2_g1c_source_only_graph_training_matrix.cpython-312.pyc	13318	d3e04c44bee0509f2e4e578dbed4e0f0859bd58b0aec3e81560a39865799cfcb	2026-07-26 22:19:05.257058568 +0530
artifacts/v5/p2_g2_implementation_intake/files/scripts/v5/p2/__pycache__/preflight_v5_p2_g1c_clean_training_implementation.cpython-312.pyc	18590	cf51d4d3a871a24bf0fdb890852218af268127b14a7831098e5bf10a24cb2d3d	2026-07-26 22:19:05.254058521 +0530
artifacts/v5/p2_g2_implementation_intake/files/scripts/v5/p2/__pycache__/train_v5_p2_g1c_source_only_graph_single_run.cpython-312.pyc	74144	d6e3d28d289e1b5d638367d484bf7b3cdda217ee3973f06cff2bc86dc5c8ef67	2026-07-26 22:19:05.250058458 +0530
artifacts/v5/p2_g2_implementation_intake/files/scripts/v5/p2/README_G1C.md	3002	180d166ff1071ae3f0bff2301888f0062584369c3708082dd19651ff2fd6bb6c	2026-07-26 22:19:05.192057540 +0530
artifacts/v5/p2_g2_implementation_intake/files/scripts/v5/p2/run_v5_p2_g1c_clean_training_implementation_preflight.sh	2360	13b118b6b3521670eb4795d5f9d4545f0ca1b30d1851294e1201ec2b32b082f3	2026-07-26 22:19:05.190057508 +0530
artifacts/v5/p2_g2_implementation_intake/files/scripts/v5/p2/run_v5_p2_g1c_source_only_graph_aggregation.sh	1213	2bd985c22b5e1afdb96d4dbd95cfe4c87a8c37f432b57f38af9e4cd91536d3ef	2026-07-26 22:19:05.190057508 +0530
artifacts/v5/p2_g2_implementation_intake/files/scripts/v5/p2/run_v5_p2_g1c_source_only_graph_one_run.sh	3446	96599f291f1b5c442c17540e2bf6d8b8a0bde79158d68598b1308ea3d7c43f7e	2026-07-26 22:19:05.190057508 +0530
artifacts/v5/p2_g2_implementation_intake/files/scripts/v5/p2/run_v5_p2_g1c_source_only_graph_training_matrix.sh	2005	1014fcfa6a6e745473ff137398290f936b21df3f601d2160f164e2a0ee1a0ee0	2026-07-26 22:19:05.190057508 +0530
artifacts/v5/p2_g2_implementation_intake/files/scripts/v5/p2/train_v5_p2_g1c_source_only_graph_single_run.py	60456	b5590cf4d237908cec658a270521020470b21d8d3b96d14c755a132a5c845c6d	2026-07-26 22:19:05.190057508 +0530
artifacts/v5/p2_g2_implementation_intake/files/scripts/v5/p2/V5_P2_G1C_PACKAGE_MANIFEST.json	2082	fdb938aa798ec0de9507ed189c1dccc277b4ab3ad3c23888ab8b23f640ed2f38	2026-07-26 22:19:05.192057540 +0530
artifacts/v5/p2_g3_implementation_intake/files/reports/v5/p2_g1c_frozen_validation_result/g1_artifact_sha256.txt	18771	9074f2ec817662ae22493fd7855514280ccbf9e72513b792d6596d982cfe140b	2026-07-27 02:28:23.016871126 +0530
artifacts/v5/p2_g3_implementation_intake/files/reports/v5/p2_g1c_frozen_validation_result/g1_decision.txt	695	aede27f98706c0252536f7f79d1e397df2d8a65e3dc7d36e2e6dd9dcd6e7f50d	2026-07-27 02:28:23.017871160 +0530
artifacts/v5/p2_g3_implementation_intake/files/reports/v5/p2_g1c_frozen_validation_result/V5_P2_G1C_VALIDATION_RESULT_FROZEN	0	e3b0c44298fc1c149afbf4c8996fb92427ae41e4649b934ca495991b7852b855	2026-07-27 02:28:23.018871193 +0530
artifacts/v5/p2_g3_implementation_intake/files/reports/v5/p2_g1c_source_only_graph_matrix_aggregation/V5_P2_G1C_PER_SEED_RESULTS.csv	4990	fd2b43b5c7c26e010ca0c0d769a39a163381ade825fc1f5f5d8f71914456e99b	2026-07-27 02:24:21.787376123 +0530
artifacts/v5/p2_g3_implementation_intake/files/reports/v5/p2_g1c_source_only_graph_matrix_aggregation/V5_P2_G1C_SOURCE_ONLY_GRAPH_MATRIX_AGGREGATION_COMPLETE	56	a51219f2839e5a6f3e7f42ed1608c8bdf1468df4ee805e7b9def4c2705c583b5	2026-07-27 02:24:21.787376123 +0530
artifacts/v5/p2_g3_implementation_intake/files/reports/v5/p2_g1c_source_only_graph_matrix_aggregation/V5_P2_G1C_SOURCE_ONLY_GRAPH_MATRIX_AGGREGATION.json	30527	299f33cfbc55d82075a6992793540bdc3d237846b1315caab8361efeee8c2e7a	2026-07-27 02:24:21.787376123 +0530
artifacts/v5/p2_g3_implementation_intake/files/reports/v5/p2_g1c_source_only_graph_matrix_aggregation/V5_P2_G1C_SOURCE_ONLY_GRAPH_MATRIX_AGGREGATION_LOCK.json	537	79df8278e9b522d4c3796b30fab72ef75c50263e210830c36122b506254a6f0b	2026-07-27 02:24:21.787376123 +0530
artifacts/v5/p2_g3_implementation_intake/files/reports/v5/p2_g1c_source_only_graph_matrix_aggregation/V5_P2_G1C_THREE_SEED_SUMMARY.csv	1060	4b66d5f465c1b90d2addaf9d93c4311935401d1fabe9644ea55abfa3595022e9	2026-07-27 02:24:21.787376123 +0530
artifacts/v5/p2_g3_implementation_intake/files/scripts/v5/p2/aggregate_v5_p2_g1c_source_only_graph_training_matrix.py	12746	51300f48cd2bd1f9e6fe34039f23bdd97fee77322574a59aa9f8f5a675407a3b	2026-07-26 22:19:05.190057508 +0530
artifacts/v5/p2_g3_implementation_intake/files/scripts/v5/p2/preflight_v5_p2_g1c_clean_training_implementation.py	14524	804e708cc3b030f396a761206ad1c4bce2b2560abf849e111a10c191bb7ffc63	2026-07-26 22:19:05.190057508 +0530
artifacts/v5/p2_g3_implementation_intake/files/scripts/v5/p2/README_G1C.md	3002	180d166ff1071ae3f0bff2301888f0062584369c3708082dd19651ff2fd6bb6c	2026-07-26 22:19:05.192057540 +0530
artifacts/v5/p2_g3_implementation_intake/files/scripts/v5/p2/run_v5_p2_g1c_clean_training_implementation_preflight.sh	2360	13b118b6b3521670eb4795d5f9d4545f0ca1b30d1851294e1201ec2b32b082f3	2026-07-26 22:19:05.190057508 +0530
artifacts/v5/p2_g3_implementation_intake/files/scripts/v5/p2/run_v5_p2_g1c_source_only_graph_aggregation.sh	1213	2bd985c22b5e1afdb96d4dbd95cfe4c87a8c37f432b57f38af9e4cd91536d3ef	2026-07-26 22:19:05.190057508 +0530
artifacts/v5/p2_g3_implementation_intake/files/scripts/v5/p2/run_v5_p2_g1c_source_only_graph_one_run.sh	3446	96599f291f1b5c442c17540e2bf6d8b8a0bde79158d68598b1308ea3d7c43f7e	2026-07-26 22:19:05.190057508 +0530
artifacts/v5/p2_g3_implementation_intake/files/scripts/v5/p2/run_v5_p2_g1c_source_only_graph_training_matrix.sh	2005	1014fcfa6a6e745473ff137398290f936b21df3f601d2160f164e2a0ee1a0ee0	2026-07-26 22:19:05.190057508 +0530
artifacts/v5/p2_g3_implementation_intake/files/scripts/v5/p2/train_v5_p2_g1c_source_only_graph_single_run.py	60456	b5590cf4d237908cec658a270521020470b21d8d3b96d14c755a132a5c845c6d	2026-07-26 22:19:05.190057508 +0530
artifacts/v5/p2_g3_implementation_intake/files/scripts/v5/p2/V5_P2_G1C_PACKAGE_MANIFEST.json	2082	fdb938aa798ec0de9507ed189c1dccc277b4ab3ad3c23888ab8b23f640ed2f38	2026-07-26 22:19:05.192057540 +0530
artifacts/v5/p2_preflight_final_evaluator_source_freeze/SOURCE_ONLY_SELF_TEST.log	269	7ac18f48ee2c77126ce05557bf212eea2f8de58c4d27e82ec3295637c7bf56e6	2026-07-30 03:38:44.279927598 +0530
artifacts/v5/p2_preflight_missing_dependency_capture/source_snapshots/task_d_graphconv_model.py	7443	ccdfcb74c1ddab7f20b98c922444873ad76c204ec4b5fd6827d52fb716f11fd9	2026-07-27 15:55:24.888869161 +0530
artifacts/v5/p2_recovery_evaluator_source_freeze/RECOVERY_SOURCE_ONLY_SELF_TEST.log	408	7d422c48e2406f37f3d24a9fc166f25a07c5e6aad7bc65939c859f4a9bcac688	2026-07-30 05:03:18.876801007 +0530
artifacts/v5/p2_recovery_final_no_data_preflight_and_authorization/RECOVERY_FINAL_NO_DATA_SOURCE_ONLY_SELF_TEST.log	408	7d422c48e2406f37f3d24a9fc166f25a07c5e6aad7bc65939c859f4a9bcac688	2026-07-30 05:53:57.720274325 +0530
logs/v5/v5_p0_c0_final_b3_training_protocol_lock.log	610	ab4ad7a5659296dcc691d4be425349e399f0f1fae25e96bc69ae2c892aa75837	2026-07-26 00:50:43.219284930 +0530
logs/v5/v5_p2_b1_training_protocol_lock.log	1000	9e43fc1c8e50d5b8cabd170ca4840a4f20ce8726e68938cfd80d64d385e41faf	2026-07-26 04:12:26.095212171 +0530
logs/v5/v5_p2_b3_seed_checkpoint_selection.log	1087	e0e53f5e40d143355ad5cd2e4a74c9cb7f66dff47dd8f9a91f02518ca13b34ca	2026-07-26 08:03:50.673874237 +0530
logs/v5/v5_p2_g1a_r1_source_only_graph_baseline_preflight.log	397	0ead2478f45ef88c18ecea7b66479b2a2eab65c7f7fe47ae45f1b5822a6ee38d	2026-07-26 14:58:52.397936792 +0530
logs/v5/v5_p2_g1a_source_only_graph_baseline_preflight_HOLD_20260726_145231.log	596	d2705a742d6d1a129fbbcc125cc23796ab7f2f30e5e0beafea2c53b59c3887bb	2026-07-26 14:47:35.460135438 +0530
logs/v5/v5_p2_g1a_source_only_graph_baseline_preflight.log	490	68d3af53ff35c4f9d72a5da16bcb1d2a208065c3886bfc8092b60e2300bc0a89	2026-07-26 14:52:38.503378692 +0530
logs/v5/v5_p2_g1b_r1_source_only_graph_implementation_smoke.log	380	f14b630e92fa5910432483e2a4bee57315c1acd80e71a504020e390be93d36e9	2026-07-26 15:38:44.485975672 +0530
logs/v5/v5_p2_g1b_r2_source_only_graph_implementation_smoke.log	383	05e245803fea97046c7478cf31b109524dfba033cc154908bcceeaaa45072054	2026-07-26 15:42:48.191528126 +0530
logs/v5/v5_p2_g1b_r3_source_only_graph_implementation_smoke.log	589	95b1a27db1f3952940333e73451c72be4e944400e340c2172bc439c421e21b86	2026-07-26 15:50:42.883925520 +0530
logs/v5/v5_p2_g1b_r4_source_only_graph_implementation_smoke.log	589	7b0af1d491eb99ba90f0d75e75f94072944d538fb463f6f1eab502363e38a0d9	2026-07-26 16:03:43.653413191 +0530
logs/v5/v5_p2_g1b_r5_source_only_graph_implementation_smoke.log	721	c783cb38a584092066ea6640033d9dc617edfc273d7f2c6b97d755b78187d204	2026-07-26 16:12:26.023206246 +0530
logs/v5/v5_p2_g1b_source_only_graph_implementation_smoke.log	237	a4a3fe1bb2653cdd333a2d2bf8152baa3f5a5b9370ab652457e5a04e1e5c2f97	2026-07-26 15:34:15.605598022 +0530
logs/v5/v5_p2_g1c_clean_training_implementation_preflight.log	554	6f702c538c31bb3b5452a3f530490ff152d14eb9290bea5d70f9ffb04eff60be	2026-07-26 22:19:18.941277221 +0530
logs/v5/v5_p2_g1c_conv1d_seed_107.log	9614	f5abe827fc17a36a3bdcc9e28d2f28992c1c75f4598d406adf919866fb303aae	2026-07-26 22:44:22.021205657 +0530
logs/v5/v5_p2_g1c_conv1d_seed_117.log	8022	ff3bc17836cadcf16b570a69b95f76a928aceebf5eca89ba9c961509773ec103	2026-07-26 23:53:37.656281250 +0530
logs/v5/v5_p2_g1c_conv1d_seed_127.log	7867	77c479adfb9669622d8e2cc8d78f1b84664a94010da7010bd542b78ccbf1d215	2026-07-27 01:18:26.570674833 +0530
logs/v5/v5_p2_g1c_gatconv_seed_107.log	6995	5886990591fb997b389da8e4b221979a9c7438abedf76023606fb903afaea343	2026-07-26 23:36:40.787407428 +0530
logs/v5/v5_p2_g1c_gatconv_seed_117.log	10857	b190c1e8681f208bde5352cb9e44267a68dd7ba6af919b3f14e1caee64d488c6	2026-07-27 01:01:59.891395073 +0530
logs/v5/v5_p2_g1c_gatconv_seed_127.log	10378	31c5fc9cb792dfc89076973083a3086033accc7af2ff1c023a8cf038e31ba7c6	2026-07-27 02:24:21.140352001 +0530
logs/v5/v5_p2_g1c_gcnconv_seed_107.log	7906	44014ade7fd8a05036b44cf99eec5c6f26681f0ec6f29998ad22c3460423bcfb	2026-07-26 23:01:17.923532027 +0530
logs/v5/v5_p2_g1c_gcnconv_seed_117.log	8213	952f4ec5b2fc723cbd222a331a5f9df7abf148fc483552f5549d63264a9fd37f	2026-07-27 00:11:36.710431773 +0530
logs/v5/v5_p2_g1c_gcnconv_seed_127.log	11535	d2c664c8406f6e4e95f042bb106ce65f9651e28bf8e4e5d264c15058809391c8	2026-07-27 01:43:39.964877648 +0530
logs/v5/v5_p2_g1c_graphconv_seed_107.log	8852	cafcea67526a4edc79801b2ceeae332ff9a5db0da98424368317cd71d71b6b2a	2026-07-26 23:20:41.132791591 +0530
logs/v5/v5_p2_g1c_graphconv_seed_117.log	8347	71acdd8fe4f14a3cd097999f09b338aa792d330452af8da0c9eef55df1d41ec5	2026-07-27 00:29:53.316385238 +0530
logs/v5/v5_p2_g1c_graphconv_seed_127.log	6719	cadc43299433d3ea6089e29fabc42262171a7755fefc2b0770f058b24b45dde9	2026-07-27 02:00:17.277402796 +0530
logs/v5/v5_p2_g1c_source_only_graph_matrix_aggregation.log	597	e1964beac563bdc8b9f7c6cf2f59108a3af19a82a240571487601982d7c4003f	2026-07-27 02:24:21.788376160 +0530
logs/v5/v5_p2_g1c_source_only_graph_training_matrix.log	110749	a5c8117eb4902307fcceb63ce35be9cd4c1a54ded44a1eed69300c3983a48eb5	2026-07-27 02:24:21.793376347 +0530
logs/v5/v5_p2_g1_source_only_graph_smoke_check_HOLD_AXIS_CONTRACT_20260726_215054.log	553	f7228f7bd189d288ed3cc9aa8d8d27693fbd2ee95443c7b80e0163db5dc8eca3	2026-07-26 21:22:35.938112979 +0530
logs/v5/v5_p2_g1_source_only_graph_smoke_check.log	1058	067ea5880c5e1b4107ad578542652eb3d98b70d963ffe73a8194ee990f4ea8f0	2026-07-26 21:51:05.040387808 +0530
logs/v5/v5_p2_g2_gcnconv_seed_107.log	7711	146e4e239af365fca47c93b172a107cd6b11af8a40e57108b1db9389121b535a	2026-07-27 03:37:43.453371523 +0530
logs/v5/v5_p2_g2_gcnconv_seed_117.log	10525	c8ba2bdf7e6c7667e740b3eaeb5c1e61a55dd17d94e24d3ec50823cc08aa71a1	2026-07-27 04:47:13.259308323 +0530
logs/v5/v5_p2_g2_gcnconv_seed_127.log	3699	68e382c3bb9b00daa4dfda89997c52a1b2a7db72e03408f1faa3b4c25c31a348	2026-07-27 05:30:28.774815927 +0530
logs/v5/v5_p2_g2_graphconv_seed_107.log	5026	1986afb03f3fc0775bbfb46ed0055bb2d37c749fcb2674454e48e6e73da20071	2026-07-27 03:56:10.755366057 +0530
logs/v5/v5_p2_g2_graphconv_seed_117.log	4283	dafe26956ea494d9ed0025c03ebfbaf253fd69dfd55f565b4bfea24db50e0d9e	2026-07-27 04:55:34.929770491 +0530
logs/v5/v5_p2_g2_graphconv_seed_127.log	5403	943bd36fb95f22dd75eac2d6b747524c099ec7552b246bcb73f723758474596c	2026-07-27 05:40:47.765509841 +0530
logs/v5/v5_p2_g3_gcnconv_seed_107.log	16611	edd31de5dda1dc4dc38cdf52e2f0abf19f03a2675aecc5bf9da3dcbd9c67d3b2	2026-07-27 09:05:00.412448522 +0530
logs/v5/v5_p2_g3_gcnconv_seed_117.log	15439	9607d6cc33c2934cb530e076b2fc14e969ccd4e826ec75fe12508e3897ddfcce	2026-07-27 10:31:20.464108480 +0530
logs/v5/v5_p2_g3_gcnconv_seed_127.log	14282	ebd15247f0a1afae964bc0d5dc98dc38ed20d83287a62bdd09935cb47fa2cc61	2026-07-27 11:54:26.592173934 +0530
logs/v5/v5_p2_g3_graphconv_seed_107.log	14599	4dacaf92441ea674100c627207738bbf4527e632345e07519c274b43386e33c6	2026-07-27 09:33:38.165694379 +0530
logs/v5/v5_p2_g3_graphconv_seed_117.log	10991	7b457366146e9263e9b01171c8ab0800b2132f8cdea63a6c4c0f7fcfef536b8f	2026-07-27 10:52:23.927958115 +0530
logs/v5/v5_p2_g3_graphconv_seed_127.log	12602	6c6c9b3eb6865642cfcbfdb531bc7bed21dde9c78ffa8c1088ad49883f995dd2	2026-07-27 12:18:54.764224201 +0530
logs/v5/v5_p2_task_d_graphconv_seed_107.log	9537	e97ae40a0147fa16943f86ab4928675577b5f7dd564205fd2847f9a3a8681dea	2026-07-27 17:06:07.739989398 +0530
logs/v5/v5_p2_task_d_graphconv_seed_117.log	15802	85bf1a4579935cec89eae7ba35d27a7ebd5478c936d6a37aaaec98f3e61cc038	2026-07-27 17:57:22.823043906 +0530
logs/v5/v5_p2_task_d_graphconv_seed_127.log	21053	6293bab02f405448d578a0b088f69d065be765215db1f63f5702441841a3a245	2026-07-27 19:02:13.799969497 +0530
logs/v5/v5_p2_task_d_graphconv_seed_137.log	14550	31802be72fbb81d843f7c212bcc42ee782f54c73c9b15925e292449bf2383975	2026-07-27 20:25:43.154893903 +0530
logs/v5/v5_p2_task_d_graphconv_seed_147.log	13841	32c416e560f673793343bdce9ec368b808e6f4a5ba5874bd763f0e817708b69f	2026-07-28 00:07:35.350669058 +0530
reports/v3_failure_analysis/stage9_chrono_round1/g1_graphconv_seed7/g0_equivalence_audit/graphconv_equivalence_audit.json	4850	78bb52aa663d6edb950f66aa1ff20a1bcce8f1971b0405f3b0e0b5e4e8c4616e	2026-07-21 19:50:02.915701341 +0530
reports/v3_failure_analysis/stage9_chrono_round1/g1_graphconv_seed7/g1_0_source_diff_audit/a1_vs_g1_source.diff	4175	1aa1022b846643a69521aae741bd6ce7c9c1311376fb9ed65043a107607bbdb7	2026-07-21 20:02:41.066143207 +0530
reports/v3_failure_analysis/stage9_chrono_round1/g1_graphconv_seed7/g1_0_source_diff_audit/g1_source_diff_audit.json	3643	0892c7f50c57499d6e2e9df65d498181eb4423191edda1eaea9697684562df62	2026-07-21 20:02:41.067143187 +0530
reports/v3_failure_analysis/stage9_chrono_round1/g1_graphconv_seed7/g1_1_dry_preflight/g1_cli_help.txt	1805	f75ed0005344117a3bb35cdfed83d3752ea949d1cfe619fd3853976757871b80	2026-07-21 20:06:57.182807004 +0530
reports/v3_failure_analysis/stage9_chrono_round1/g1_graphconv_seed7/g1_1_dry_preflight/g1_dry_preflight.json	6774	cdc50fc6e73329c215ad3ea5cbc5aee803da456cfb41c5175654871222622d10	2026-07-21 20:06:57.184806991 +0530
reports/v3_failure_analysis/stage9_chrono_round1/g1_graphconv_seed7/g1_1_dry_preflight/g1_frozen_training_arguments.json	1108	f39e196bc28da4f5d80aa45267a5bda50db6af6ee4af1b59d8dd1316f80121ea	2026-07-21 20:06:57.182807004 +0530
reports/v3_failure_analysis/stage9_chrono_round1/g1_graphconv_seed7/g1_2_seed7_training/g1_post_training_integrity.json	7746	df5d80db2085af1c1ee5bf416089f49ddafa07146faf0e3ded38f061a5dc8a02	2026-07-21 20:19:06.963626549 +0530
reports/v3_failure_analysis/stage9_chrono_round1/g1_graphconv_seed7/g1_2_seed7_training/g1_training_command.json	1186	e8a8838d90a5d39aa2f4a5f2b1fbf5d4c14865601f55413158e3c53f80275aef	2026-07-21 20:13:08.659780830 +0530
reports/v3_failure_analysis/stage9_chrono_round1/g1_graphconv_seed7/g1_2_seed7_training/g1_training_console.log	1625093	2c6dee31486fbc0beed33ae30fb6ea4ed70ad583e3a50ffc99fa588e9c19f8d2	2026-07-21 20:19:04.872604995 +0530
reports/v3_failure_analysis/stage9_chrono_round1/g1_graphconv_seed7/g1_3_validation_gate/a1_graph_threshold_sweep.csv	24481	6de247388eeaf09e49dec5ff8502f6899e1b6996fc93c7047a6fc7cb33d35707	2026-07-21 20:37:20.857866208 +0530
reports/v3_failure_analysis/stage9_chrono_round1/g1_graphconv_seed7/g1_3_validation_gate/a1_node_threshold_sweep.csv	41121	b386e0db6fb2de1ce284c25d449407d23dfd8ae5ba0d167faf90491a56089436	2026-07-21 20:37:20.859866307 +0530
reports/v3_failure_analysis/stage9_chrono_round1/g1_graphconv_seed7/g1_3_validation_gate/a1_validation_per_run.csv	785	97df6df2a39db374c19697d6bf6b543dc7f592eadce47c185a40f4763548f311	2026-07-21 20:37:20.861866406 +0530
reports/v3_failure_analysis/stage9_chrono_round1/g1_graphconv_seed7/g1_3_validation_gate/a1_validation_predictions.npz	2667205	51a2f5d76a1c37d3327c0db12393d06d926a3dc847c7a2b091c76c03518d4cde	2026-07-21 20:37:20.750860893 +0530
reports/v3_failure_analysis/stage9_chrono_round1/g1_graphconv_seed7/g1_3_validation_gate/g1_graph_threshold_sweep.csv	24448	e68ed4c1a829e84dc3f5509ef2196f698b22b36c630dd0e44e8698084fe7f77f	2026-07-21 20:37:20.858866257 +0530
reports/v3_failure_analysis/stage9_chrono_round1/g1_graphconv_seed7/g1_3_validation_gate/g1_node_threshold_sweep.csv	41136	5ff3373419f7c4f69b864355950cd00ad6b29f2fc3fa9005a7626491bd807d97	2026-07-21 20:37:20.861866406 +0530
reports/v3_failure_analysis/stage9_chrono_round1/g1_graphconv_seed7/g1_3_validation_gate/g1_validation_gate.csv	1036	5bd287010035768bd18a9d5739d06fc6cd210ec38d289d71c4b2b81bacfd8b61	2026-07-21 20:37:20.861866406 +0530
reports/v3_failure_analysis/stage9_chrono_round1/g1_graphconv_seed7/g1_3_validation_gate/g1_validation_gate.json	9239	b53d22c99c0f244b372688139159f470aa36b1b2562e95399cd792604ddac18c	2026-07-21 20:37:20.862866456 +0530
reports/v3_failure_analysis/stage9_chrono_round1/g1_graphconv_seed7/g1_3_validation_gate/g1_validation_gate.md	260	5cad800d5df748ddaaf58a6921e21ef724c184ac3e9dac2a318d11db26a7f931	2026-07-21 20:37:20.862866456 +0530
reports/v3_failure_analysis/stage9_chrono_round1/g1_graphconv_seed7/g1_3_validation_gate/g1_validation_per_run.csv	766	9b0c1d615f4ef0e0b39bd1611d69bf607d509d7ee155eae5f6d3471c52cd2ba2	2026-07-21 20:37:20.861866406 +0530
reports/v3_failure_analysis/stage9_chrono_round1/g1_graphconv_seed7/g1_3_validation_gate/g1_validation_predictions.npz	2665420	6619492a781bba7bd382ca3fae9ad4f75a4e3020cffd02fcb56507e7e7237379	2026-07-21 20:37:20.856866158 +0530
reports/v3_failure_analysis/stage9_chrono_round1/g1_graphconv_seed7/g1_4_targeted_postmortem_and_closure/g1_closure_artifact_hashes.csv	2797	e1b81fdf75c557d4d41bf0653249e86261b2a5045450512320c4c02d242ada43	2026-07-21 20:52:46.159185776 +0530
reports/v3_failure_analysis/stage9_chrono_round1/g1_graphconv_seed7/g1_4_targeted_postmortem_and_closure/g1_closure_manifest.json	1637	21f1e04b66b748f2ab4b8063f56b1558e4d19c94dc915e52600068cacb47612f	2026-07-21 20:52:46.159185776 +0530
reports/v3_failure_analysis/stage9_chrono_round1/g1_graphconv_seed7/g1_4_targeted_postmortem_and_closure/g1_per_run_validation_deltas.csv	2229	1385e7df272e6b367f006c458cbf08c6b06d37c97339c691ec39c9560465a816	2026-07-21 20:52:46.151185548 +0530
reports/v3_failure_analysis/stage9_chrono_round1/g1_graphconv_seed7/g1_4_targeted_postmortem_and_closure/g1_router_degree_node_activation.csv	955	15cbfc235e39f09f7dbdbc9ed85a7d17547dbc07a2fb033f5771234526c287bb	2026-07-21 20:52:46.151185548 +0530
reports/v3_failure_analysis/stage9_chrono_round1/g1_graphconv_seed7/g1_4_targeted_postmortem_and_closure/g1_targeted_postmortem.json	20603	38ad01a7cb23a85b1764fed1a07de2b25dd48d6e6a534c79d875c9dd21615c1f	2026-07-21 20:52:46.152185576 +0530
reports/v3_failure_analysis/stage9_chrono_round1/g1_graphconv_seed7/g1_4_targeted_postmortem_and_closure/g1_targeted_postmortem.md	1325	a04e446ed5b2d0cebede87ac4d44ea6a5db19b844a4618444e95d8b6aad8ee5f	2026-07-21 20:52:46.152185576 +0530
reports/v4/stage1_a4a/a4a_2b_validation_selection_v2/checkpoint_selection_summary.csv	12748	31d4589725490803798f2330122f1bee487cbd7653f7dcbfcfcbea6a7a1a6f7f	2026-07-25 01:53:37.530105377 +0530
reports/v5/p0_c0_final_b3_training_protocol_lock/V5_P0_C0_FINAL_B3_PROTOCOL.json	5892	dc345753ce2cbfcb89bc460cb6b9369bd3bb50cd0bfce50d863cba5881f69dac	2026-07-26 00:50:43.218284902 +0530
reports/v5/p0_c0_final_b3_training_protocol_lock/V5_P0_C0_FINAL_B3_PROTOCOL.md	1529	6783735a636c99e7597025a8dc40e83947cdf75eadcea0e346ce9022716b08c2	2026-07-26 00:50:43.218284902 +0530
reports/v5/p0_c0_final_b3_training_protocol_lock/V5_P0_C0_FINAL_B3_TRAINING_PROTOCOL_LOCK_COMPLETE	50	17bfd15b2d5e34f1f91b6f5db5745127a162a7050a9b992629a7d0194eec06e8	2026-07-26 00:50:43.219284930 +0530
reports/v5/p0_c0_final_b3_training_protocol_lock/V5_P0_C0_FINAL_B3_TRAINING_PROTOCOL_LOCK.json	7904	e8af4a9f5b0463f2108cda0ad87bbd2b3913cd3c152e77214f478b8d816e9e5a	2026-07-26 00:50:43.219284930 +0530
reports/v5/p0_c0_final_b3_training_protocol_lock/V5_P0_C0_FINAL_B3_TRAINING_PROTOCOL_LOCK_LOCK.json	840	38cff2a5905367b546b203da7850b87afb81d87f8fca2bfe415cc1f20604f2f7	2026-07-26 00:50:43.219284930 +0530
reports/v5/p0_final_results_archive_and_p2_handoff/archive/V5_P0_C0_FINAL_B3_TRAINING_PROTOCOL_LOCK.json	7904	e8af4a9f5b0463f2108cda0ad87bbd2b3913cd3c152e77214f478b8d816e9e5a	2026-07-26 00:50:43.219284930 +0530
reports/v5/p0_final_results_archive_and_p2_handoff/archive/V5_P0_C0_FINAL_B3_TRAINING_PROTOCOL_LOCK_LOCK.json	840	38cff2a5905367b546b203da7850b87afb81d87f8fca2bfe415cc1f20604f2f7	2026-07-26 00:50:43.219284930 +0530
reports/v5/p2_b1_training_protocol_lock/V5_P2_B1_TRAINING_PROTOCOL.json	8316	e18253eb2545b453ffbfb3f627d8646307d7a0c3e9da337547f5d061553baa4a	2026-07-26 04:12:26.094212155 +0530
reports/v5/p2_b1_training_protocol_lock/V5_P2_B1_TRAINING_PROTOCOL_LOCK_COMPLETE	41	e225c820baedc57b7866677982be77089141852289e61dd28fec25b30c76e289	2026-07-26 04:12:26.095212171 +0530
reports/v5/p2_b1_training_protocol_lock/V5_P2_B1_TRAINING_PROTOCOL_LOCK.json	11434	523aa60c95d20f2223e43882ca7fb1077148c2b731f8f101c439451f6d8aa9b4	2026-07-26 04:12:26.095212171 +0530
reports/v5/p2_b1_training_protocol_lock/V5_P2_B1_TRAINING_PROTOCOL_LOCK_LOCK.json	1154	4bfbf2a555899a841c445c576b2431cb4eb8cfaea5a7d8c6698d022744f89587	2026-07-26 04:12:26.095212171 +0530
reports/v5/p2_b1_training_protocol_lock/V5_P2_B1_TRAINING_PROTOCOL.md	1972	5f7c828d8b352efdc16635836758b3bfcd0f3423a5fb1091ea27d31bbf49fc9b	2026-07-26 04:12:26.094212155 +0530
reports/v5/p2_b3_seed_checkpoint_selection/V5_P2_B3_SEED_AND_CHECKPOINT_SELECTION_COMPLETE	48	9106d2878aa2cf3d226848e84e1a121b802d53930fb8453b23066949449e13e1	2026-07-26 08:03:50.673874237 +0530
reports/v5/p2_b3_seed_checkpoint_selection/V5_P2_B3_SEED_AND_CHECKPOINT_SELECTION.json	8349	b3f3497f5ecb67749dd564c9d729931ceb33ee50808e4c17fed31523d786e7aa	2026-07-26 08:03:50.672874169 +0530
reports/v5/p2_b3_seed_checkpoint_selection/V5_P2_B3_SEED_AND_CHECKPOINT_SELECTION_LOCK.json	1388	2c252c59b8dab2331dbc25d4e43b5a6a15b0cf7865b42ad943df567fc665a090	2026-07-26 08:03:50.673874237 +0530
reports/v5/p2_b3_seed_checkpoint_selection/V5_P2_B3_SELECTED_CHECKPOINT_MANIFEST.json	6201	54040ff0cd8f61cb640b71ae715612661fbd76cdd7dfc06725c1ed098406248a	2026-07-26 08:03:50.672874169 +0530
reports/v5/p2_g1a_r1_source_only_graph_baseline_preflight/V5_P2_G1A_R1_SOURCE_ONLY_GRAPH_BASELINE_PREFLIGHT_HOLD	55	7c930260128b1f545c0b1b5d8c64f7d12ed7475d786f5ace4a715ac1775320e4	2026-07-26 14:58:52.397936792 +0530
reports/v5/p2_g1a_r1_source_only_graph_baseline_preflight/V5_P2_G1A_R1_SOURCE_ONLY_GRAPH_BASELINE_PREFLIGHT.json	9275	a2c03ef7cb35f51d2354ae04c3d932c07c70da1d2651acd153b76efaa055844d	2026-07-26 14:58:52.397936792 +0530
reports/v5/p2_g1a_r1_source_only_graph_baseline_preflight/V5_P2_G1A_R1_SOURCE_ONLY_GRAPH_BASELINE_PREFLIGHT_LOCK.json	1196	bcf49b27799278ebab674bdc440bf18122c618e0e9c63a2d55fde2cdfde2b231	2026-07-26 14:58:52.397936792 +0530
reports/v5/p2_g1a_r1_source_only_graph_baseline_preflight/V5_P2_G1A_R1_SOURCE_ONLY_GRAPH_BASELINE_PREFLIGHT.md	735	aa76ff4fb2f009170589579e7aae84d3d31abbf977a060d6951be79b87f4ab55	2026-07-26 14:58:52.397936792 +0530
reports/v5/p2_g1a_source_only_graph_baseline_preflight_HOLD_20260726_145231/V5_P2_G1A_SOURCE_ONLY_GRAPH_BASELINE_PREFLIGHT_HOLD	52	0ef80d30ad0efdf3142d8f0be7c03d47f70a58f08840f216bf201f19319c5735	2026-07-26 14:47:35.460135438 +0530
reports/v5/p2_g1a_source_only_graph_baseline_preflight_HOLD_20260726_145231/V5_P2_G1A_SOURCE_ONLY_GRAPH_BASELINE_PREFLIGHT.json	6001	9cbfdad4588796e1ff38e30c5995657b63efa3a9afbaec1c9da83151b6a45852	2026-07-26 14:47:35.460135438 +0530
reports/v5/p2_g1a_source_only_graph_baseline_preflight_HOLD_20260726_145231/V5_P2_G1A_SOURCE_ONLY_GRAPH_BASELINE_PREFLIGHT_LOCK.json	935	a764a41e389579a899f2cd0d7dcba2acf2a3d3b1dcff5d7c061b45b988993386	2026-07-26 14:47:35.460135438 +0530
reports/v5/p2_g1a_source_only_graph_baseline_preflight_HOLD_20260726_145231/V5_P2_G1A_SOURCE_ONLY_GRAPH_BASELINE_PREFLIGHT.md	610	991589f2f1a04a9f6a2a44d7d784269b1e30836e04ca0fd1f87bdeb2e0b9cdf1	2026-07-26 14:47:35.460135438 +0530
reports/v5/p2_g1a_source_only_graph_baseline_preflight/V5_P2_G1A_SOURCE_ONLY_GRAPH_BASELINE_PREFLIGHT_HOLD	52	0ef80d30ad0efdf3142d8f0be7c03d47f70a58f08840f216bf201f19319c5735	2026-07-26 14:52:38.503378692 +0530
reports/v5/p2_g1a_source_only_graph_baseline_preflight/V5_P2_G1A_SOURCE_ONLY_GRAPH_BASELINE_PREFLIGHT.json	7727	57c82ce376d0a34354207fdbc9adc57b068e13c84ac83dc287ac88de73abb6ef	2026-07-26 14:52:38.503378692 +0530
reports/v5/p2_g1a_source_only_graph_baseline_preflight/V5_P2_G1A_SOURCE_ONLY_GRAPH_BASELINE_PREFLIGHT_LOCK.json	935	7c700c11396a34428a17ddbe5b87ea9c0aa59b52299740d8dfbd67a22173e772	2026-07-26 14:52:38.503378692 +0530
reports/v5/p2_g1a_source_only_graph_baseline_preflight/V5_P2_G1A_SOURCE_ONLY_GRAPH_BASELINE_PREFLIGHT.md	617	311585da7866dced65cc1a5157a2127a5cfe9212b90940b5d4048a37bf4596bb	2026-07-26 14:52:38.503378692 +0530
reports/v5/p2_g1b_r1_source_only_graph_implementation_smoke/V5_P2_G1B_R1_SOURCE_ONLY_GRAPH_IMPLEMENTATION_SMOKE_HOLD	57	029f805f471bd9f682ff479d98c56bc8c915316672e4f424ab942a7074298d96	2026-07-26 15:38:44.485975672 +0530
reports/v5/p2_g1b_r1_source_only_graph_implementation_smoke/V5_P2_G1B_R1_SOURCE_ONLY_GRAPH_IMPLEMENTATION_SMOKE.json	1371	f9c903bb7dbef8390dcf8d3c5ecd966c43717460197e496b64a55c9a61bcfe91	2026-07-26 15:38:44.484975624 +0530
reports/v5/p2_g1b_r1_source_only_graph_implementation_smoke/V5_P2_G1B_R1_SOURCE_ONLY_GRAPH_IMPLEMENTATION_SMOKE_LOCK.json	1252	f5074d5e6117f1ce6fcabfdf9c7e00b5074dd96908e611f393ded25c628aee0a	2026-07-26 15:38:44.485975672 +0530
reports/v5/p2_g1b_r1_source_only_graph_implementation_smoke/V5_P2_G1B_R1_SOURCE_ONLY_GRAPH_IMPLEMENTATION_SMOKE.md	526	f640d484bb498861f48502f1431d6112ec4e1a969b1c93014e30e88d606fda0b	2026-07-26 15:38:44.484975624 +0530
reports/v5/p2_g1b_r2_source_only_graph_implementation_smoke/V5_P2_G1B_R2_SOURCE_ONLY_GRAPH_IMPLEMENTATION_SMOKE_HOLD	57	66899f70db8bbf50b5a994d51a0858446453c5eb2eb6de77914b87d02fb2d40a	2026-07-26 15:42:48.191528126 +0530
reports/v5/p2_g1b_r2_source_only_graph_implementation_smoke/V5_P2_G1B_R2_SOURCE_ONLY_GRAPH_IMPLEMENTATION_SMOKE.json	1418	0c1f8cb3f3d510e6924877e0b8f202d22e74a4ca61753f397d1368668fe8edf7	2026-07-26 15:42:48.191528126 +0530
reports/v5/p2_g1b_r2_source_only_graph_implementation_smoke/V5_P2_G1B_R2_SOURCE_ONLY_GRAPH_IMPLEMENTATION_SMOKE_LOCK.json	1406	77c6daff744bfbef0b78dd4f147ef07aa3d3c5c570859c26d71d6feec8f568b1	2026-07-26 15:42:48.191528126 +0530
reports/v5/p2_g1b_r2_source_only_graph_implementation_smoke/V5_P2_G1B_R2_SOURCE_ONLY_GRAPH_IMPLEMENTATION_SMOKE.md	529	8afa46b3638623bbe850608fb5e35c306e3b0679763ffab5f1484b5600296671	2026-07-26 15:42:48.191528126 +0530
reports/v5/p2_g1b_r3_source_only_graph_implementation_smoke/V5_P2_G1B_R3_SOURCE_ONLY_GRAPH_IMPLEMENTATION_SMOKE_HOLD	57	57144486541f7f1e6d15d74d7ef988258aa6b8ef74b4b3d431bba425b8d97837	2026-07-26 15:50:42.883925520 +0530
reports/v5/p2_g1b_r3_source_only_graph_implementation_smoke/V5_P2_G1B_R3_SOURCE_ONLY_GRAPH_IMPLEMENTATION_SMOKE.json	1674	569a57e071e89760c20021fe7809d4c6fede8eed591b46d3cae1cc3e89eba2e4	2026-07-26 15:50:42.882925484 +0530
reports/v5/p2_g1b_r3_source_only_graph_implementation_smoke/V5_P2_G1B_R3_SOURCE_ONLY_GRAPH_IMPLEMENTATION_SMOKE_LOCK.json	1560	26f091d2e42811332d9a2ef1847250415c850f9f886ff1cb9ee651ab43a134d2	2026-07-26 15:50:42.883925520 +0530
reports/v5/p2_g1b_r3_source_only_graph_implementation_smoke/V5_P2_G1B_R3_SOURCE_ONLY_GRAPH_IMPLEMENTATION_SMOKE.md	529	7bcd42805030fef0c8a9c89470ea228dc6e63a742c1b2cc3df9c4b678a8f1683	2026-07-26 15:50:42.882925484 +0530
reports/v5/p2_g1b_r4_source_only_graph_implementation_smoke/V5_P2_G1B_R4_SOURCE_ONLY_GRAPH_IMPLEMENTATION_SMOKE_HOLD	57	61c033dee945313f5b06f443134cb42ae7934fa28cd58f6aaaed957ac57ce27a	2026-07-26 16:03:43.653413191 +0530
reports/v5/p2_g1b_r4_source_only_graph_implementation_smoke/V5_P2_G1B_R4_SOURCE_ONLY_GRAPH_IMPLEMENTATION_SMOKE.json	1853	87379967ed406e3165bd1bdf87692106f56894cfc68fdc6c0c460e46901690e8	2026-07-26 16:03:43.652413149 +0530
reports/v5/p2_g1b_r4_source_only_graph_implementation_smoke/V5_P2_G1B_R4_SOURCE_ONLY_GRAPH_IMPLEMENTATION_SMOKE_LOCK.json	1560	4ea5620349cafa9dfa425c3f6b9eb754859cdff67fe7b7b28da680785e158e92	2026-07-26 16:03:43.653413191 +0530
reports/v5/p2_g1b_r4_source_only_graph_implementation_smoke/V5_P2_G1B_R4_SOURCE_ONLY_GRAPH_IMPLEMENTATION_SMOKE.md	642	d936c5b0081d5e6e92c4b13a1dc62af7f6fa22d0d217676b54a4e7c020042006	2026-07-26 16:03:43.653413191 +0530
reports/v5/p2_g1b_source_only_graph_implementation_smoke/V5_P2_G1B_SOURCE_ONLY_GRAPH_IMPLEMENTATION_SMOKE_HOLD	54	ea40b3af2c264489faa16c50345b83d0380f363a521cca30400da1ecc622d310	2026-07-26 15:34:15.605598022 +0530
reports/v5/p2_g1b_source_only_graph_implementation_smoke/V5_P2_G1B_SOURCE_ONLY_GRAPH_IMPLEMENTATION_SMOKE.json	1190	ce49f6ba499f56b5559531cec63da0da43edfd7a0e90248d70fbfbe1ca74f46a	2026-07-26 15:34:15.604597971 +0530
reports/v5/p2_g1b_source_only_graph_implementation_smoke/V5_P2_G1B_SOURCE_ONLY_GRAPH_IMPLEMENTATION_SMOKE_LOCK.json	1060	9bbb837140f51f6beddaa3c55837a7b7b8f06b8b7037af5a39690f8422e499ab	2026-07-26 15:34:15.604597971 +0530
reports/v5/p2_g1b_source_only_graph_implementation_smoke/V5_P2_G1B_SOURCE_ONLY_GRAPH_IMPLEMENTATION_SMOKE.md	526	f640d484bb498861f48502f1431d6112ec4e1a969b1c93014e30e88d606fda0b	2026-07-26 15:34:15.604597971 +0530
reports/v5/p2_g1c_clean_training_implementation_preflight/V5_P2_G1C_CLEAN_TRAINING_IMPLEMENTATION_PREFLIGHT_COMPLETE	59	b7c410e1b7fb5853c508e5a969d489e9f79a0db4578a28d592572455d72be116	2026-07-26 22:19:18.941277221 +0530
reports/v5/p2_g1c_clean_training_implementation_preflight/V5_P2_G1C_CLEAN_TRAINING_IMPLEMENTATION_PREFLIGHT.json	4565	98e9c4ade72b9ef7ae509ed14d637a2b18aa30a823fc1f79453f085759e4ece1	2026-07-26 22:19:18.940277205 +0530
reports/v5/p2_g1c_clean_training_implementation_preflight/V5_P2_G1C_CLEAN_TRAINING_IMPLEMENTATION_PREFLIGHT_LOCK.json	943	3f564bc2fabc2586b6f8809526563c3e9ff589929bf3c7f44bd0a2ed8ed6cb30	2026-07-26 22:19:18.941277221 +0530
reports/v5/p2_g1c_frozen_training_contract_extract_20260726_215903.txt	118813	60490fd10047d1bd6ab6d4cd4261fc02fff55193b811e0f0c3d4f07758369556	2026-07-26 21:59:03.139956440 +0530
reports/v5/p2_g1c_frozen_validation_result/g1_artifact_sha256.txt	18771	9074f2ec817662ae22493fd7855514280ccbf9e72513b792d6596d982cfe140b	2026-07-27 02:28:23.016871126 +0530
reports/v5/p2_g1c_frozen_validation_result/g1_decision.txt	695	aede27f98706c0252536f7f79d1e397df2d8a65e3dc7d36e2e6dd9dcd6e7f50d	2026-07-27 02:28:23.017871160 +0530
reports/v5/p2_g1c_frozen_validation_result/V5_P2_G1C_VALIDATION_RESULT_FROZEN	0	e3b0c44298fc1c149afbf4c8996fb92427ae41e4649b934ca495991b7852b855	2026-07-27 02:28:23.018871193 +0530
reports/v5/p2_g1c_source_only_graph_matrix_aggregation/V5_P2_G1C_PER_SEED_RESULTS.csv	4990	fd2b43b5c7c26e010ca0c0d769a39a163381ade825fc1f5f5d8f71914456e99b	2026-07-27 02:24:21.787376123 +0530
reports/v5/p2_g1c_source_only_graph_matrix_aggregation/V5_P2_G1C_SOURCE_ONLY_GRAPH_MATRIX_AGGREGATION_COMPLETE	56	a51219f2839e5a6f3e7f42ed1608c8bdf1468df4ee805e7b9def4c2705c583b5	2026-07-27 02:24:21.787376123 +0530
reports/v5/p2_g1c_source_only_graph_matrix_aggregation/V5_P2_G1C_SOURCE_ONLY_GRAPH_MATRIX_AGGREGATION.json	30527	299f33cfbc55d82075a6992793540bdc3d237846b1315caab8361efeee8c2e7a	2026-07-27 02:24:21.787376123 +0530
reports/v5/p2_g1c_source_only_graph_matrix_aggregation/V5_P2_G1C_SOURCE_ONLY_GRAPH_MATRIX_AGGREGATION_LOCK.json	537	79df8278e9b522d4c3796b30fab72ef75c50263e210830c36122b506254a6f0b	2026-07-27 02:24:21.787376123 +0530
reports/v5/p2_g1c_source_only_graph_matrix_aggregation/V5_P2_G1C_THREE_SEED_SUMMARY.csv	1060	4b66d5f465c1b90d2addaf9d93c4311935401d1fabe9644ea55abfa3595022e9	2026-07-27 02:24:21.787376123 +0530
reports/v5/p2_g1c_source_only_graph_training/conv1d/seed_107/V5_P2_G1C_CONV1D_SEED_107_HISTORY.csv	13383	444ccdc45fea391bf54c1584cab04a7c9ed43fc94a50c466d2052291af22793c	2026-07-26 22:44:17.717983767 +0530
reports/v5/p2_g1c_source_only_graph_training/conv1d/seed_107/V5_P2_G1C_CONV1D_SEED_107_PROGRESS.json	1838	6519d1c3ee72d3c7bdbc565d9bfb0a85ed0d0ddb228e16f9247eb380f70787e7	2026-07-26 22:44:17.717983767 +0530
reports/v5/p2_g1c_source_only_graph_training/conv1d/seed_107/V5_P2_G1C_CONV1D_SEED_107_THRESHOLD_SWEEP.csv	83976	3bd27c72ddc655d00a80bfdfd2b3540dc66daf6a30c42f7a7838b866283ccbac	2026-07-26 22:44:21.196163171 +0530
reports/v5/p2_g1c_source_only_graph_training/conv1d/seed_107/V5_P2_G1C_CONV1D_SEED_107_VALIDATION_PREDICTIONS.npz	767467	523b7bc2c212386c78c134f37b59f654ae21bd0d4750df816d9ee2d89e80d10d	2026-07-26 22:44:21.214164098 +0530
reports/v5/p2_g1c_source_only_graph_training/conv1d/seed_107/V5_P2_G1C_SOURCE_ONLY_GRAPH_SINGLE_RUN_COMPLETE	48	5edacc69e908ae65f83e3fbebbf4f9228de807ee1dc6ccb7d68031778beedd68	2026-07-26 22:44:22.020205605 +0530
reports/v5/p2_g1c_source_only_graph_training/conv1d/seed_107/V5_P2_G1C_SOURCE_ONLY_GRAPH_SINGLE_RUN.json	11369	1ce2b9465a2fc5dbafa7c60c3a5a4251b191fc65631d4c04ba66e4e984bee73e	2026-07-26 22:44:22.020205605 +0530
reports/v5/p2_g1c_source_only_graph_training/conv1d/seed_107/V5_P2_G1C_SOURCE_ONLY_GRAPH_SINGLE_RUN_TRAINING_STARTED	56	1edb713b8cf601af0837f1608dd541bf0b7a6a1c5e662b36fe17b3357a8f7237	2026-07-26 22:21:09.040177285 +0530
reports/v5/p2_g1c_source_only_graph_training/conv1d/seed_117/V5_P2_G1C_CONV1D_SEED_117_HISTORY.csv	11118	96edd09da7fad4306bb300b0cb3d2ddda0da5193b714725c4bcc03cd6f3d04a7	2026-07-26 23:53:33.319927184 +0530
reports/v5/p2_g1c_source_only_graph_training/conv1d/seed_117/V5_P2_G1C_CONV1D_SEED_117_PROGRESS.json	1836	6296c15d608a136df018beef937cc415c9526c64905797e34c5d3326b012ca62	2026-07-26 23:53:33.319927184 +0530
reports/v5/p2_g1c_source_only_graph_training/conv1d/seed_117/V5_P2_G1C_CONV1D_SEED_117_THRESHOLD_SWEEP.csv	84078	d0f2df833ccd8a733cbece3849e38f45559a01b863ab001738e771eb6203311d	2026-07-26 23:53:36.833214189 +0530
reports/v5/p2_g1c_source_only_graph_training/conv1d/seed_117/V5_P2_G1C_CONV1D_SEED_117_VALIDATION_PREDICTIONS.npz	781045	fbc8cc9c70b4fcd461f1db366ae50d1815d1e5e75cb1b10dfe1d3dede04e4731	2026-07-26 23:53:36.851215657 +0530
reports/v5/p2_g1c_source_only_graph_training/conv1d/seed_117/V5_P2_G1C_SOURCE_ONLY_GRAPH_SINGLE_RUN_COMPLETE	48	5edacc69e908ae65f83e3fbebbf4f9228de807ee1dc6ccb7d68031778beedd68	2026-07-26 23:53:37.656281250 +0530
reports/v5/p2_g1c_source_only_graph_training/conv1d/seed_117/V5_P2_G1C_SOURCE_ONLY_GRAPH_SINGLE_RUN.json	11359	29a572cfbfa96c6a3a4d14f6586c52d3f60212a246df57be64da180227aab8bd	2026-07-26 23:53:37.656281250 +0530
reports/v5/p2_g1c_source_only_graph_training/conv1d/seed_117/V5_P2_G1C_SOURCE_ONLY_GRAPH_SINGLE_RUN_TRAINING_STARTED	56	1edb713b8cf601af0837f1608dd541bf0b7a6a1c5e662b36fe17b3357a8f7237	2026-07-26 23:36:43.598465597 +0530
reports/v5/p2_g1c_source_only_graph_training/conv1d/seed_127/V5_P2_G1C_CONV1D_SEED_127_HISTORY.csv	10921	5efe081d301b7896a6c203b28d5a89814bee2215866dd8f7c1c097f6cf4b1caf	2026-07-27 01:18:22.435581400 +0530
reports/v5/p2_g1c_source_only_graph_training/conv1d/seed_127/V5_P2_G1C_CONV1D_SEED_127_PROGRESS.json	1837	43ab9d1b7d667a93ad898ac6798f4e1097351903a7257d3a9d5624ddc5bf4124	2026-07-27 01:18:22.435581400 +0530
reports/v5/p2_g1c_source_only_graph_training/conv1d/seed_127/V5_P2_G1C_CONV1D_SEED_127_THRESHOLD_SWEEP.csv	83765	a2ac8fb47588d607e74a61cff92fc0d2dbf4955315db15e0abe176396d17bd10	2026-07-27 01:18:25.631653595 +0530
reports/v5/p2_g1c_source_only_graph_training/conv1d/seed_127/V5_P2_G1C_CONV1D_SEED_127_VALIDATION_PREDICTIONS.npz	779758	2998014169df29ca205391642a7786c9ccf30c3f3004d316634e55b07348ae5f	2026-07-27 01:18:25.647653957 +0530
reports/v5/p2_g1c_source_only_graph_training/conv1d/seed_127/V5_P2_G1C_SOURCE_ONLY_GRAPH_SINGLE_RUN_COMPLETE	48	5edacc69e908ae65f83e3fbebbf4f9228de807ee1dc6ccb7d68031778beedd68	2026-07-27 01:18:26.570674833 +0530
reports/v5/p2_g1c_source_only_graph_training/conv1d/seed_127/V5_P2_G1C_SOURCE_ONLY_GRAPH_SINGLE_RUN.json	11361	3058e5875eee58d867c3d966a0e380b975230354a316fdf3c4477c59aeea80a9	2026-07-27 01:18:26.569674811 +0530
reports/v5/p2_g1c_source_only_graph_training/conv1d/seed_127/V5_P2_G1C_SOURCE_ONLY_GRAPH_SINGLE_RUN_TRAINING_STARTED	56	1edb713b8cf601af0837f1608dd541bf0b7a6a1c5e662b36fe17b3357a8f7237	2026-07-27 01:02:02.611345853 +0530
reports/v5/p2_g1c_source_only_graph_training/gatconv/seed_107/V5_P2_G1C_GATCONV_SEED_107_HISTORY.csv	9653	129cc52c7e9edb7ebb1ae72655c8641b4a43c6b37482d7a0c4b2cb6d7dc9cfa0	2026-07-26 23:36:35.813304625 +0530
reports/v5/p2_g1c_source_only_graph_training/gatconv/seed_107/V5_P2_G1C_GATCONV_SEED_107_PROGRESS.json	1834	a2ea985b021ae7e368487f7e82d3f5639b61aad15d41d0f38fc3cb9439327f6e	2026-07-26 23:36:35.813304625 +0530
reports/v5/p2_g1c_source_only_graph_training/gatconv/seed_107/V5_P2_G1C_GATCONV_SEED_107_THRESHOLD_SWEEP.csv	84095	b5bbe76044562478f62afca7c21d1f0adb63327b791eadccf303a88b4431446e	2026-07-26 23:36:39.689384720 +0530
reports/v5/p2_g1c_source_only_graph_training/gatconv/seed_107/V5_P2_G1C_GATCONV_SEED_107_VALIDATION_PREDICTIONS.npz	633253	f78fb981cd38684cdd68e85ecda09afbb5559d1aa9a486251e7c85a280bc5814	2026-07-26 23:36:39.706385072 +0530
reports/v5/p2_g1c_source_only_graph_training/gatconv/seed_107/V5_P2_G1C_SOURCE_ONLY_GRAPH_SINGLE_RUN_COMPLETE	48	5edacc69e908ae65f83e3fbebbf4f9228de807ee1dc6ccb7d68031778beedd68	2026-07-26 23:36:40.787407428 +0530
reports/v5/p2_g1c_source_only_graph_training/gatconv/seed_107/V5_P2_G1C_SOURCE_ONLY_GRAPH_SINGLE_RUN.json	11609	4a13fb19a16b75af3fe517b93335f6893ce53395cdd45387dd4287d0162b57a9	2026-07-26 23:36:40.787407428 +0530
reports/v5/p2_g1c_source_only_graph_training/gatconv/seed_107/V5_P2_G1C_SOURCE_ONLY_GRAPH_SINGLE_RUN_TRAINING_STARTED	56	1edb713b8cf601af0837f1608dd541bf0b7a6a1c5e662b36fe17b3357a8f7237	2026-07-26 23:20:43.873797881 +0530
reports/v5/p2_g1c_source_only_graph_training/gatconv/seed_117/V5_P2_G1C_GATCONV_SEED_117_HISTORY.csv	15033	dee9bf6ba3d4caa5283eae6e5c388b43f1f52e963e18d2e6b8c333c68394a771	2026-07-27 01:01:55.129482922 +0530
reports/v5/p2_g1c_source_only_graph_training/gatconv/seed_117/V5_P2_G1C_GATCONV_SEED_117_PROGRESS.json	1841	fd49bf9c4079883dd3b210cd5ab0b1dc4323e96be13b60c9bc92448c418f0bce	2026-07-27 01:01:55.129482922 +0530
reports/v5/p2_g1c_source_only_graph_training/gatconv/seed_117/V5_P2_G1C_GATCONV_SEED_117_THRESHOLD_SWEEP.csv	84834	2a09b4930e6e53f39b624bd58c4e220fa5a5d782f2ded0ada2351db044d41b2b	2026-07-27 01:01:58.790415198 +0530
reports/v5/p2_g1c_source_only_graph_training/gatconv/seed_117/V5_P2_G1C_GATCONV_SEED_117_VALIDATION_PREDICTIONS.npz	547573	a8256cf7502810704bdfc08dd7596b2f58b4e0ecbae93e4df4fd462e5fe91062	2026-07-27 01:01:58.807414886 +0530
reports/v5/p2_g1c_source_only_graph_training/gatconv/seed_117/V5_P2_G1C_SOURCE_ONLY_GRAPH_SINGLE_RUN_COMPLETE	48	5edacc69e908ae65f83e3fbebbf4f9228de807ee1dc6ccb7d68031778beedd68	2026-07-27 01:01:59.891395073 +0530
reports/v5/p2_g1c_source_only_graph_training/gatconv/seed_117/V5_P2_G1C_SOURCE_ONLY_GRAPH_SINGLE_RUN.json	11603	f4d3c3f9f9b1d2e5447c5041df588b6169c0b7731cfed7e120137fe25f597f5a	2026-07-27 01:01:59.891395073 +0530
reports/v5/p2_g1c_source_only_graph_training/gatconv/seed_117/V5_P2_G1C_SOURCE_ONLY_GRAPH_SINGLE_RUN_TRAINING_STARTED	56	1edb713b8cf601af0837f1608dd541bf0b7a6a1c5e662b36fe17b3357a8f7237	2026-07-27 00:29:56.121623974 +0530
reports/v5/p2_g1c_source_only_graph_training/gatconv/seed_127/V5_P2_G1C_GATCONV_SEED_127_HISTORY.csv	14355	efac528f8dd4ee0b9dedd7182b5571d80a878021ef2149d295281cc68b687c44	2026-07-27 02:24:16.552180702 +0530
reports/v5/p2_g1c_source_only_graph_training/gatconv/seed_127/V5_P2_G1C_GATCONV_SEED_127_PROGRESS.json	1840	444b05369a8739fba2a8c50b50f1c1f2b265624e38466a971cfb2d1f8f7b7963	2026-07-27 02:24:16.552180702 +0530
reports/v5/p2_g1c_source_only_graph_training/gatconv/seed_127/V5_P2_G1C_GATCONV_SEED_127_THRESHOLD_SWEEP.csv	84006	b8844a7a3296b9f38a694a7fc5bac10afad9f5bfd4e13c9651cb677d2b957143	2026-07-27 02:24:20.032310672 +0530
reports/v5/p2_g1c_source_only_graph_training/gatconv/seed_127/V5_P2_G1C_GATCONV_SEED_127_VALIDATION_PREDICTIONS.npz	755371	f87cdc8c902eff395a376523e9f007998ff00b7f1bd1d01fee18ac8fc375ebcd	2026-07-27 02:24:20.048311268 +0530
reports/v5/p2_g1c_source_only_graph_training/gatconv/seed_127/V5_P2_G1C_SOURCE_ONLY_GRAPH_SINGLE_RUN_COMPLETE	48	5edacc69e908ae65f83e3fbebbf4f9228de807ee1dc6ccb7d68031778beedd68	2026-07-27 02:24:21.140352001 +0530
reports/v5/p2_g1c_source_only_graph_training/gatconv/seed_127/V5_P2_G1C_SOURCE_ONLY_GRAPH_SINGLE_RUN.json	11607	386fd00b1fb1f4bdbf19e4fa4c9b48d19de21e6f4ae7ddbcb2e5fd08338edc78	2026-07-27 02:24:21.140352001 +0530
reports/v5/p2_g1c_source_only_graph_training/gatconv/seed_127/V5_P2_G1C_SOURCE_ONLY_GRAPH_SINGLE_RUN_TRAINING_STARTED	56	1edb713b8cf601af0837f1608dd541bf0b7a6a1c5e662b36fe17b3357a8f7237	2026-07-27 02:00:20.111445436 +0530
reports/v5/p2_g1c_source_only_graph_training/gcnconv/seed_107/V5_P2_G1C_GCNCONV_SEED_107_HISTORY.csv	10915	3aa69cdd07c48d08045169387b4523d352220d0e459e7f6c1a10fb178ba7e3ec	2026-07-26 23:01:13.084369821 +0530
reports/v5/p2_g1c_source_only_graph_training/gcnconv/seed_107/V5_P2_G1C_GCNCONV_SEED_107_PROGRESS.json	1840	2e67ee4d8db08655c26b681ed2763cd14d9dbdc86a737061e602ad8ea82e039a	2026-07-26 23:01:13.085369854 +0530
reports/v5/p2_g1c_source_only_graph_training/gcnconv/seed_107/V5_P2_G1C_GCNCONV_SEED_107_THRESHOLD_SWEEP.csv	83791	061a03cf0dddb28d2d3fb491b32be321eba66cc1cc4f7bcc523e9a48fc4afee1	2026-07-26 23:01:16.959499723 +0530
reports/v5/p2_g1c_source_only_graph_training/gcnconv/seed_107/V5_P2_G1C_GCNCONV_SEED_107_VALIDATION_PREDICTIONS.npz	749125	d53522d5ec9344fbf01a5db2945854464d399f8a08b0149c615792d3422b767f	2026-07-26 23:01:16.977500327 +0530
reports/v5/p2_g1c_source_only_graph_training/gcnconv/seed_107/V5_P2_G1C_SOURCE_ONLY_GRAPH_SINGLE_RUN_COMPLETE	48	5edacc69e908ae65f83e3fbebbf4f9228de807ee1dc6ccb7d68031778beedd68	2026-07-26 23:01:17.923532027 +0530
reports/v5/p2_g1c_source_only_graph_training/gcnconv/seed_107/V5_P2_G1C_SOURCE_ONLY_GRAPH_SINGLE_RUN.json	11539	e106db9fb310d5250e0e3d51ae375280f6a9b5dd24ea8f0adfc44d10ad91df67	2026-07-26 23:01:17.923532027 +0530
reports/v5/p2_g1c_source_only_graph_training/gcnconv/seed_107/V5_P2_G1C_SOURCE_ONLY_GRAPH_SINGLE_RUN_TRAINING_STARTED	56	1edb713b8cf601af0837f1608dd541bf0b7a6a1c5e662b36fe17b3357a8f7237	2026-07-26 22:44:24.753346138 +0530
reports/v5/p2_g1c_source_only_graph_training/gcnconv/seed_117/V5_P2_G1C_GCNCONV_SEED_117_HISTORY.csv	11377	bff8c87b558ae748a01e9faa46f451d523c156e90ceacf7d71f1fcf61d50ef6e	2026-07-27 00:11:32.240259324 +0530
reports/v5/p2_g1c_source_only_graph_training/gcnconv/seed_117/V5_P2_G1C_GCNCONV_SEED_117_PROGRESS.json	1826	d075de44440357e4d021dcb734f1d8078112fd527b7640d0854e41df878eccdc	2026-07-27 00:11:32.240259324 +0530
reports/v5/p2_g1c_source_only_graph_training/gcnconv/seed_117/V5_P2_G1C_GCNCONV_SEED_117_THRESHOLD_SWEEP.csv	84101	cbaed0c9010ad2f8424890adc1e75d966099cb70ff2d519c823a9853c75e7211	2026-07-27 00:11:35.772395605 +0530
reports/v5/p2_g1c_source_only_graph_training/gcnconv/seed_117/V5_P2_G1C_GCNCONV_SEED_117_VALIDATION_PREDICTIONS.npz	780511	69a42da27ebb5e67903b62869d09550c6427c11089a82553661bdf627ccefa6e	2026-07-27 00:11:35.789396261 +0530
reports/v5/p2_g1c_source_only_graph_training/gcnconv/seed_117/V5_P2_G1C_SOURCE_ONLY_GRAPH_SINGLE_RUN_COMPLETE	48	5edacc69e908ae65f83e3fbebbf4f9228de807ee1dc6ccb7d68031778beedd68	2026-07-27 00:11:36.710431773 +0530
reports/v5/p2_g1c_source_only_graph_training/gcnconv/seed_117/V5_P2_G1C_SOURCE_ONLY_GRAPH_SINGLE_RUN.json	11524	e9027845e1cc62534fffe5299477d9861e627c7633b8049f103bacb4773d6d13	2026-07-27 00:11:36.710431773 +0530
reports/v5/p2_g1c_source_only_graph_training/gcnconv/seed_117/V5_P2_G1C_SOURCE_ONLY_GRAPH_SINGLE_RUN_TRAINING_STARTED	56	1edb713b8cf601af0837f1608dd541bf0b7a6a1c5e662b36fe17b3357a8f7237	2026-07-26 23:53:40.367501711 +0530
reports/v5/p2_g1c_source_only_graph_training/gcnconv/seed_127/V5_P2_G1C_GCNCONV_SEED_127_HISTORY.csv	16030	34eafc49a340d74275671d7ae0f001a1c6afb30042eed97c44ad9b6de217d0ff	2026-07-27 01:43:35.800881205 +0530
reports/v5/p2_g1c_source_only_graph_training/gcnconv/seed_127/V5_P2_G1C_GCNCONV_SEED_127_PROGRESS.json	1837	7844f68a0171844c8c6e15d368e5b6bfdfd09eee03b36f3709c5e5f9f197214f	2026-07-27 01:43:35.800881205 +0530
reports/v5/p2_g1c_source_only_graph_training/gcnconv/seed_127/V5_P2_G1C_GCNCONV_SEED_127_THRESHOLD_SWEEP.csv	84033	edd376ae3fc56534c90f03db24932b0b3ac56f07624908d048da58e42d57a7a9	2026-07-27 01:43:39.020878399 +0530
reports/v5/p2_g1c_source_only_graph_training/gcnconv/seed_127/V5_P2_G1C_GCNCONV_SEED_127_VALIDATION_PREDICTIONS.npz	718086	6085f50c23aeabb55f220434a0fef21a89da368a6d7498f1099e58417702ccd7	2026-07-27 01:43:39.037878385 +0530
reports/v5/p2_g1c_source_only_graph_training/gcnconv/seed_127/V5_P2_G1C_SOURCE_ONLY_GRAPH_SINGLE_RUN_COMPLETE	48	5edacc69e908ae65f83e3fbebbf4f9228de807ee1dc6ccb7d68031778beedd68	2026-07-27 01:43:39.964877648 +0530
reports/v5/p2_g1c_source_only_graph_training/gcnconv/seed_127/V5_P2_G1C_SOURCE_ONLY_GRAPH_SINGLE_RUN.json	11578	56441a764c50a7ca43e3ce5ef918c707cd3ab07100022a9d51b08738ffdd89bc	2026-07-27 01:43:39.964877648 +0530
reports/v5/p2_g1c_source_only_graph_training/gcnconv/seed_127/V5_P2_G1C_SOURCE_ONLY_GRAPH_SINGLE_RUN_TRAINING_STARTED	56	1edb713b8cf601af0837f1608dd541bf0b7a6a1c5e662b36fe17b3357a8f7237	2026-07-27 01:18:29.345737667 +0530
reports/v5/p2_g1c_source_only_graph_training/graphconv/seed_107/V5_P2_G1C_GRAPHCONV_SEED_107_HISTORY.csv	12129	e00dbaa6b7ef405d459d4737dda6bc01171315d86f36b876e52e36fe21ccdffe	2026-07-26 23:20:37.096782912 +0530
reports/v5/p2_g1c_source_only_graph_training/graphconv/seed_107/V5_P2_G1C_GRAPHCONV_SEED_107_PROGRESS.json	1839	2a0867b406c983f2a430aecc9b8fe7f2c6005d41f4e31f3ec542d0cc437ca0f4	2026-07-26 23:20:37.096782912 +0530
reports/v5/p2_g1c_source_only_graph_training/graphconv/seed_107/V5_P2_G1C_GRAPHCONV_SEED_107_THRESHOLD_SWEEP.csv	84150	23b0e65f1500dcf7959c2bc6a1e23beba9950140c03cb3692eb71b087b997281	2026-07-26 23:20:40.236789606 +0530
reports/v5/p2_g1c_source_only_graph_training/graphconv/seed_107/V5_P2_G1C_GRAPHCONV_SEED_107_VALIDATION_PREDICTIONS.npz	784050	e741ba88ada1cbe54956c848445c9055d097c4a89f71f4df58bf5cf37e6a4b68	2026-07-26 23:20:40.253789643 +0530
reports/v5/p2_g1c_source_only_graph_training/graphconv/seed_107/V5_P2_G1C_SOURCE_ONLY_GRAPH_SINGLE_RUN_COMPLETE	48	5edacc69e908ae65f83e3fbebbf4f9228de807ee1dc6ccb7d68031778beedd68	2026-07-26 23:20:41.132791591 +0530
reports/v5/p2_g1c_source_only_graph_training/graphconv/seed_107/V5_P2_G1C_SOURCE_ONLY_GRAPH_SINGLE_RUN.json	11582	c8c9600997441f6b23f1a62df6bea1a1418d0341a8dffb08dfba2e3ef97ba411	2026-07-26 23:20:41.132791591 +0530
reports/v5/p2_g1c_source_only_graph_training/graphconv/seed_107/V5_P2_G1C_SOURCE_ONLY_GRAPH_SINGLE_RUN_TRAINING_STARTED	56	1edb713b8cf601af0837f1608dd541bf0b7a6a1c5e662b36fe17b3357a8f7237	2026-07-26 23:01:20.674624183 +0530
reports/v5/p2_g1c_source_only_graph_training/graphconv/seed_117/V5_P2_G1C_GRAPHCONV_SEED_117_HISTORY.csv	11433	e52a64c0b210ba9250d2ffeb6c00ee71a026e81d13884e340a2c549d83e02da7	2026-07-27 00:29:48.226950434 +0530
reports/v5/p2_g1c_source_only_graph_training/graphconv/seed_117/V5_P2_G1C_GRAPHCONV_SEED_117_PROGRESS.json	1840	978423fe79b63644d85eca1c44a5c76e7d9c94ece875fbf55cf759c0e831ea63	2026-07-27 00:29:48.226950434 +0530
reports/v5/p2_g1c_source_only_graph_training/graphconv/seed_117/V5_P2_G1C_GRAPHCONV_SEED_117_THRESHOLD_SWEEP.csv	84070	9a9d1674145023bde84caa1ac75c00517fe3d3ee07132c1b7e8c908f3960a0d0	2026-07-27 00:29:52.359303638 +0530
reports/v5/p2_g1c_source_only_graph_training/graphconv/seed_117/V5_P2_G1C_GRAPHCONV_SEED_117_VALIDATION_PREDICTIONS.npz	779331	ba5a2e0415236003c1639194a34dbf98e1644345fd874c0737ceb4d4b67ee091	2026-07-27 00:29:52.378305258 +0530
reports/v5/p2_g1c_source_only_graph_training/graphconv/seed_117/V5_P2_G1C_SOURCE_ONLY_GRAPH_SINGLE_RUN_COMPLETE	48	5edacc69e908ae65f83e3fbebbf4f9228de807ee1dc6ccb7d68031778beedd68	2026-07-27 00:29:53.316385238 +0530
reports/v5/p2_g1c_source_only_graph_training/graphconv/seed_117/V5_P2_G1C_SOURCE_ONLY_GRAPH_SINGLE_RUN.json	11630	b472226794c352b198c9c3262f7fdd0bf7e272ca55de7d00334193eb54ac47b7	2026-07-27 00:29:53.316385238 +0530
reports/v5/p2_g1c_source_only_graph_training/graphconv/seed_117/V5_P2_G1C_SOURCE_ONLY_GRAPH_SINGLE_RUN_TRAINING_STARTED	56	1edb713b8cf601af0837f1608dd541bf0b7a6a1c5e662b36fe17b3357a8f7237	2026-07-27 00:11:39.382534746 +0530
reports/v5/p2_g1c_source_only_graph_training/graphconv/seed_127/V5_P2_G1C_GRAPHCONV_SEED_127_HISTORY.csv	9148	e92ab9552a8e9b108f79543951024b88ebfb988b912bbe2a8fa3f84326558e06	2026-07-27 02:00:13.152340804 +0530
reports/v5/p2_g1c_source_only_graph_training/graphconv/seed_127/V5_P2_G1C_GRAPHCONV_SEED_127_PROGRESS.json	1838	b252c4b3a12bc1030f71d2a26bb726f3071e430d92e779c0b446a083ee339ac4	2026-07-27 02:00:13.152340804 +0530
reports/v5/p2_g1c_source_only_graph_training/graphconv/seed_127/V5_P2_G1C_GRAPHCONV_SEED_127_THRESHOLD_SWEEP.csv	83968	1ac88bde706ff6ea0e739b4140862a45b5108c6d99e47a139903f75ffcb896c2	2026-07-27 02:00:16.368389128 +0530
reports/v5/p2_g1c_source_only_graph_training/graphconv/seed_127/V5_P2_G1C_GRAPHCONV_SEED_127_VALIDATION_PREDICTIONS.npz	777661	30eac6573cae2b5400ef490c066ccd12a463beb2926f93baa4d440cee2bd35d1	2026-07-27 02:00:16.385389383 +0530
reports/v5/p2_g1c_source_only_graph_training/graphconv/seed_127/V5_P2_G1C_SOURCE_ONLY_GRAPH_SINGLE_RUN_COMPLETE	48	5edacc69e908ae65f83e3fbebbf4f9228de807ee1dc6ccb7d68031778beedd68	2026-07-27 02:00:17.277402796 +0530
reports/v5/p2_g1c_source_only_graph_training/graphconv/seed_127/V5_P2_G1C_SOURCE_ONLY_GRAPH_SINGLE_RUN.json	11633	08208b1e1c7f59d835312896b52fec78f865021c06dd4288e1d65f39eff20813	2026-07-27 02:00:17.277402796 +0530
reports/v5/p2_g1c_source_only_graph_training/graphconv/seed_127/V5_P2_G1C_SOURCE_ONLY_GRAPH_SINGLE_RUN_TRAINING_STARTED	56	1edb713b8cf601af0837f1608dd541bf0b7a6a1c5e662b36fe17b3357a8f7237	2026-07-27 01:43:42.750875623 +0530
reports/v5/p2_g1c_source_only_graph_training_matrix.pid	5	ade40f3ed9265c86b63357bbd8730f71893f755c68d6512db49f7e2a9bc5abfa	2026-07-26 22:21:02.948066086 +0530
reports/v5/p2_g1c_training_matrix_inventory_20260726_215633.txt	20675	28bd1aebb670ff010c883fa764b60875543b0c360c5101313d366b6c7393d1fb	2026-07-26 21:56:35.493254311 +0530
reports/v5/p2_g1_source_only_graph_smoke_check/G1_SOURCE_ONLY_GRAPH_SMOKE_CHECK_LOCK.json	1211	0c4718eaa46de79d1ba6fe8636fd7894b1dc383bc159eb9976b151f6ba96a1e2	2026-07-26 21:51:05.040387808 +0530
reports/v5/p2_g1_source_only_graph_smoke_check/G1_SOURCE_ONLY_GRAPH_SMOKE_CHECK.md	302	3586c87b5d36364c1b0d6ed875d412ba8bba0cfe57b2a4581054aadf228085b0	2026-07-26 21:51:05.040387808 +0530
reports/v5/p2_g1_source_only_graph_smoke_check/G1_SOURCE_ONLY_GRAPH_SMOKE_CONTRACT.json	1602	885b0cf8548d208a264935fb525435ea2e055e78c2ef849f0758cec462ec0bdd	2026-07-26 21:51:05.040387808 +0530
reports/v5/p2_g1_source_only_graph_smoke_check_HOLD_AXIS_CONTRACT_20260726_215054/G1_SOURCE_ONLY_GRAPH_SMOKE_CHECK_LOCK.json	1076	5f7d60b5fdedb26b96838d5607fd44d2f366a4e4fb2961d6d03b9e41e7018f99	2026-07-26 21:22:35.938112979 +0530
reports/v5/p2_g1_source_only_graph_smoke_check_HOLD_AXIS_CONTRACT_20260726_215054/G1_SOURCE_ONLY_GRAPH_SMOKE_CHECK.md	298	b91b1a82a4b1d38d0a447a6853778eada1e7e85e69b1ff554b16f8776c68633e	2026-07-26 21:22:35.938112979 +0530
reports/v5/p2_g1_source_only_graph_smoke_check_HOLD_AXIS_CONTRACT_20260726_215054/V5_P2_G1_SOURCE_ONLY_GRAPH_SMOKE_CHECK_HOLD	44	ad8adb6e310f29dca111ddda2bf7e6a659f15ba438446d9ba9ce4cb62449abee	2026-07-26 21:22:35.938112979 +0530
reports/v5/p2_g1_source_only_graph_smoke_check_HOLD_AXIS_CONTRACT_20260726_215054/V5_P2_G1_SOURCE_ONLY_GRAPH_SMOKE_CHECK.json	2078	39a4c36d8378714d70b8b33bc0311e8f075853c6b4cfc5ac3ebdd62c03e97d51	2026-07-26 21:22:35.938112979 +0530
reports/v5/p2_g1_source_only_graph_smoke_check/V5_P2_G1_SOURCE_ONLY_GRAPH_SMOKE_CHECK_COMPLETE	48	ed94e56b941e79a4aa1aca55729dec0eb261433122a4402592a446a76867b373	2026-07-26 21:51:05.040387808 +0530
reports/v5/p2_g1_source_only_graph_smoke_check/V5_P2_G1_SOURCE_ONLY_GRAPH_SMOKE_CHECK.json	26116	c8da65c8953076ad430896f70c58350b1d47de27080fef09cd29f3ae51e353e0	2026-07-26 21:51:05.040387808 +0530
reports/v5/p2_g1_source_only_graph_smoke_fix/after_patch_component_hashes.sha256	483	8546c86c312018210666a15becabc34de2d90c31a6d042d41bdea13f76d2c2fc	2026-07-26 21:50:48.862936751 +0530
reports/v5/p2_g1_source_only_graph_smoke_fix/before_patch.sha256	333	0fb3f4ba4b11dd1ad85818065a3bd81effeff1d47ea74c9bfa4cfe8ff73e0103	2026-07-26 21:50:42.498760324 +0530
reports/v5/p2_g2_direct_graph_training/gcnconv/seed_107/progress.json	1109	fbfaac5ac83a95f5fef52eedd545346543e58213b599090ed41ebcee91e09ae7	2026-07-27 03:37:37.816281526 +0530
reports/v5/p2_g2_direct_graph_training/gcnconv/seed_107/training_history.csv	7882	bd85c260b8692855cf0ed6cbc8c1a7a42bc4431515a9d591a1b91f346c1b26fd	2026-07-27 03:37:37.815281510 +0530
reports/v5/p2_g2_direct_graph_training/gcnconv/seed_107/V5_P2_G2_DIRECT_GRAPH_SINGLE_RUN_COMPLETE	42	2a7b3f24bcef960cd23c152decd600ccb438d0ee93c39701f32e297efd7a42f5	2026-07-27 03:37:43.453371523 +0530
reports/v5/p2_g2_direct_graph_training/gcnconv/seed_107/V5_P2_G2_DIRECT_GRAPH_SINGLE_RUN.json	9300	d91935e8b2b84a3657b5deff33e1038bc506177cffa5f4c679f86ad9a3991083	2026-07-27 03:37:43.453371523 +0530
reports/v5/p2_g2_direct_graph_training/gcnconv/seed_107/V5_P2_G2_DIRECT_GRAPH_SINGLE_RUN_TRAINING_STARTED	26	37112e102a6c64f18891870d2ba72eee0ce4cb1024de4e716b716a399f9a4541	2026-07-27 03:21:19.744088123 +0530
reports/v5/p2_g2_direct_graph_training/gcnconv/seed_107/validation_graph_threshold_sweep.csv	134655	4e40fe0d91f90c3772064b73b553293464dc5cfbca341f3051e47b19fd7345d4	2026-07-27 03:37:42.323353453 +0530
reports/v5/p2_g2_direct_graph_training/gcnconv/seed_107/validation_predictions.npz	47502	a5fa8d7d937acc49f7a88950a8bd857415150545c4607346aec89c725bfd1b35	2026-07-27 03:37:42.326353501 +0530
reports/v5/p2_g2_direct_graph_training/gcnconv/seed_117/progress.json	1113	91ea6b77f1ad21f7c6454a0618b6f67cb93c3df84174b95e309a302236c02ae8	2026-07-27 04:47:09.633220788 +0530
reports/v5/p2_g2_direct_graph_training/gcnconv/seed_117/training_history.csv	10857	eb56b786ccf1dd28dcf957f9c08f20b573ee8ee9fc7df3048a7c74ca555fbd82	2026-07-27 04:47:09.632220764 +0530
reports/v5/p2_g2_direct_graph_training/gcnconv/seed_117/V5_P2_G2_DIRECT_GRAPH_SINGLE_RUN_COMPLETE	42	2a7b3f24bcef960cd23c152decd600ccb438d0ee93c39701f32e297efd7a42f5	2026-07-27 04:47:13.259308323 +0530
reports/v5/p2_g2_direct_graph_training/gcnconv/seed_117/V5_P2_G2_DIRECT_GRAPH_SINGLE_RUN.json	9292	a9e4e8dfb302a58fbaa890b91c2f0a641d41f0b938d05f4c0e39bb7845b205ac	2026-07-27 04:47:13.259308323 +0530
reports/v5/p2_g2_direct_graph_training/gcnconv/seed_117/V5_P2_G2_DIRECT_GRAPH_SINGLE_RUN_TRAINING_STARTED	26	3deb8c5c9bc4699966db1177d0d48e8f91820521d2fe0eca7afab19fe8cfe759	2026-07-27 04:24:49.467848602 +0530
reports/v5/p2_g2_direct_graph_training/gcnconv/seed_117/validation_graph_threshold_sweep.csv	144504	b10b49ce69766058090de26ebcf5f2a61b1f8ab3d897541240624ec98f7c1781	2026-07-27 04:47:12.334285988 +0530
reports/v5/p2_g2_direct_graph_training/gcnconv/seed_117/validation_predictions.npz	47562	df91bccdd27f93af09b9ffa78347e98ac98038d36b2a29a1f0436e27d4e3d514	2026-07-27 04:47:12.335286012 +0530
reports/v5/p2_g2_direct_graph_training/gcnconv/seed_127/progress.json	1108	69762eeddf65676dc96f2474ae545f26a2155d1caed879793b701190990fbf1d	2026-07-27 05:30:25.375694580 +0530
reports/v5/p2_g2_direct_graph_training/gcnconv/seed_127/training_history.csv	3648	602400129ebb48037e12d1f95f206b13bf2f73cbcd06349c9fdedf117d25690b	2026-07-27 05:30:25.374694544 +0530
reports/v5/p2_g2_direct_graph_training/gcnconv/seed_127/V5_P2_G2_DIRECT_GRAPH_SINGLE_RUN_COMPLETE	42	2a7b3f24bcef960cd23c152decd600ccb438d0ee93c39701f32e297efd7a42f5	2026-07-27 05:30:28.774815927 +0530
reports/v5/p2_g2_direct_graph_training/gcnconv/seed_127/V5_P2_G2_DIRECT_GRAPH_SINGLE_RUN.json	9295	b4868db51db536962d44a7516663de76c3e88ca1c82ad0df2a8d4aded93fe973	2026-07-27 05:30:28.774815927 +0530
reports/v5/p2_g2_direct_graph_training/gcnconv/seed_127/V5_P2_G2_DIRECT_GRAPH_SINGLE_RUN_TRAINING_STARTED	26	1e1ca6136758508f41abdba7e3e2e8c1f3817bcc5023a97ab05d979a65453a85	2026-07-27 05:23:34.547796230 +0530
reports/v5/p2_g2_direct_graph_training/gcnconv/seed_127/validation_graph_threshold_sweep.csv	129368	d3e28dd8b5333a32f4190380205acd54cdf1c55e25d23e9e33a58b8be722e215	2026-07-27 05:30:27.853783049 +0530
reports/v5/p2_g2_direct_graph_training/gcnconv/seed_127/validation_predictions.npz	47528	635213688fed77b9a2338fd39d4cf14832b3384f46912bae87d6f053baab6689	2026-07-27 05:30:27.854783085 +0530
reports/v5/p2_g2_direct_graph_training/graphconv/seed_107/progress.json	1112	91f13bdd348a56663734d77234909ba2aea8b2c80763bd8982e1c6cfb3ee6876	2026-07-27 03:56:04.861964906 +0530
reports/v5/p2_g2_direct_graph_training/graphconv/seed_107/training_history.csv	5004	95429ff03e969ae8543094d52968266c731deaf3575792b6a326719a626b884c	2026-07-27 03:56:04.860964838 +0530
reports/v5/p2_g2_direct_graph_training/graphconv/seed_107/V5_P2_G2_DIRECT_GRAPH_SINGLE_RUN_COMPLETE	42	2a7b3f24bcef960cd23c152decd600ccb438d0ee93c39701f32e297efd7a42f5	2026-07-27 03:56:10.755366057 +0530
reports/v5/p2_g2_direct_graph_training/graphconv/seed_107/V5_P2_G2_DIRECT_GRAPH_SINGLE_RUN.json	9316	141d806d53f106a7eea772d0119f6dbc165d27fbd96c47f36556740b0e41f19c	2026-07-27 03:56:10.755366057 +0530
reports/v5/p2_g2_direct_graph_training/graphconv/seed_107/V5_P2_G2_DIRECT_GRAPH_SINGLE_RUN_TRAINING_STARTED	28	9ea99364bf6fd3cea0a05aa0adb739e563c6f8ad4d40f3736bee89321ec43a56	2026-07-27 03:37:48.729456077 +0530
reports/v5/p2_g2_direct_graph_training/graphconv/seed_107/validation_graph_threshold_sweep.csv	129353	0acb8ff9f82d5c27e370778e71fe7007d1cf8a8509ac544d85f20cb7d64ffeed	2026-07-27 03:56:09.761298567 +0530
reports/v5/p2_g2_direct_graph_training/graphconv/seed_107/validation_predictions.npz	46945	81475f0a2ccc7060180ea1dcd5bfebe36770cc8c347862fe64df512fb7e2ff12	2026-07-27 03:56:09.764298770 +0530
reports/v5/p2_g2_direct_graph_training/graphconv/seed_117/progress.json	1109	26a7a90ad8594edbe897e92256f413e535b4d2030b3cc43ad9350cc021dc4d1f	2026-07-27 04:55:31.313678858 +0530
reports/v5/p2_g2_direct_graph_training/graphconv/seed_117/training_history.csv	4249	4b9f1fd98efa5675ab3a48c2d6cfc8618e2ec92bdffaabc634601a555db6f025	2026-07-27 04:55:31.313678858 +0530
reports/v5/p2_g2_direct_graph_training/graphconv/seed_117/V5_P2_G2_DIRECT_GRAPH_SINGLE_RUN_COMPLETE	42	2a7b3f24bcef960cd23c152decd600ccb438d0ee93c39701f32e297efd7a42f5	2026-07-27 04:55:34.929770491 +0530
reports/v5/p2_g2_direct_graph_training/graphconv/seed_117/V5_P2_G2_DIRECT_GRAPH_SINGLE_RUN.json	9368	10a03c3be1a7dcffcaeaeaa5e398bd6fb6670bce3faeb9b9720cac10babb104b	2026-07-27 04:55:34.929770491 +0530
reports/v5/p2_g2_direct_graph_training/graphconv/seed_117/V5_P2_G2_DIRECT_GRAPH_SINGLE_RUN_TRAINING_STARTED	28	2082340692e748c50e450b20c4a3f13589dc55514580b97ddf858b87ee8af6e8	2026-07-27 04:47:16.658390423 +0530
reports/v5/p2_g2_direct_graph_training/graphconv/seed_117/validation_graph_threshold_sweep.csv	135941	a95d21df4b9f19e30097bde4d2af0c445c9eeb5d7f3cb420452ae566f210b854	2026-07-27 04:55:34.048748164 +0530
reports/v5/p2_g2_direct_graph_training/graphconv/seed_117/validation_predictions.npz	47084	c603e7fff45c129489e8500651a965c522e04893bf20030ffe82befbae5dfde8	2026-07-27 04:55:34.050748215 +0530
reports/v5/p2_g2_direct_graph_training/graphconv/seed_127/progress.json	1113	3950e48139a13ef59df4ee475359f91a4274d5bf3b0a192f07a469bff4a3313d	2026-07-27 05:40:44.434423942 +0530
reports/v5/p2_g2_direct_graph_training/graphconv/seed_127/training_history.csv	5423	bfe0026b6338121e45669baa49814feb3924a21ada2719e56f71096b1702cfcf	2026-07-27 05:40:44.434423942 +0530
reports/v5/p2_g2_direct_graph_training/graphconv/seed_127/V5_P2_G2_DIRECT_GRAPH_SINGLE_RUN_COMPLETE	42	2a7b3f24bcef960cd23c152decd600ccb438d0ee93c39701f32e297efd7a42f5	2026-07-27 05:40:47.764509814 +0530
reports/v5/p2_g2_direct_graph_training/graphconv/seed_127/V5_P2_G2_DIRECT_GRAPH_SINGLE_RUN.json	9343	022e5095470848616913d4a929bfbc6e4481a8a0989dc78de0198d3e5f415436	2026-07-27 05:40:47.764509814 +0530
reports/v5/p2_g2_direct_graph_training/graphconv/seed_127/V5_P2_G2_DIRECT_GRAPH_SINGLE_RUN_TRAINING_STARTED	28	4b9be73ba5b84c00c7b3284d8cee2637892337326b0d34004d0380c9dd9899c6	2026-07-27 05:30:31.960929649 +0530
reports/v5/p2_g2_direct_graph_training/graphconv/seed_127/validation_graph_threshold_sweep.csv	121227	592b99cb7834a0c6d58aee465da52a0b714a027790588fbc498c8f3080a3a933	2026-07-27 05:40:46.851486256 +0530
reports/v5/p2_g2_direct_graph_training/graphconv/seed_127/validation_predictions.npz	37584	a76c0703bae2e03b215122d81f4491b172ec4e2e14ec24f28832c8dba129000d	2026-07-27 05:40:46.853486307 +0530
reports/v5/p2_g3_role_aware_multilabel_training/gcnconv/seed_107/V5_P2_G3_GCNCONV_SEED_107_HISTORY.csv	27886	6a48d24db8c3f659b5fc0982f2bb9c688992df7a12070be8bcc95023ba3c6b6d	2026-07-27 09:04:53.592238177 +0530
reports/v5/p2_g3_role_aware_multilabel_training/gcnconv/seed_107/V5_P2_G3_GCNCONV_SEED_107_PROGRESS.json	377	097759b07bacac582c8c6e1d97befe973035470b3d3b282d8d76943559c70af4	2026-07-27 09:04:53.593238207 +0530
reports/v5/p2_g3_role_aware_multilabel_training/gcnconv/seed_107/V5_P2_G3_GCNCONV_SEED_107_THRESHOLD_SWEEP.csv	364200	04db66275020fe55062160718dc37166a4ee7803815f553eca04a48237609fbd	2026-07-27 09:04:58.933402960 +0530
reports/v5/p2_g3_role_aware_multilabel_training/gcnconv/seed_107/V5_P2_G3_GCNCONV_SEED_107_VALIDATION_PREDICTIONS.npz	3169382	3f6c34551f833621ca7181fac94f79328ee95abba0fc911457d329755c1fd5c4	2026-07-27 09:04:59.475419660 +0530
reports/v5/p2_g3_role_aware_multilabel_training/gcnconv/seed_107/V5_P2_G3_ROLE_AWARE_MULTILABEL_SINGLE_RUN_COMPLETE	51	f766c364695c601a57070a3df79e80c5d1180b5d2ceb5de88faf87d15cfd5ba4	2026-07-27 09:05:00.412448522 +0530
reports/v5/p2_g3_role_aware_multilabel_training/gcnconv/seed_107/V5_P2_G3_ROLE_AWARE_MULTILABEL_SINGLE_RUN.json	18761	d85d1731b41345fb920ed50d7629cfc1596c22c1ff0b72ab1a0aaf2c4ac93512	2026-07-27 09:05:00.409448429 +0530
reports/v5/p2_g3_role_aware_multilabel_training/gcnconv/seed_107/V5_P2_G3_ROLE_AWARE_MULTILABEL_SINGLE_RUN_LOCK.json	767	0a18f4eaa4fa91c38a1b8d3613937bf451eb5519e1e9261b84389eacf17285c7	2026-07-27 09:05:00.412448522 +0530
reports/v5/p2_g3_role_aware_multilabel_training/gcnconv/seed_107/V5_P2_G3_ROLE_AWARE_MULTILABEL_SINGLE_RUN_TRAINING_STARTED	59	e6ef4d85b9eebe2f7a51efd27266edb07094f9b6c23bb0e0076011c3aa0ab111	2026-07-27 08:32:02.603841450 +0530
reports/v5/p2_g3_role_aware_multilabel_training/gcnconv/seed_117/V5_P2_G3_GCNCONV_SEED_117_HISTORY.csv	25877	3899acb268dc84f6fe9dc88598a61b5d44d457cecbcb63a0fe18b5a515504aff	2026-07-27 10:31:13.099230536 +0530
reports/v5/p2_g3_role_aware_multilabel_training/gcnconv/seed_117/V5_P2_G3_GCNCONV_SEED_117_PROGRESS.json	377	700816c508fec4356f4be8b9681e5f7048f5d79624ba4be4cae8743cdab1ed76	2026-07-27 10:31:13.099230536 +0530
reports/v5/p2_g3_role_aware_multilabel_training/gcnconv/seed_117/V5_P2_G3_GCNCONV_SEED_117_THRESHOLD_SWEEP.csv	363732	08e37ed7305fbabe73a7b00c8103c423d84ccc5bf8e1c026a7e175849179d0be	2026-07-27 10:31:18.891134145 +0530
reports/v5/p2_g3_role_aware_multilabel_training/gcnconv/seed_117/V5_P2_G3_GCNCONV_SEED_117_VALIDATION_PREDICTIONS.npz	3098068	9bb8bbcc5cb6f06896c8a2a28db5deaf729101da135ecbf4005b84fd36bee0bd	2026-07-27 10:31:19.446125069 +0530
reports/v5/p2_g3_role_aware_multilabel_training/gcnconv/seed_117/V5_P2_G3_ROLE_AWARE_MULTILABEL_SINGLE_RUN_COMPLETE	51	f766c364695c601a57070a3df79e80c5d1180b5d2ceb5de88faf87d15cfd5ba4	2026-07-27 10:31:20.464108480 +0530
reports/v5/p2_g3_role_aware_multilabel_training/gcnconv/seed_117/V5_P2_G3_ROLE_AWARE_MULTILABEL_SINGLE_RUN.json	18501	81a62f17cb276a823e7e89bdbc693e9515e32556a64b95532acb1596103d0e67	2026-07-27 10:31:20.461108529 +0530
reports/v5/p2_g3_role_aware_multilabel_training/gcnconv/seed_117/V5_P2_G3_ROLE_AWARE_MULTILABEL_SINGLE_RUN_LOCK.json	767	4616ed1d71c8f014bd58992660597634e56236b9b598a66b385a767eaa2e94ba	2026-07-27 10:31:20.464108480 +0530
reports/v5/p2_g3_role_aware_multilabel_training/gcnconv/seed_117/V5_P2_G3_ROLE_AWARE_MULTILABEL_SINGLE_RUN_TRAINING_STARTED	59	e6ef4d85b9eebe2f7a51efd27266edb07094f9b6c23bb0e0076011c3aa0ab111	2026-07-27 10:00:30.167069353 +0530
reports/v5/p2_g3_role_aware_multilabel_training/gcnconv/seed_127/V5_P2_G3_GCNCONV_SEED_127_HISTORY.csv	23857	460331e8e2742aec466d7bfd2df879da8c2fd649eafcd83dab87955ded071573	2026-07-27 11:54:19.877923445 +0530
reports/v5/p2_g3_role_aware_multilabel_training/gcnconv/seed_127/V5_P2_G3_GCNCONV_SEED_127_PROGRESS.json	378	0f4be5dfcbec570ef68e056486f3f965298008b01501f8441d2d45e0ffd8db33	2026-07-27 11:54:19.877923445 +0530
reports/v5/p2_g3_role_aware_multilabel_training/gcnconv/seed_127/V5_P2_G3_GCNCONV_SEED_127_THRESHOLD_SWEEP.csv	364368	86d4f6233abbe4ec5faf57bec907e0a28bbddf46d061bd477c44ed9ada03499a	2026-07-27 11:54:25.153120277 +0530
reports/v5/p2_g3_role_aware_multilabel_training/gcnconv/seed_127/V5_P2_G3_GCNCONV_SEED_127_VALIDATION_PREDICTIONS.npz	2845911	b99cf0ef8b252c46d565245003717410ebcdc3dedf85f852d09415c63327db95	2026-07-27 11:54:25.647138699 +0530
reports/v5/p2_g3_role_aware_multilabel_training/gcnconv/seed_127/V5_P2_G3_ROLE_AWARE_MULTILABEL_SINGLE_RUN_COMPLETE	51	f766c364695c601a57070a3df79e80c5d1180b5d2ceb5de88faf87d15cfd5ba4	2026-07-27 11:54:26.592173934 +0530
reports/v5/p2_g3_role_aware_multilabel_training/gcnconv/seed_127/V5_P2_G3_ROLE_AWARE_MULTILABEL_SINGLE_RUN.json	18608	ef239faeb8c55cce79238cd2805970f08ac7e4af5d9ba658251382b29c923786	2026-07-27 11:54:26.589173822 +0530
reports/v5/p2_g3_role_aware_multilabel_training/gcnconv/seed_127/V5_P2_G3_ROLE_AWARE_MULTILABEL_SINGLE_RUN_LOCK.json	767	45cf2ccf794e66eb90f424c106c6e14a182c41927fd1f20012e279f417231aad	2026-07-27 11:54:26.592173934 +0530
reports/v5/p2_g3_role_aware_multilabel_training/gcnconv/seed_127/V5_P2_G3_ROLE_AWARE_MULTILABEL_SINGLE_RUN_TRAINING_STARTED	59	e6ef4d85b9eebe2f7a51efd27266edb07094f9b6c23bb0e0076011c3aa0ab111	2026-07-27 11:26:16.904505995 +0530
reports/v5/p2_g3_role_aware_multilabel_training/graphconv/seed_107/V5_P2_G3_GRAPHCONV_SEED_107_HISTORY.csv	24215	fb12609291497318f10961119936cdc268089e25ae5b8e3b390af3f52378093c	2026-07-27 09:33:31.089402458 +0530
reports/v5/p2_g3_role_aware_multilabel_training/graphconv/seed_107/V5_P2_G3_GRAPHCONV_SEED_107_PROGRESS.json	380	6bb84ae98bf75b51899e38c78872b9794c8e4c7a1a5c31ad6668105a2a7fad15	2026-07-27 09:33:31.089402458 +0530
reports/v5/p2_g3_role_aware_multilabel_training/graphconv/seed_107/V5_P2_G3_GRAPHCONV_SEED_107_THRESHOLD_SWEEP.csv	364517	1f859d5bb02bbe786365fb02be45a1e5ef87c3d10d7a82c8457d58a67e877b6f	2026-07-27 09:33:36.786637563 +0530
reports/v5/p2_g3_role_aware_multilabel_training/graphconv/seed_107/V5_P2_G3_GRAPHCONV_SEED_107_VALIDATION_PREDICTIONS.npz	2865464	323e7114f17d16d6076f0836934b14cd194531577a1944f3132d2cc15432639f	2026-07-27 09:33:37.273657631 +0530
reports/v5/p2_g3_role_aware_multilabel_training/graphconv/seed_107/V5_P2_G3_ROLE_AWARE_MULTILABEL_SINGLE_RUN_COMPLETE	51	f766c364695c601a57070a3df79e80c5d1180b5d2ceb5de88faf87d15cfd5ba4	2026-07-27 09:33:38.165694379 +0530
reports/v5/p2_g3_role_aware_multilabel_training/graphconv/seed_107/V5_P2_G3_ROLE_AWARE_MULTILABEL_SINGLE_RUN.json	18622	d33fa3fa8d5a6a5a08de6b70747a6e7157c6c5eb2b36e099c5790f8f5b398cb8	2026-07-27 09:33:38.162694255 +0530
reports/v5/p2_g3_role_aware_multilabel_training/graphconv/seed_107/V5_P2_G3_ROLE_AWARE_MULTILABEL_SINGLE_RUN_LOCK.json	769	ae662fc14ec40bb58fb3e2594ba1d3f03b0f2a535ca305751165a57546c0b07b	2026-07-27 09:33:38.165694379 +0530
reports/v5/p2_g3_role_aware_multilabel_training/graphconv/seed_107/V5_P2_G3_ROLE_AWARE_MULTILABEL_SINGLE_RUN_TRAINING_STARTED	59	e6ef4d85b9eebe2f7a51efd27266edb07094f9b6c23bb0e0076011c3aa0ab111	2026-07-27 09:05:03.112531624 +0530
reports/v5/p2_g3_role_aware_multilabel_training/graphconv/seed_117/V5_P2_G3_GRAPHCONV_SEED_117_HISTORY.csv	18111	ff0fc3c47020df7b4022c885da16e22d56e5868b99459b052c5908bc7181af09	2026-07-27 10:52:17.042789746 +0530
reports/v5/p2_g3_role_aware_multilabel_training/graphconv/seed_117/V5_P2_G3_GRAPHCONV_SEED_117_PROGRESS.json	380	ed26708f824645968d9de489432c41186a3dcb8745daa2a64ce7111683c89995	2026-07-27 10:52:17.042789746 +0530
reports/v5/p2_g3_role_aware_multilabel_training/graphconv/seed_117/V5_P2_G3_GRAPHCONV_SEED_117_THRESHOLD_SWEEP.csv	363400	6f5d1b0744fed5042fb70db54fdab34f96f21690921f5b263681cb8759e3a59c	2026-07-27 10:52:22.514923533 +0530
reports/v5/p2_g3_role_aware_multilabel_training/graphconv/seed_117/V5_P2_G3_GRAPHCONV_SEED_117_VALIDATION_PREDICTIONS.npz	3128643	efcb9f72b1fc28a7b6a26a99dcb1b1c8f6de42c6e099cd0501c92945e67fe817	2026-07-27 10:52:23.035936282 +0530
reports/v5/p2_g3_role_aware_multilabel_training/graphconv/seed_117/V5_P2_G3_ROLE_AWARE_MULTILABEL_SINGLE_RUN_COMPLETE	51	f766c364695c601a57070a3df79e80c5d1180b5d2ceb5de88faf87d15cfd5ba4	2026-07-27 10:52:23.927958115 +0530
reports/v5/p2_g3_role_aware_multilabel_training/graphconv/seed_117/V5_P2_G3_ROLE_AWARE_MULTILABEL_SINGLE_RUN.json	18584	93af1c9fc3cdf1a8170f42398cca576e1d7e33d1d768a69b7aa4737d5de6b9a6	2026-07-27 10:52:23.924958042 +0530
reports/v5/p2_g3_role_aware_multilabel_training/graphconv/seed_117/V5_P2_G3_ROLE_AWARE_MULTILABEL_SINGLE_RUN_LOCK.json	769	77d44acdf50677f9055d144e945a8c5ee8f63782d4e02b8b6c215dffc1a4e9fe	2026-07-27 10:52:23.927958115 +0530
reports/v5/p2_g3_role_aware_multilabel_training/graphconv/seed_117/V5_P2_G3_ROLE_AWARE_MULTILABEL_SINGLE_RUN_TRAINING_STARTED	59	e6ef4d85b9eebe2f7a51efd27266edb07094f9b6c23bb0e0076011c3aa0ab111	2026-07-27 10:31:23.220064018 +0530
reports/v5/p2_g3_role_aware_multilabel_training/graphconv/seed_127/V5_P2_G3_GRAPHCONV_SEED_127_HISTORY.csv	20816	3c11b8252c19f8fd3fb90656e6dcb0a17cbcbffd037c93612e3a9fd249c96ab6	2026-07-27 12:18:47.820887794 +0530
reports/v5/p2_g3_role_aware_multilabel_training/graphconv/seed_127/V5_P2_G3_GRAPHCONV_SEED_127_PROGRESS.json	380	f306a9d2272c00309480334e99e4299e4e3bc7d4fc7b7b35b6c0e91c48bb147c	2026-07-27 12:18:47.820887794 +0530
reports/v5/p2_g3_role_aware_multilabel_training/graphconv/seed_127/V5_P2_G3_GRAPHCONV_SEED_127_THRESHOLD_SWEEP.csv	364463	102edb318f37d8c50ce50f370c824774f114c59f7ab8959f5ab29dfed52001b5	2026-07-27 12:18:53.355156012 +0530
reports/v5/p2_g3_role_aware_multilabel_training/graphconv/seed_127/V5_P2_G3_GRAPHCONV_SEED_127_VALIDATION_PREDICTIONS.npz	3154669	0375a34c4e5530290bc967a505ccfa41832583ebb3c3aaf9beaf5eb2e9af058c	2026-07-27 12:18:53.874181135 +0530
reports/v5/p2_g3_role_aware_multilabel_training/graphconv/seed_127/V5_P2_G3_ROLE_AWARE_MULTILABEL_SINGLE_RUN_COMPLETE	51	f766c364695c601a57070a3df79e80c5d1180b5d2ceb5de88faf87d15cfd5ba4	2026-07-27 12:18:54.764224201 +0530
reports/v5/p2_g3_role_aware_multilabel_training/graphconv/seed_127/V5_P2_G3_ROLE_AWARE_MULTILABEL_SINGLE_RUN.json	18554	5c2598232dce1ee1945435e9d6e4bce49b864a129c70ed24f0cccb2f61026cae	2026-07-27 12:18:54.761224056 +0530
reports/v5/p2_g3_role_aware_multilabel_training/graphconv/seed_127/V5_P2_G3_ROLE_AWARE_MULTILABEL_SINGLE_RUN_LOCK.json	769	bd126c60b04c3601e2bae454661c9d5f3186069ed553dfce04623286a08761b6	2026-07-27 12:18:54.764224201 +0530
reports/v5/p2_g3_role_aware_multilabel_training/graphconv/seed_127/V5_P2_G3_ROLE_AWARE_MULTILABEL_SINGLE_RUN_TRAINING_STARTED	59	e6ef4d85b9eebe2f7a51efd27266edb07094f9b6c23bb0e0076011c3aa0ab111	2026-07-27 11:54:29.337276247 +0530
reports/v5/p2_task_d_checkpoint_selection_freeze/selected_graphconv_checkpoint.pt	782026	82314baedb4bf3969842abf9076679682369daae2e57db07d4b4aeaa8623f7cc	2026-07-27 17:00:59.092577912 +0530
reports/v5/p2_task_d_checkpoint_selection_freeze/V5_P2_TASK_D_CHECKPOINT_SELECTION_FREEZE_COMPLETE	202	7acd1f4061ca5546252d2ca36e914a7f91b6c37a796e57afa3678a07eb4f9e9a	2026-07-28 00:55:52.968616982 +0530
reports/v5/p2_task_d_checkpoint_selection_freeze/V5_P2_TASK_D_CHECKPOINT_SELECTION_FREEZE.json	2118	b5483ef18342e6ee21e35fbb2241e5ab40eef5bf1725999314c6685d8e4848b2	2026-07-28 00:55:52.968616982 +0530
reports/v5/p2_task_d_checkpoint_selection_freeze/V5_P2_TASK_D_CHECKPOINT_SELECTION_FREEZE.md	500	a24e68bc0cb0143cbdadfcb9a08df6718df9b4350cf7e6d272d8ca85d8ec9ccc	2026-07-28 00:55:52.968616982 +0530
reports/v5/p2_task_d_checkpoint_selection_freeze/V5_P2_TASK_D_CHECKPOINT_SELECTION_FREEZE_SHA256SUMS.txt	437	2c3fa41c45ec0789f7c652897cb250773e39c5c285f473a248620337302b2ca3	2026-07-28 00:55:52.969616966 +0530
reports/v5/p2_task_d_full_multitask_training/graphconv/seed_107/V5_P2_TASK_D_FULL_MULTITASK_SINGLE_RUN_COMPLETE	48	2850932291eaefd00c83be5cb902e94e9a11456f1bd163d48a327c1efdc629e3	2026-07-27 17:06:07.739989398 +0530
reports/v5/p2_task_d_full_multitask_training/graphconv/seed_107/V5_P2_TASK_D_GRAPHCONV_SEED_107_HISTORY.csv	18450	bda0d24fb3d39c39008173f31cd97648305e1751cbec636a4e708e2c107e3966	2026-07-27 17:06:06.985966715 +0530
reports/v5/p2_task_d_full_multitask_training/graphconv/seed_107/V5_P2_TASK_D_GRAPHCONV_SEED_107_LOCK.json	789	9c2e9e7fe7ea4618b5c63cc49c228892d964d74229fcc1d448d4c8b9c09437d8	2026-07-27 17:06:07.739989398 +0530
reports/v5/p2_task_d_full_multitask_training/graphconv/seed_107/V5_P2_TASK_D_GRAPHCONV_SEED_107_PROGRESS.json	6998	c0d54f5b74339fc7fc86f1e7fdcf26b7cb2caeb2cb1c327c937fdab0fd1252cd	2026-07-27 17:06:06.985966715 +0530
reports/v5/p2_task_d_full_multitask_training/graphconv/seed_107/V5_P2_TASK_D_GRAPHCONV_SEED_107_REPORT.json	8078	81a332abc324174d40abe0276c4f92b4797e904a58596d383194623d95c5378b	2026-07-27 17:06:07.739989398 +0530
reports/v5/p2_task_d_full_multitask_training/graphconv/seed_117/V5_P2_TASK_D_FULL_MULTITASK_SINGLE_RUN_COMPLETE	48	2850932291eaefd00c83be5cb902e94e9a11456f1bd163d48a327c1efdc629e3	2026-07-27 17:57:22.823043906 +0530
reports/v5/p2_task_d_full_multitask_training/graphconv/seed_117/V5_P2_TASK_D_GRAPHCONV_SEED_117_HISTORY.csv	31354	3b36e0e82e9aaa008367e23e3751708217536fdcb4c1955747a7b6a238f8c96b	2026-07-27 17:57:22.053029312 +0530
reports/v5/p2_task_d_full_multitask_training/graphconv/seed_117/V5_P2_TASK_D_GRAPHCONV_SEED_117_LOCK.json	789	7b4b39c7188f1241473dd15ebf863bb99624a9eada8996c2c9350b189a4b8b80	2026-07-27 17:57:22.823043906 +0530
reports/v5/p2_task_d_full_multitask_training/graphconv/seed_117/V5_P2_TASK_D_GRAPHCONV_SEED_117_PROGRESS.json	7032	f4cd5f77f46df647e906f9b70bcf7f8d0b532f0a6f5310d002150686f412ba7e	2026-07-27 17:57:22.054029331 +0530
reports/v5/p2_task_d_full_multitask_training/graphconv/seed_117/V5_P2_TASK_D_GRAPHCONV_SEED_117_REPORT.json	8077	30a32cff20b58d0ad1583afd61d7fbd6f3fb826fbd72c936689ed5f5038fee35	2026-07-27 17:57:22.822043887 +0530
reports/v5/p2_task_d_full_multitask_training/graphconv/seed_127/V5_P2_TASK_D_FULL_MULTITASK_SINGLE_RUN_COMPLETE	48	2850932291eaefd00c83be5cb902e94e9a11456f1bd163d48a327c1efdc629e3	2026-07-27 19:02:13.799969497 +0530
reports/v5/p2_task_d_full_multitask_training/graphconv/seed_127/V5_P2_TASK_D_GRAPHCONV_SEED_127_HISTORY.csv	42230	e031a0c1762772db282efd9e76bdde0566879856b387a9ec9ddbbe9cabd3fa8e	2026-07-27 19:02:13.039938841 +0530
reports/v5/p2_task_d_full_multitask_training/graphconv/seed_127/V5_P2_TASK_D_GRAPHCONV_SEED_127_LOCK.json	789	5e6b868a5ad2fc718d538d25edcb5f91f962921b317c07d9be6591b107d6965c	2026-07-27 19:02:13.799969497 +0530
reports/v5/p2_task_d_full_multitask_training/graphconv/seed_127/V5_P2_TASK_D_GRAPHCONV_SEED_127_PROGRESS.json	7037	2877ab30545f5ff6bdccde094aba22b543658f98be6c672ebf72769e5502d60a	2026-07-27 19:02:13.039938841 +0530
reports/v5/p2_task_d_full_multitask_training/graphconv/seed_127/V5_P2_TASK_D_GRAPHCONV_SEED_127_REPORT.json	8087	6ca30e8ea1849944e45612ab2f73b934714f77b57b70f80282756da7dff0edad	2026-07-27 19:02:13.798969456 +0530
reports/v5/p2_task_d_full_multitask_training/graphconv/seed_137/V5_P2_TASK_D_FULL_MULTITASK_SINGLE_RUN_COMPLETE	48	2850932291eaefd00c83be5cb902e94e9a11456f1bd163d48a327c1efdc629e3	2026-07-27 20:25:43.154893903 +0530
reports/v5/p2_task_d_full_multitask_training/graphconv/seed_137/V5_P2_TASK_D_GRAPHCONV_SEED_137_HISTORY.csv	28849	79e3438bd2607f557de27337b4fe324c94ad27a22ea0f7e6ecac1adf38bf25ab	2026-07-27 20:25:42.241872582 +0530
reports/v5/p2_task_d_full_multitask_training/graphconv/seed_137/V5_P2_TASK_D_GRAPHCONV_SEED_137_LOCK.json	789	cab8fd89aeb26e0e303db3c76a059e316370f1d62028d8e63f839163722d6692	2026-07-27 20:25:43.154893903 +0530
reports/v5/p2_task_d_full_multitask_training/graphconv/seed_137/V5_P2_TASK_D_GRAPHCONV_SEED_137_PROGRESS.json	7031	d1527625aa6a8fdf836f8b873ba3acf5755de64b76175d3d91c7c2ec4c290c0c	2026-07-27 20:25:42.242872605 +0530
reports/v5/p2_task_d_full_multitask_training/graphconv/seed_137/V5_P2_TASK_D_GRAPHCONV_SEED_137_REPORT.json	8085	bc9cbe67b27d9bea2a00c43eaf7fe9acf6cf08412ce2520218226dbab756b231	2026-07-27 20:25:43.153893880 +0530
reports/v5/p2_task_d_full_multitask_training/graphconv/seed_147/V5_P2_TASK_D_FULL_MULTITASK_SINGLE_RUN_COMPLETE	48	2850932291eaefd00c83be5cb902e94e9a11456f1bd163d48a327c1efdc629e3	2026-07-28 00:07:35.350669058 +0530
reports/v5/p2_task_d_full_multitask_training/graphconv/seed_147/V5_P2_TASK_D_GRAPHCONV_SEED_147_HISTORY.csv	27445	04b84993ff8ffd7c93c4158ca71ce4b830e1b678b9c9ea95b7632bab41b1dbca	2026-07-28 00:07:34.602646609 +0530
reports/v5/p2_task_d_full_multitask_training/graphconv/seed_147/V5_P2_TASK_D_GRAPHCONV_SEED_147_LOCK.json	789	b7d1e42d29b156d305f3197cd36bc713a1f565fdcfae29e7693ee053b6dc76bb	2026-07-28 00:07:35.350669058 +0530
reports/v5/p2_task_d_full_multitask_training/graphconv/seed_147/V5_P2_TASK_D_GRAPHCONV_SEED_147_PROGRESS.json	7029	4d85837c27f3ff4ea94baf6f41bc1a61bd2c927c43237ef83ccfaa41c7161ab2	2026-07-28 00:07:34.602646609 +0530
reports/v5/p2_task_d_full_multitask_training/graphconv/seed_147/V5_P2_TASK_D_GRAPHCONV_SEED_147_REPORT.json	8080	a13a9c4f926c8e19f94a7b5efd9eeaaad015c59972fa5f923b2def7590ed49f6	2026-07-28 00:07:35.349669028 +0530
scripts/failure_analysis/audit_uof_graphconv_vs_chrono_a1.py	18836	7b262678da7f2c3ef42c873c8507d7ebbcbabc689712cd0f8f9a6c4a062dd6c3	2026-07-21 19:50:00.100607264 +0530
scripts/failure_analysis/preflight_chrono_g1_graphconv.py	27626	2162a393b25dc5f2d1b785f2cc0c285142a35b3db2af12564ba805d01144a40e	2026-07-21 20:06:49.271859394 +0530
scripts/failure_analysis/__pycache__/audit_uof_graphconv_vs_chrono_a1.cpython-312.pyc	23075	40306cefbf59a21c8e3504f52e524785bba50202cadf50ed59de664947811e59	2026-07-21 19:50:00.142608668 +0530
scripts/failure_analysis/__pycache__/preflight_chrono_g1_graphconv.cpython-312.pyc	36095	0cff894ea6900e93720a4b7bee3b379f9a869b1a5ccf0af8e7b86d57c4f02829	2026-07-21 20:06:49.314859103 +0530
scripts/__pycache__/train_temporal_gcn_v3_g1_graphconv.cpython-312.pyc	33709	f566f314131517a026022c9b1db50a632a6aa0c11d0a7fee6fae6492b539d4bb	2026-07-21 20:02:37.690213817 +0530
scripts/train_temporal_gcn_v3_g1_graphconv.py	23476	3ebe7b8d37c5104c606daf0e65b488a3f553b815b01689ce172b12b8bbbffb5e	2026-07-21 20:02:37.684213943 +0530
scripts/v5/p2/aggregate_v5_p2_g1c_source_only_graph_training_matrix.py	12746	51300f48cd2bd1f9e6fe34039f23bdd97fee77322574a59aa9f8f5a675407a3b	2026-07-26 22:19:05.190057508 +0530
scripts/v5/p2/g1_source_only_graph_smoke.py	68783	2f543a9f1bf4b8a556a173dfb54626e2e35fb10dabc45337d6b4e071938785d4	2026-07-26 21:50:42.529761182 +0530
scripts/v5/p2/g1_source_only_graph_smoke.py.before_axis_contract_fix_20260726_215042	68783	991fa52b4023fe17f0f6d306fb956675b0bdaf835bd07db68135c092a2e6fe4e	2026-07-26 21:22:21.207709082 +0530
scripts/v5/p2/inspect_v5_p2_g1a_r1_source_only_graph_preflight.py	37290	0e2faac654bf8560786377966951a3862d0954f5e1e304cf6f53098c8623c771	2026-07-26 14:58:41.230617512 +0530
scripts/v5/p2/inspect_v5_p2_g1a_source_only_graph_preflight.py	27799	4f068b84d0861e701ccf6ecc536ccf8c92a522902acd6b61dbd992db3548b3f7	2026-07-26 14:47:24.712850969 +0530
scripts/v5/p2/preflight_v5_p2_g1c_clean_training_implementation.py	14524	804e708cc3b030f396a761206ad1c4bce2b2560abf849e111a10c191bb7ffc63	2026-07-26 22:19:05.190057508 +0530
scripts/v5/p2/__pycache__/aggregate_v5_p2_g1c_source_only_graph_training_matrix.cpython-312.pyc	13318	d3e04c44bee0509f2e4e578dbed4e0f0859bd58b0aec3e81560a39865799cfcb	2026-07-26 22:19:05.257058568 +0530
scripts/v5/p2/__pycache__/g1_source_only_graph_smoke.cpython-312.pyc	79171	d1b0d069a6db657c36b2574f98b1159ab89813465986ad63330740e21ee2edd8	2026-07-26 21:50:48.848936362 +0530
scripts/v5/p2/__pycache__/inspect_v5_p2_g1a_r1_source_only_graph_preflight.cpython-312.pyc	42636	be8fc75006ee0b16fcd35b78258891a223e9841674e7ea80748e6af958f2f5f5	2026-07-26 14:58:41.255618227 +0530
scripts/v5/p2/__pycache__/inspect_v5_p2_g1a_source_only_graph_preflight.cpython-312.pyc	33346	7906de0ad5df0ad3933bb2d1a94b6dad67a6cda930086d3352f73ae3c3ad46c8	2026-07-26 14:47:24.737851630 +0530
scripts/v5/p2/__pycache__/preflight_v5_p2_g1c_clean_training_implementation.cpython-312.pyc	18590	cf51d4d3a871a24bf0fdb890852218af268127b14a7831098e5bf10a24cb2d3d	2026-07-26 22:19:05.254058521 +0530
scripts/v5/p2/__pycache__/smoke_v5_p2_g1b_r1_source_only_graph_implementations.cpython-312.pyc	50877	8f7c6bd89f2eecb96e3bca755ecf12b227226b9422eedb959781d60f4f8903e3	2026-07-26 15:38:35.227527857 +0530
scripts/v5/p2/__pycache__/smoke_v5_p2_g1b_r2_source_only_graph_implementations.cpython-312.pyc	52493	0b1268f5033afe4e8a729d0f9dd612889bb0beda71bfcb2928c7f165c08835a6	2026-07-26 15:42:38.503076240 +0530
scripts/v5/p2/__pycache__/smoke_v5_p2_g1b_r3_source_only_graph_implementations.cpython-312.pyc	54162	212991de4590d4d3e91481b46b7c5d282b24311c5475be3aaea053918e4db4c6	2026-07-26 15:50:34.068612306 +0530
scripts/v5/p2/__pycache__/smoke_v5_p2_g1b_r4_source_only_graph_implementations.cpython-312.pyc	71349	6dd95a5a8eab57047cd709d64f69b867d02d5f2f1b832925cb2782a2a88063bb	2026-07-26 16:03:33.762006368 +0530
scripts/v5/p2/__pycache__/smoke_v5_p2_g1b_r5_source_only_graph_implementations.cpython-312.pyc	74955	69df65105dd6f8ae773611158d29c33ebed7132d4474a1dca2473cd369ec8f06	2026-07-26 16:12:14.592724748 +0530
scripts/v5/p2/__pycache__/smoke_v5_p2_g1b_source_only_graph_implementations.cpython-312.pyc	47253	200bff8cd26a0a24f835ad98487baceb7417434560ee065c5c9f5971553843cc	2026-07-26 15:34:05.327068381 +0530
scripts/v5/p2/__pycache__/train_v5_p2_g1c_source_only_graph_single_run.cpython-312.pyc	74144	d6e3d28d289e1b5d638367d484bf7b3cdda217ee3973f06cff2bc86dc5c8ef67	2026-07-26 22:19:05.250058458 +0530
scripts/v5/p2/README_G1C.md	3002	180d166ff1071ae3f0bff2301888f0062584369c3708082dd19651ff2fd6bb6c	2026-07-26 22:19:05.192057540 +0530
scripts/v5/p2/run_g1_source_only_graph_smoke.sh	2931	e310a7a45da403f3ed1cf1e3905430543778c1a2325649b399263703dd19d55f	2026-07-26 21:22:21.209709136 +0530
scripts/v5/p2/run_v5_p2_b1_training_protocol_lock.sh	2305	fde6006b46326aa8d1d573877fecfddb83e2d45b5577d3bb95e8ef5f11e43d46	2026-07-26 04:12:14.859022656 +0530
scripts/v5/p2/run_v5_p2_b3_seed_checkpoint_selection.sh	2603	5ff4a2a8c04e2a18a79b07b8e58a80b47ba929e5535f832a3606c786adefc7af	2026-07-26 08:03:44.091423617 +0530
scripts/v5/p2/run_v5_p2_g1a_r1_source_only_graph_preflight.sh	2839	5fca2d506516dbc0273c6c680af4763ccd4eba3e0785e69c3840d1b774ff10f6	2026-07-26 14:58:41.231617541 +0530
scripts/v5/p2/run_v5_p2_g1a_source_only_graph_preflight.sh	2269	863c47788de988e4b419e1bb2132cde46e083535f7476f3fc10f99241320758a	2026-07-26 14:47:24.713850995 +0530
scripts/v5/p2/run_v5_p2_g1b_r1_source_only_graph_smoke.sh	2917	77fead44839829b38195a543c8c2e2e47bde95d2ef90d0abb7ab12f8383e7258	2026-07-26 15:38:35.202526647 +0530
scripts/v5/p2/run_v5_p2_g1b_r2_source_only_graph_smoke.sh	3174	4ae612d0dbbbefc62dbf4ab4aef56cd913754bf9e147af9160002ce4519de85c	2026-07-26 15:42:38.455074000 +0530
scripts/v5/p2/run_v5_p2_g1b_r3_source_only_graph_smoke.sh	3402	ce1f931eb60df8f72594d74a71fed24868592e0b0be2baf750d59853780dd64d	2026-07-26 15:50:34.038611242 +0530
scripts/v5/p2/run_v5_p2_g1b_r4_source_only_graph_smoke.sh	3607	67f6884b8126d9872b346f95ea78ed20e910162509b9ac03883b4108bf5bc032	2026-07-26 16:03:33.737005340 +0530
scripts/v5/p2/run_v5_p2_g1b_r5_source_only_graph_smoke.sh	3882	df78458ba60fc321e3f9284ce63fb1c8294025fc1716cefa5da8060e398b18a1	2026-07-26 16:12:14.566723653 +0530
scripts/v5/p2/run_v5_p2_g1b_source_only_graph_smoke.sh	2692	383401a7574f53011943ccea6c80287ab4233e6ab318299e88fba90e33ed3ffe	2026-07-26 15:34:05.301067039 +0530
scripts/v5/p2/run_v5_p2_g1c_clean_training_implementation_preflight.sh	2360	13b118b6b3521670eb4795d5f9d4545f0ca1b30d1851294e1201ec2b32b082f3	2026-07-26 22:19:05.190057508 +0530
scripts/v5/p2/run_v5_p2_g1c_source_only_graph_aggregation.sh	1213	2bd985c22b5e1afdb96d4dbd95cfe4c87a8c37f432b57f38af9e4cd91536d3ef	2026-07-26 22:19:05.190057508 +0530
scripts/v5/p2/run_v5_p2_g1c_source_only_graph_one_run.sh	3446	96599f291f1b5c442c17540e2bf6d8b8a0bde79158d68598b1308ea3d7c43f7e	2026-07-26 22:19:05.190057508 +0530
scripts/v5/p2/run_v5_p2_g1c_source_only_graph_training_matrix.sh	2005	1014fcfa6a6e745473ff137398290f936b21df3f601d2160f164e2a0ee1a0ee0	2026-07-26 22:19:05.190057508 +0530
scripts/v5/p2/smoke_v5_p2_g1b_r1_source_only_graph_implementations.py	45541	17c61c4ba2b4193519e5d18797878e605f0368c5983072fced4ebd1302cf2345	2026-07-26 15:38:35.201526598 +0530
scripts/v5/p2/smoke_v5_p2_g1b_r2_source_only_graph_implementations.py	47285	4b2c0271a22e372d1a91ca4ecbaa6db827d9b2b8de526b78bb82867c0b1cd944	2026-07-26 15:42:38.454073953 +0530
scripts/v5/p2/smoke_v5_p2_g1b_r3_source_only_graph_implementations.py	49034	c3502996262b4ec0c0db329015035d7b5148cd1a65b04f2069bf9462a41b0a9c	2026-07-26 15:50:34.036611171 +0530
scripts/v5/p2/smoke_v5_p2_g1b_r4_source_only_graph_implementations.py	64720	5f9255394e7312d021bcebdd88fbc9f891319dd2d7bfd982aea13c462a3e6f9a	2026-07-26 16:03:33.735005257 +0530
scripts/v5/p2/smoke_v5_p2_g1b_r5_source_only_graph_implementations.py	68600	644eae2cdc35108953e08b5335280ebd1314325ada5b493a8ac948682ba39094	2026-07-26 16:12:14.564723569 +0530
scripts/v5/p2/smoke_v5_p2_g1b_source_only_graph_implementations.py	41549	65bb4df54830d60f784a5d93f45a152faadf42abb5a8a095f0091574cc4ee96f	2026-07-26 15:34:05.300066988 +0530
scripts/v5/p2/train_v5_p2_g1c_source_only_graph_single_run.py	60456	b5590cf4d237908cec658a270521020470b21d8d3b96d14c755a132a5c845c6d	2026-07-26 22:19:05.190057508 +0530
scripts/v5/p2/V5_P2_G1C_PACKAGE_MANIFEST.json	2082	fdb938aa798ec0de9507ed189c1dccc277b4ab3ad3c23888ab8b23f640ed2f38	2026-07-26 22:19:05.192057540 +0530
