541607888	./.venv/lib/python3.12/site-packages/nvidia/cu13/lib/libcublasLt.so.13
466350080	./reports/v3_failure_analysis/stage9_round1/a1_evaluation_pipeline_audit/inventories/historical_evaluation_references.txt
462345233	./.venv/lib/python3.12/site-packages/torch/lib/libtorch_cuda.so
461559216	./.venv/lib/python3.12/site-packages/triton/_C/libtriton.so
446770065	./.venv/lib/python3.12/site-packages/torch/lib/libtorch_cpu.so
328806455	./archive/pre_chrono_dataset_results/pre_chrono_models_reports_sources.tar.gz
286542352	./.venv/lib/python3.12/site-packages/nvidia/cu13/lib/libcufft.so.12
279140904	./reports/v3_failure_analysis/stage9_round1/pipeline_recovery/prediction_and_evaluation_references.txt
245391920	./.venv/lib/python3.12/site-packages/nvidia/cudnn/lib/libcudnn_engines_precompiled.so.9
236524880	./.venv/lib/python3.12/site-packages/nvidia/nccl/lib/libnccl.so.2
233912153	./.venv/lib/python3.12/site-packages/nvidia/cusparselt/lib/libcusparseLt.so.0
162565256	./.venv/lib/python3.12/site-packages/nvidia/cu13/lib/libcusparse.so.12
160501852	./artifacts/rtl/v3_a1_rtl_bringup_package/reports/h1b0_feature_provenance/reports/candidate_line_matches.csv
141152872	./.venv/lib/python3.12/site-packages/nvidia/cu13/lib/libcusolver.so.12
132698328	./.venv/lib/python3.12/site-packages/nvidia/cu13/lib/libcurand.so.10
109821488	./.venv/lib/python3.12/site-packages/nvidia/cu13/lib/libnvrtc.alt.so.13
109338064	./.venv/lib/python3.12/site-packages/nvidia/cu13/lib/libnvrtc.so.13
109169104	./.venv/lib/python3.12/site-packages/nvidia/cudnn/lib/libcudnn_adv.so.9
103956840	./.venv/lib/python3.12/site-packages/nvidia/cu13/lib/libcusolverMg.so.12
98806736	./.venv/lib/python3.12/site-packages/nvidia/cu13/lib/libnvJitLink.so.13
85128079	./reports/v3_failure_analysis/tables/graph_window_predictions.csv
62694113	./reports/v3_failure_analysis/stage9_round1/pipeline_recovery/historical_export_command_search.txt
60822040	./.venv/lib/python3.12/site-packages/nvidia/cudnn/lib/libcudnn_heuristic.so.9
60113723	./reports/v4/stage1_a1/a1_8_remaining_diagnostics/validation/true_attacker_rank_detail.csv
60044627	./reports/v4/stage1_a3/a3_10_complete_failure_analysis/generic_remaining/validation/true_attacker_rank_detail.csv
60031695	./reports/v4/stage1_a2/a2_7_complete_failure_analysis/a2_remaining_decoder_diagnostics/validation/true_attacker_rank_detail.csv
54177976	./.venv/lib/python3.12/site-packages/nvidia/cu13/lib/libcublas.so.13
45237978	./reports/v4/stage1_a1/a1_8_remaining_diagnostics/test/true_attacker_rank_detail.csv
45194612	./reports/v4/stage1_a2/a2_7_complete_failure_analysis/a2_remaining_decoder_diagnostics/test/true_attacker_rank_detail.csv
45189345	./reports/v4/stage1_a3/a3_10_complete_failure_analysis/generic_remaining/test/true_attacker_rank_detail.csv
44983555	./reports/v3_failure_analysis/tables/stage7c1_v2_training_run_reference.csv
43936745	./.venv/lib/python3.12/site-packages/torch/lib/libtorch_cuda_linalg.so
43563448	./.venv/lib/python3.12/site-packages/triton/backends/nvidia/lib/cupti/libcupti_static.a
41369696	./.venv/lib/python3.12/site-packages/triton/backends/nvidia/bin/ptxas-blackwell
41241312	./.venv/lib/python3.12/site-packages/nvidia/nvshmem/lib/libnvshmem_host.so.3
39855888	./.venv/lib/python3.12/site-packages/nvidia/cudnn/lib/libcudnn_ops.so.9
37741528	./.venv/lib/python3.12/site-packages/torch/bin/ptxas
36484140	./reports/v4/stage1_a3/a3_8_validation_selection/validation_predictions.npz
36325100	./reports/v3_failure_analysis/tables/stage7c1_v2_target_router_feature_coverage.csv
33480030	./.venv/lib/python3.12/site-packages/triton/backends/nvidia/lib/cupti/libnvperf_host_static.a
33356456	./.venv/lib/python3.12/site-packages/torch_scatter/_segment_coo_cuda.so
32737793	./.venv/lib/python3.12/site-packages/torch/lib/libtorch_python.so
32405040	./.venv/lib/python3.12/site-packages/nvidia/cu13/lib/libnvperf_host.so
32158696	./reports/v3_failure_analysis/tables/stage7_sample_alignment.csv
32158696	./reports/v3_failure_analysis/stage9_round1/a1_evaluation/tables/stage7_sample_alignment.csv
31940257	./reports/v4/stage1_a3/a3_9_development_test_transfer/test_predictions.npz
31912192	./.venv/lib/python3.12/site-packages/triton/backends/nvidia/bin/ptxas
31218648	./.venv/lib/python3.12/site-packages/nvidia/nvshmem/lib/libnvshmem_device.bc
29386664	./.venv/lib/python3.12/site-packages/nvidia/cudnn/lib/libcudnn_engines_runtime_compiled.so.9
29294656	./reports/v4/stage1_a3/a3_13_local_graph_attribution/02_frozen_branch_attribution/branch_probabilities/validation__local_only__node_prob.npy
29294656	./reports/v4/stage1_a3/a3_13_local_graph_attribution/02_frozen_branch_attribution/branch_probabilities/validation__graph_only__node_prob.npy
29294656	./reports/v4/stage1_a3/a3_13_local_graph_attribution/02_frozen_branch_attribution/branch_probabilities/validation__full__node_prob.npy
28738921	./artifacts/v5/p2_g3_completed_logs_and_reports.tar.gz
27641645	./reports/v4/stage1_a1/a1_5_validation_thresholds/validation_predictions.npz
27641645	./reports/v4/stage1_a1/a1_5b_fpr10_frozen_thresholds/validation_predictions.npz
27304746	./reports/v3_failure_analysis/tables/graph_model_agreement.csv
26988282	./reports/v4/stage1_a2/a2_7_complete_failure_analysis/a2_validation_predictions.npz
26988282	./reports/v4/stage1_a2/a2_5_validation_thresholds/validation_predictions.npz
26988282	./reports/v4/stage1_a2/a2_5b_fpr10_frozen_thresholds/validation_predictions.npz
25825936	./.venv/lib/python3.12/site-packages/triton/backends/nvidia/lib/cupti/libnvperf_host.so
25290368	./reports/v4/stage1_a3/a3_13_local_graph_attribution/02_frozen_branch_attribution/branch_probabilities/development_test__local_only__node_prob.npy
25290368	./reports/v4/stage1_a3/a3_13_local_graph_attribution/02_frozen_branch_attribution/branch_probabilities/development_test__graph_only__node_prob.npy
25290368	./reports/v4/stage1_a3/a3_13_local_graph_attribution/02_frozen_branch_attribution/branch_probabilities/development_test__full__node_prob.npy
25128625	./.venv/lib/python3.12/site-packages/numpy.libs/libscipy_openblas64_-017048f4.so
25094609	./.venv/lib/python3.12/site-packages/scipy.libs/libscipy_openblas-5f890258.so
24876430	./reports/v3_failure_analysis/tables/v3_dataset_metadata.csv
24174287	./reports/v4/stage1_a1/a1_6_development_test_transfer/test_predictions.npz
23627458	./reports/v4/stage1_a2/a2_7_complete_failure_analysis/a2_test_predictions.npz
23627458	./reports/v4/stage1_a2/a2_6_development_comparison_transfer_fpr10/test_predictions.npz
22666672	./.venv/lib/python3.12/site-packages/triton/_C/libproton.so
21745107	./models/v5/p0_a4_tiny_subset_overfit/final.pt
21744949	./models/v5/p0_a4_tiny_subset_overfit/best.pt
20050728	./reports/v3_failure_analysis/tables/stage7c1_v2_target_temporal_feature_coverage.csv
15747824	./.venv/lib/python3.12/site-packages/torch_sparse/_spmm_cuda.so
15600907	./reports/v3_failure_analysis/tables/stage7c1_v2_target_raw_distribution_coverage.csv
12237416	./.venv/lib/python3.12/site-packages/torch_scatter/_segment_csr_cuda.so
11676616	./.venv/lib/python3.12/site-packages/pyg_lib/libpyg.so
11094617	./reports/v4/stage1_a1/a1_6_development_test_transfer/test_failure_cases.csv
10682329	./.venv/lib/python3.12/site-packages/numpy/_core/_multiarray_umath.cpython-312-x86_64-linux-gnu.so
10614127	./reports/v3_failure_analysis/predictions/conv1d_gcn_predictions.npz
10613304	./reports/v3_failure_analysis/stage9_chrono_round1/a1_evaluation/predictions/conv1d_gcn_predictions.npz
10612710	./reports/v3_failure_analysis/stage9_round1/a1_evaluation/predictions/conv1d_gcn_predictions.npz
10603224	./reports/v3_failure_analysis/stage9_round1/a1_evaluation/predictions/tcn_attention_gcn_predictions.npz
10603224	./reports/v3_failure_analysis/predictions/tcn_attention_gcn_predictions.npz
10571276	./reports/v3_failure_analysis/stage9_round1/a1_evaluation/predictions/tcn_meanpool_gcn_predictions.npz
10571276	./reports/v3_failure_analysis/predictions/tcn_meanpool_gcn_predictions.npz
10556141	./reports/v3_failure_analysis/stage9_round1/a1_evaluation/predictions/tcn_maxpool_gcn_predictions.npz
10556141	./reports/v3_failure_analysis/predictions/tcn_maxpool_gcn_predictions.npz
9518335	./reports/v3_failure_analysis/stage9_round1/a1_evaluation/predictions/prediction_metadata.csv
9518335	./reports/v3_failure_analysis/stage9_chrono_round1/a1_evaluation/predictions/prediction_metadata.csv
9518335	./reports/v3_failure_analysis/predictions/prediction_metadata.csv
8079336	./.venv/bin/py-spy
7879094	./reports/v4/stage1_a2/a2_6_development_comparison_transfer_fpr10/test_failure_cases.csv
7595792	./.venv/lib/python3.12/site-packages/triton/backends/nvidia/lib/cupti/libcupti.so.2025.1.1
7595792	./.venv/lib/python3.12/site-packages/triton/backends/nvidia/lib/cupti/libcupti.so.12
7595792	./.venv/lib/python3.12/site-packages/triton/backends/nvidia/lib/cupti/libcupti.so
7432928	./.venv/lib/python3.12/site-packages/cuda/bindings/driver.cpython-312-x86_64-linux-gnu.so
7305416	./.venv/lib/python3.12/site-packages/triton/instrumentation/libGPUInstrumentationTestLib.so
6755920	./.venv/lib/python3.12/site-packages/scipy/optimize/_highspy/_core.cpython-312-x86_64-linux-gnu.so
6604638	./reports/v3_failure_analysis/tables/stage7c1_v2_target_saturation_pattern_coverage.csv
6328165	./reports/v3_failure_analysis/tables/stage7c1_v2_target_global_coverage.csv
5739552	./.venv/lib/python3.12/site-packages/kiwisolver/_cext.cpython-312-x86_64-linux-gnu.so
5677336	./reports/v4/stage1_a3/a3_10_complete_failure_analysis/a3_true_attacker_rank.csv
5398176	./.venv/lib/python3.12/site-packages/cuda/bindings/runtime.cpython-312-x86_64-linux-gnu.so
5304944	./.venv/lib/python3.12/site-packages/nvidia/cu13/lib/libnvperf_target.so
5285920	./.venv/lib/python3.12/site-packages/torch/bin/protoc-3.13.0.0
5285920	./.venv/lib/python3.12/site-packages/torch/bin/protoc
5275312	./.venv/lib/python3.12/site-packages/triton/backends/nvidia/lib/cupti/libnvperf_target.so
5221712	./reports/v3_failure_analysis/stage9_round1/logs/49_stage9_a1_conv1d_exact_training.log
5204832	./reports/v3_failure_analysis/stage9_round1/logs/50_stage9_b1_conv1d_class_run_balanced_seed7.log
5204832	./reports/v3_failure_analysis/stage9_round1/b1_scenario_balanced/training_result_bundle_seed7/50_stage9_b1_conv1d_class_run_balanced_seed7.log
5203513	./.venv/lib/python3.12/site-packages/pillow.libs/libavif-8a7f9d56.so.16.4.2
5203026	./artifacts/v5/p2_e1_immutable_validation_logit_archive/stable_items.jsonl
5192373	./reports/v3_failure_analysis/stage9_chrono_round1/logs/10_stage9_chrono_a1_conv1d_exact_reproduction_seed7.log
5189810	./reports/v3_failure_analysis/stage9_chrono_round1/c1_mean_plus_max_seed7/c1_3_seed7_training/c1_seed7_training.log
5186648	./reports/v3_failure_analysis/tables/stage7c1_v2_training_dimension_reference.csv
5006832	./.venv/lib/python3.12/site-packages/triton/backends/nvidia/bin/nvdisasm
4786296	./.venv/lib/python3.12/site-packages/fontTools/misc/bezierTools.cpython-312-x86_64-linux-gnu.so
4781865	./reports/v3_failure_analysis/stage7e_graph_node_interaction/tables/stage7e_hard_attack_window_details.csv
4780776	./reports/v3_failure_analysis/stage9_round1/a1_evaluation/stage9_a1_stage7e_results/stage7e_graph_node_interaction/tables/stage7e_hard_attack_window_details.csv
4780776	./reports/v3_failure_analysis/stage9_round1/a1_evaluation/stage7e_graph_node_interaction/tables/stage7e_hard_attack_window_details.csv
4754088	./.venv/lib/python3.12/site-packages/torch_scatter/_scatter_cuda.so
4641960	./.venv/lib/python3.12/site-packages/cuda/bindings/nvml.cpython-312-x86_64-linux-gnu.so
4554512	./.venv/lib/python3.12/site-packages/scipy/sparse/_sparsetools.cpython-312-x86_64-linux-gnu.so
4528400	./models/v4/v4_a2_capacitylift_conv1d_gcn_seed7/splits.npz
4528400	./models/v4/v4_a1_conv1d_gcn_seed7/splits.npz
4460192	./.venv/lib/python3.12/site-packages/nvidia/cudnn/lib/libcudnn_graph.so.9
4391516	./logs/v3_chrono/stage9_b1_conv1d_scenario_balanced_seed7.log
4380616	./.venv/lib/python3.12/site-packages/nvidia/cu13/lib/libnvrtc-builtins.so.13.0
4372424	./.venv/lib/python3.12/site-packages/nvidia/cu13/lib/libnvrtc-builtins.alt.so.13.0
4203904	./.venv/lib/python3.12/site-packages/nvidia/cudnn/lib/libcudnn_cnn.so.9
4152208	./.venv/lib/python3.12/site-packages/nvidia/cu13/lib/libcupti.so.13
4135198	./reports/v3_failure_analysis/tables/matched_run_model_agreement.csv
4126701	./reports/v3_failure_analysis/stage9_round1/a1_evaluation/tables/matched_run_model_agreement.csv
4098088	./.venv/lib/python3.12/site-packages/scipy/io/_fast_matrix_market/_fmm_core.cpython-312-x86_64-linux-gnu.so
4003481	./.venv/lib/python3.12/site-packages/torch/lib/libtorch_nvshmem.so
3929633	./models/v4/v4_a3_sourcepreserve_countaware_rank_mask_seed7/train_val_indices.npz
3929633	./models/v4/v4_a3_sourcepreserve_countaware_rank_mask_seed7.archived.20260723T181407Z/train_val_indices.npz
3929633	./models/v4/v4_a3_sourcepreserve_countaware_rank_mask_seed7.archived.20260723T180818Z/train_val_indices.npz
3929633	./models/v4/v4_a3_sourcepreserve_countaware_rank_mask_seed7.archived.20260723T163224Z/train_val_indices.npz
3929633	./models/v4/v4_a3_sourcepreserve_countaware_rank_mask_seed7.archived.20260723T162714Z/train_val_indices.npz
3738362	./artifacts/v5/p2_preflight_concrete_interface_resolution/V5_P2_PREFLIGHT_CONCRETE_INTERFACE_INVENTORY.json
3607562	./.venv/share/jupyter/nbextensions/jupyter-js-widgets/extension.js.map
3607562	./.venv/lib/python3.12/site-packages/widgetsnbextension/static/extension.js.map
3505603	./references/GNN_UofF.pdf
3402345	./.venv/lib/python3.12/site-packages/PIL/_imaging.cpython-312-x86_64-linux-gnu.so
3394152	./.venv/lib/python3.12/site-packages/matplotlib/ft2font.cpython-312-x86_64-linux-gnu.so
3331678	./reports/v3_failure_analysis/stage9_chrono_round1/b1_scenario_balanced_seed7/b1_14_17_combined_final_analysis/final_b1_report.json
3170800	./.venv/lib/python3.12/site-packages/nvidia/cu13/lib/libcufile.so.0
3169382	./reports/v5/p2_g3_role_aware_multilabel_training/gcnconv/seed_107/V5_P2_G3_GCNCONV_SEED_107_VALIDATION_PREDICTIONS.npz
3154669	./reports/v5/p2_g3_role_aware_multilabel_training/graphconv/seed_127/V5_P2_G3_GRAPHCONV_SEED_127_VALIDATION_PREDICTIONS.npz
3153686	./reports/v5/p2_g3_role_aware_multilabel_training/conv1d/seed_127/V5_P2_G3_CONV1D_SEED_127_VALIDATION_PREDICTIONS.npz
3137623	./reports/v5/p2_b4_validation_threshold_tuning/V5_P2_B4_VALIDATION_PREDICTION_CACHE.npz
3134612	./reports/v5/p2_g3_role_aware_multilabel_training/conv1d/seed_117/V5_P2_G3_CONV1D_SEED_117_VALIDATION_PREDICTIONS.npz
3129874	./reports/v5/p2_g3_role_aware_multilabel_training/conv1d/seed_107/V5_P2_G3_CONV1D_SEED_107_VALIDATION_PREDICTIONS.npz
3128643	./reports/v5/p2_g3_role_aware_multilabel_training/graphconv/seed_117/V5_P2_G3_GRAPHCONV_SEED_117_VALIDATION_PREDICTIONS.npz
3098068	./reports/v5/p2_g3_role_aware_multilabel_training/gcnconv/seed_117/V5_P2_G3_GCNCONV_SEED_117_VALIDATION_PREDICTIONS.npz
3045632	./.venv/lib/python3.12/site-packages/debugpy/_vendored/pydevd/_pydevd_bundle/pydevd_cython.cpython-312-x86_64-linux-gnu.so
2976984	./.venv/lib/python3.12/site-packages/aiohttp/_http_parser.cpython-312-x86_64-linux-gnu.so
2974614	./.venv/lib/python3.12/site-packages/nvidia/nvshmem/lib/libnvshmem_device.a
2954211	./reports/v5/p2_b6_one_shot_test_evaluation/V5_P2_B6_LOCKED_TEST_PREDICTIONS_AND_TARGETS.npz
2865464	./reports/v5/p2_g3_role_aware_multilabel_training/graphconv/seed_107/V5_P2_G3_GRAPHCONV_SEED_107_VALIDATION_PREDICTIONS.npz
2862249	./.venv/lib/python3.12/site-packages/numpy.libs/libgfortran-83c28eba-b4027c22.so.5.0.0
2845911	./reports/v5/p2_g3_role_aware_multilabel_training/gcnconv/seed_127/V5_P2_G3_GCNCONV_SEED_127_VALIDATION_PREDICTIONS.npz
2833617	./.venv/lib/python3.12/site-packages/scipy.libs/libgfortran-040039e1-0352e75f.so.5.0.0
2812929	./reports/v3_failure_analysis/tables/stage7c1_v2_training_cohort_reference.csv
2714697	./.venv/lib/python3.12/site-packages/scipy.libs/libgfortran-83c28eba.so.5.0.0
2707774	./reports/v3_failure_analysis/stage9_chrono_round1/b1_scenario_balanced_seed7/b1_9_validation_predictions/b1_validation_predictions.npz
2702273	./reports/v3_failure_analysis/stage9_chrono_round1/b1_scenario_balanced_seed7/b1_12_test_threshold_transfer/b1_test_predictions.npz
2682607	./reports/v3_failure_analysis/stage9_chrono_round1/c1_mean_plus_max_seed7/c1_5_blind_test_transfer/a1_test_predictions.npz
2682607	./reports/v3_failure_analysis/stage9_chrono_round1/b1_scenario_balanced_seed7/b1_12_test_threshold_transfer/a1_test_predictions.npz
2681422	./reports/v3_failure_analysis/stage9_chrono_round1/c1_mean_plus_max_seed7/c1_4_validation_gate/a1_validation_predictions.npz
2681422	./reports/v3_failure_analysis/stage9_chrono_round1/b1_scenario_balanced_seed7/b1_9_validation_predictions/a1_validation_predictions.npz
2679264	./.venv/lib/python3.12/site-packages/yaml/_yaml.cpython-312-x86_64-linux-gnu.so
2667205	./reports/v3_failure_analysis/stage9_chrono_round1/g1_graphconv_seed7/g1_3_validation_gate/a1_validation_predictions.npz
2665420	./reports/v3_failure_analysis/stage9_chrono_round1/g1_graphconv_seed7/g1_3_validation_gate/g1_validation_predictions.npz
2640343	./reports/v3_failure_analysis/stage9_chrono_round1/c1_mean_plus_max_seed7/c1_5_blind_test_transfer/c1_test_predictions.npz
2615452	./reports/v3_failure_analysis/stage9_chrono_round1/c1_mean_plus_max_seed7/c1_4_validation_gate/c1_validation_predictions.npz
2568753	./.venv/lib/python3.12/site-packages/scipy/linalg/_flapack.cpython-312-x86_64-linux-gnu.so
2546504	./.venv/share/jupyter/lab/static/jlab_core.5f7fb9d28938f8ef.js
2546504	./.venv/lib/python3.12/site-packages/jupyterlab/static/jlab_core.5f7fb9d28938f8ef.js
2540611	./.venv/lib/python3.12/site-packages/debugpy/_vendored/pydevd/_pydevd_bundle/pydevd_cython.c
2513094	./.venv/lib/python3.12/site-packages/notebook/static/notebook_core.2ef41b6716a70667.js
2470096	./.venv/lib/python3.12/site-packages/debugpy/_vendored/pydevd/_pydevd_sys_monitoring/_pydevd_sys_monitoring_cython.cpython-312-x86_64-linux-gnu.so
2446128	./.venv/lib/python3.12/site-packages/scipy/special/cython_special.cpython-312-x86_64-linux-gnu.so
2389288	./.venv/lib/python3.12/site-packages/scipy/fft/_duccfft/pyduccfft.cpython-312-x86_64-linux-gnu.so
2374344	./.venv/lib/python3.12/site-packages/pandas/_libs/hashtable.cpython-312-x86_64-linux-gnu.so
2365997	./reports/v3_failure_analysis/tables/stage7c1_v2_training_router_feature_reference.csv
2342168	./.venv/lib/python3.12/site-packages/triton/plugins/libMLIRDialectPlugin.so.23.0git
2342168	./.venv/lib/python3.12/site-packages/triton/plugins/libMLIRDialectPlugin.so
2271610	./.venv/lib/python3.12/site-packages/torch/include/ATen/RedispatchFunctions.h
2237744	./.venv/lib/python3.12/site-packages/pandas/_libs/groupby.cpython-312-x86_64-linux-gnu.so
2233059	./.venv/lib/python3.12/site-packages/jupyter_builder/yarn.js
2124814	./reports/v3_failure_analysis/tables/stage7c1_v2_target_spatial_coverage.csv
2085609	./artifacts/rtl/v3_a1_rtl_bringup_package/reports/h1b0r_source_focused_provenance/reports/source_focused_evidence.csv
2081448	./.venv/lib/python3.12/site-packages/scipy/special/_ufuncs_cxx.cpython-312-x86_64-linux-gnu.so
1955400	./.venv/lib/python3.12/site-packages/pandas/_libs/algos.cpython-312-x86_64-linux-gnu.so
1933793	./.venv/lib/python3.12/site-packages/debugpy/_vendored/pydevd/_pydevd_sys_monitoring/_pydevd_sys_monitoring_cython.c
1925962	./reports/v3_failure_analysis/tables/stage7b_selected_router_feature_summary.csv
1904524	./reports/v3_failure_analysis/tables/stage7c2_distance_results.csv
1900542	./reports/v4/stage1_a3/a3_11_temporal_aggregation_precision_first/01_validation_search/localization_candidates.csv
1837643	./.venv/lib/python3.12/site-packages/fontTools/misc/bezierTools.c
1823957	./artifacts/rtl/releases/v3_a1_rtl_model_core_bringup_package.zip
1800497	./.venv/lib/python3.12/site-packages/pillow.libs/libzstd-44be1190.so.1.5.7
1793784	./.venv/lib/python3.12/site-packages/aiohttp/_websocket/reader_c.cpython-312-x86_64-linux-gnu.so
1784532	./.venv/lib/python3.12/site-packages/torch/include/ATen/VmapGeneratedPlumbing.h
1659864	./.venv/lib/python3.12/site-packages/scipy/special/_special_ufuncs.cpython-312-x86_64-linux-gnu.so
1650312	./.venv/lib/python3.12/site-packages/fontTools/varLib/iup.cpython-312-x86_64-linux-gnu.so
1644872	./.venv/lib/python3.12/site-packages/triton/backends/nvidia/lib/cupti/libcheckpoint.so
1625093	./reports/v3_failure_analysis/stage9_chrono_round1/g1_graphconv_seed7/g1_2_seed7_training/g1_training_console.log
1602927	./reports/v3_failure_analysis/stage9_round1/a1_evaluation/stage9_a1_stage7e_results.tar.gz
1565241	./.venv/lib/python3.12/site-packages/torch/lib/libc10.so
1560081	./.venv/lib/python3.12/site-packages/sklearn/_loss/_loss.cpython-312-x86_64-linux-gnu.so
1506088	./.venv/lib/python3.12/site-packages/numpy/_core/_simd.cpython-312-x86_64-linux-gnu.so
1496216	./.venv/lib/python3.12/site-packages/scipy/special/_ufuncs.cpython-312-x86_64-linux-gnu.so
1467713	./.venv/lib/python3.12/site-packages/pillow.libs/libfreetype-9fc94c80.so.6.20.6
1466430	./reports/v4/stage1_a3/a3_11_temporal_aggregation_precision_first/06_a3_11_closure_hard_normal_audit/target_decision_trace.csv
1462985	./.venv/share/jupyter/lab/static/4324.764a63584c864a84.js
1462985	./.venv/lib/python3.12/site-packages/jupyterlab/static/4324.764a63584c864a84.js
1462975	./.venv/lib/python3.12/site-packages/notebook/static/4680.0b2cb0230141d537.js
1452687	./reports/v3_failure_analysis/tables/stage7c1_v2_training_raw_feature_histograms.npz
1429744	./.venv/lib/python3.12/site-packages/torch-2.12.1.dist-info/RECORD
1429445	./.venv/lib/python3.12/site-packages/sympy/polys/benchmarks/__pycache__/bench_solvers.cpython-312.pyc
1392393	./.venv/lib/python3.12/site-packages/nvidia/cu13/include/curand_precalc.h
1388264	./.venv/lib/python3.12/site-packages/fontTools/feaLib/lexer.cpython-312-x86_64-linux-gnu.so
1382856	./.venv/lib/python3.12/site-packages/nvidia/cu13/lib/libcheckpoint.so
1361104	./.venv/lib/python3.12/site-packages/nvidia/cu13/lib/libcudart_static.a
1343114	./reports/v3_failure_analysis/stage9_round1/b1_scenario_balanced/training_sampler_audit_seed7/epoch_023_sampled_indices.npz
1343022	./reports/v3_failure_analysis/stage9_round1/b1_scenario_balanced/training_sampler_audit_seed7/epoch_051_sampled_indices.npz
1342980	./reports/v3_failure_analysis/stage9_round1/b1_scenario_balanced/training_sampler_audit_seed7/epoch_092_sampled_indices.npz
1342963	./reports/v3_failure_analysis/stage9_round1/b1_scenario_balanced/training_sampler_audit_seed7/epoch_025_sampled_indices.npz
1342942	./reports/v3_failure_analysis/stage9_round1/b1_scenario_balanced/training_sampler_audit_seed7/epoch_082_sampled_indices.npz
1342916	./reports/v3_failure_analysis/stage9_round1/b1_scenario_balanced/training_sampler_audit_seed7/epoch_061_sampled_indices.npz
1342895	./reports/v3_failure_analysis/stage9_round1/b1_scenario_balanced/training_sampler_audit_seed7/epoch_094_sampled_indices.npz
1342891	./reports/v3_failure_analysis/stage9_round1/b1_scenario_balanced/training_sampler_audit_seed7/epoch_070_sampled_indices.npz
1342886	./reports/v3_failure_analysis/stage9_round1/b1_scenario_balanced/training_sampler_audit_seed7/epoch_098_sampled_indices.npz
1342854	./reports/v3_failure_analysis/stage9_round1/b1_scenario_balanced/training_sampler_audit_seed7/epoch_008_sampled_indices.npz
1342841	./reports/v3_failure_analysis/stage9_round1/b1_scenario_balanced/training_sampler_audit_seed7/epoch_043_sampled_indices.npz
1342837	./reports/v3_failure_analysis/stage9_round1/b1_scenario_balanced/training_sampler_audit_seed7/epoch_053_sampled_indices.npz
1342829	./reports/v3_failure_analysis/stage9_round1/b1_scenario_balanced/training_sampler_audit_seed7/epoch_050_sampled_indices.npz
1342823	./reports/v3_failure_analysis/stage9_round1/b1_scenario_balanced/training_sampler_audit_seed7/epoch_010_sampled_indices.npz
1342821	./reports/v3_failure_analysis/stage9_round1/b1_scenario_balanced/training_sampler_audit_seed7/epoch_081_sampled_indices.npz
1342818	./reports/v3_failure_analysis/stage9_round1/b1_scenario_balanced/training_sampler_audit_seed7/epoch_033_sampled_indices.npz
1342817	./reports/v3_failure_analysis/stage9_round1/b1_scenario_balanced/training_sampler_audit_seed7/epoch_011_sampled_indices.npz
1342814	./reports/v3_failure_analysis/stage9_round1/b1_scenario_balanced/training_sampler_audit_seed7/epoch_045_sampled_indices.npz
1342810	./reports/v3_failure_analysis/stage9_round1/b1_scenario_balanced/training_sampler_audit_seed7/epoch_026_sampled_indices.npz
1342804	./reports/v3_failure_analysis/stage9_round1/b1_scenario_balanced/training_sampler_audit_seed7/epoch_078_sampled_indices.npz
1342802	./reports/v3_failure_analysis/stage9_round1/b1_scenario_balanced/training_sampler_audit_seed7/epoch_014_sampled_indices.npz
1342801	./reports/v3_failure_analysis/stage9_round1/b1_scenario_balanced/training_sampler_audit_seed7/epoch_091_sampled_indices.npz
1342790	./reports/v3_failure_analysis/stage9_round1/b1_scenario_balanced/training_sampler_audit_seed7/epoch_065_sampled_indices.npz
1342790	./reports/v3_failure_analysis/stage9_round1/b1_scenario_balanced/training_sampler_audit_seed7/epoch_030_sampled_indices.npz
1342785	./reports/v3_failure_analysis/stage9_round1/b1_scenario_balanced/training_sampler_audit_seed7/epoch_002_sampled_indices.npz
1342782	./reports/v3_failure_analysis/stage9_round1/b1_scenario_balanced/training_sampler_audit_seed7/epoch_021_sampled_indices.npz
1342779	./reports/v3_failure_analysis/stage9_round1/b1_scenario_balanced/training_sampler_audit_seed7/epoch_016_sampled_indices.npz
1342777	./reports/v3_failure_analysis/stage9_round1/b1_scenario_balanced/training_sampler_audit_seed7/epoch_080_sampled_indices.npz
1342771	./reports/v3_failure_analysis/stage9_round1/b1_scenario_balanced/training_sampler_audit_seed7/epoch_062_sampled_indices.npz
1342770	./reports/v3_failure_analysis/stage9_round1/b1_scenario_balanced/training_sampler_audit_seed7/epoch_075_sampled_indices.npz
1342767	./reports/v3_failure_analysis/stage9_round1/b1_scenario_balanced/training_sampler_audit_seed7/epoch_018_sampled_indices.npz
1342764	./reports/v3_failure_analysis/stage9_round1/b1_scenario_balanced/training_sampler_audit_seed7/epoch_088_sampled_indices.npz
1342756	./reports/v3_failure_analysis/stage9_round1/b1_scenario_balanced/training_sampler_audit_seed7/epoch_022_sampled_indices.npz
1342751	./reports/v3_failure_analysis/stage9_round1/b1_scenario_balanced/training_sampler_audit_seed7/epoch_097_sampled_indices.npz
1342749	./reports/v3_failure_analysis/stage9_round1/b1_scenario_balanced/training_sampler_audit_seed7/epoch_087_sampled_indices.npz
1342749	./reports/v3_failure_analysis/stage9_round1/b1_scenario_balanced/training_sampler_audit_seed7/epoch_079_sampled_indices.npz
1342749	./reports/v3_failure_analysis/stage9_round1/b1_scenario_balanced/training_sampler_audit_seed7/epoch_005_sampled_indices.npz
1342748	./reports/v3_failure_analysis/stage9_round1/b1_scenario_balanced/training_sampler_audit_seed7/epoch_027_sampled_indices.npz
1342747	./reports/v3_failure_analysis/stage9_round1/b1_scenario_balanced/training_sampler_audit_seed7/epoch_019_sampled_indices.npz
1342746	./reports/v3_failure_analysis/stage9_round1/b1_scenario_balanced/training_sampler_audit_seed7/epoch_052_sampled_indices.npz
1342745	./reports/v3_failure_analysis/stage9_round1/b1_scenario_balanced/training_sampler_audit_seed7/epoch_058_sampled_indices.npz
1342744	./reports/v3_failure_analysis/stage9_round1/b1_scenario_balanced/training_sampler_audit_seed7/epoch_038_sampled_indices.npz
1342736	./reports/v3_failure_analysis/stage9_round1/b1_scenario_balanced/training_sampler_audit_seed7/epoch_056_sampled_indices.npz
1342732	./reports/v3_failure_analysis/stage9_round1/b1_scenario_balanced/training_sampler_audit_seed7/epoch_077_sampled_indices.npz
1342728	./reports/v3_failure_analysis/stage9_round1/b1_scenario_balanced/training_sampler_audit_seed7/epoch_047_sampled_indices.npz
1342726	./reports/v3_failure_analysis/stage9_round1/b1_scenario_balanced/training_sampler_audit_seed7/epoch_059_sampled_indices.npz
1342721	./reports/v3_failure_analysis/stage9_round1/b1_scenario_balanced/training_sampler_audit_seed7/epoch_055_sampled_indices.npz
1342720	./reports/v3_failure_analysis/stage9_round1/b1_scenario_balanced/training_sampler_audit_seed7/epoch_048_sampled_indices.npz
1342714	./reports/v3_failure_analysis/stage9_round1/b1_scenario_balanced/training_sampler_audit_seed7/epoch_042_sampled_indices.npz
1342710	./reports/v3_failure_analysis/stage9_round1/b1_scenario_balanced/training_sampler_audit_seed7/epoch_020_sampled_indices.npz
1342702	./reports/v3_failure_analysis/stage9_round1/b1_scenario_balanced/training_sampler_audit_seed7/epoch_024_sampled_indices.npz
1342701	./reports/v3_failure_analysis/stage9_round1/b1_scenario_balanced/training_sampler_audit_seed7/epoch_095_sampled_indices.npz
1342697	./reports/v3_failure_analysis/stage9_round1/b1_scenario_balanced/training_sampler_audit_seed7/epoch_064_sampled_indices.npz
1342687	./reports/v3_failure_analysis/stage9_round1/b1_scenario_balanced/training_sampler_audit_seed7/epoch_034_sampled_indices.npz
1342680	./reports/v3_failure_analysis/stage9_round1/b1_scenario_balanced/training_sampler_audit_seed7/epoch_100_sampled_indices.npz
1342674	./reports/v3_failure_analysis/stage9_round1/b1_scenario_balanced/training_sampler_audit_seed7/epoch_031_sampled_indices.npz
1342672	./reports/v3_failure_analysis/stage9_round1/b1_scenario_balanced/training_sampler_audit_seed7/epoch_099_sampled_indices.npz
1342666	./reports/v3_failure_analysis/stage9_round1/b1_scenario_balanced/training_sampler_audit_seed7/epoch_076_sampled_indices.npz
1342664	./reports/v3_failure_analysis/stage9_round1/b1_scenario_balanced/training_sampler_audit_seed7/epoch_009_sampled_indices.npz
1342652	./reports/v3_failure_analysis/stage9_round1/b1_scenario_balanced/training_sampler_audit_seed7/epoch_063_sampled_indices.npz
1342644	./reports/v3_failure_analysis/stage9_round1/b1_scenario_balanced/training_sampler_audit_seed7/epoch_073_sampled_indices.npz
1342637	./reports/v3_failure_analysis/stage9_round1/b1_scenario_balanced/training_sampler_audit_seed7/epoch_089_sampled_indices.npz
1342630	./reports/v3_failure_analysis/stage9_round1/b1_scenario_balanced/training_sampler_audit_seed7/epoch_086_sampled_indices.npz
1342627	./reports/v3_failure_analysis/stage9_round1/b1_scenario_balanced/training_sampler_audit_seed7/epoch_006_sampled_indices.npz
1342623	./reports/v3_failure_analysis/stage9_round1/b1_scenario_balanced/training_sampler_audit_seed7/epoch_046_sampled_indices.npz
1342617	./reports/v3_failure_analysis/stage9_round1/b1_scenario_balanced/training_sampler_audit_seed7/epoch_028_sampled_indices.npz
1342612	./reports/v3_failure_analysis/stage9_round1/b1_scenario_balanced/training_sampler_audit_seed7/epoch_069_sampled_indices.npz
1342611	./reports/v3_failure_analysis/stage9_round1/b1_scenario_balanced/training_sampler_audit_seed7/epoch_004_sampled_indices.npz
1342602	./reports/v3_failure_analysis/stage9_round1/b1_scenario_balanced/training_sampler_audit_seed7/epoch_072_sampled_indices.npz
1342602	./reports/v3_failure_analysis/stage9_round1/b1_scenario_balanced/training_sampler_audit_seed7/epoch_036_sampled_indices.npz
1342601	./reports/v3_failure_analysis/stage9_round1/b1_scenario_balanced/training_sampler_audit_seed7/epoch_037_sampled_indices.npz
1342598	./reports/v3_failure_analysis/stage9_round1/b1_scenario_balanced/training_sampler_audit_seed7/epoch_074_sampled_indices.npz
1342597	./reports/v3_failure_analysis/stage9_round1/b1_scenario_balanced/training_sampler_audit_seed7/epoch_068_sampled_indices.npz
