/home/zira/research/projects/GNN-2d/reports/v5/p0_b8_freeze_b3_conv1d_only_architecture/V5_P0_B8_P1_PROTOCOL_BOUNDARY.json	1130	2026-07-26T00:36:12.3522124740
/home/zira/research/projects/GNN-2d/reports/v5/p0_b8_freeze_b3_conv1d_only_architecture/V5_P0_B8_P1_PROTOCOL_BOUNDARY.md	483	2026-07-26T00:36:12.3522124740
/home/zira/research/projects/GNN-2d/reports/v5/p0_c0_final_b3_training_protocol_lock/V5_P0_C0_FINAL_B3_PROTOCOL.json	5892	2026-07-26T00:50:43.2182849020
/home/zira/research/projects/GNN-2d/reports/v5/p0_c0_final_b3_training_protocol_lock/V5_P0_C0_FINAL_B3_PROTOCOL.md	1529	2026-07-26T00:50:43.2182849020
/home/zira/research/projects/GNN-2d/reports/v5/p0_c0_final_b3_training_protocol_lock/V5_P0_C0_FINAL_B3_TRAINING_PROTOCOL_LOCK_COMPLETE	50	2026-07-26T00:50:43.2192849300
/home/zira/research/projects/GNN-2d/reports/v5/p0_c0_final_b3_training_protocol_lock/V5_P0_C0_FINAL_B3_TRAINING_PROTOCOL_LOCK.json	7904	2026-07-26T00:50:43.2192849300
/home/zira/research/projects/GNN-2d/reports/v5/p0_c0_final_b3_training_protocol_lock/V5_P0_C0_FINAL_B3_TRAINING_PROTOCOL_LOCK_LOCK.json	840	2026-07-26T00:50:43.2192849300
/home/zira/research/projects/GNN-2d/reports/v5/p0_c3_one_shot_locked_test_evaluation/V5_P0_C3_ONE_SHOT_LOCKED_TEST_EVALUATION_COMPLETE	50	2026-07-26T01:41:44.9346681380
/home/zira/research/projects/GNN-2d/reports/v5/p0_c3_one_shot_locked_test_evaluation/V5_P0_C3_ONE_SHOT_LOCKED_TEST_EVALUATION.json	7665	2026-07-26T01:41:44.9336681010
/home/zira/research/projects/GNN-2d/reports/v5/p0_c3_one_shot_locked_test_evaluation/V5_P0_C3_ONE_SHOT_LOCKED_TEST_EVALUATION_LOCK.json	951	2026-07-26T01:41:44.9346681380
/home/zira/research/projects/GNN-2d/reports/v5/p0_c3_one_shot_locked_test_evaluation/V5_P0_C3_ONE_SHOT_LOCKED_TEST_EVALUATION_TEST_ACCESS_STARTED	61	2026-07-26T01:41:42.4665758400
/home/zira/research/projects/GNN-2d/reports/v5/p0_c3_one_shot_locked_test_evaluation/V5_P0_C3_ONE_SHOT_LOCKED_TEST_EVALUATION_TEST_ACCESS_STARTED.json	588	2026-07-26T01:41:42.4665758400
/home/zira/research/projects/GNN-2d/reports/v5/p0_final_results_archive_and_p2_handoff/archive/V5_P0_C0_FINAL_B3_PROTOCOL.json	5892	2026-07-26T00:50:43.2182849020
/home/zira/research/projects/GNN-2d/reports/v5/p0_final_results_archive_and_p2_handoff/archive/V5_P0_C0_FINAL_B3_PROTOCOL.md	1529	2026-07-26T00:50:43.2182849020
/home/zira/research/projects/GNN-2d/reports/v5/p0_final_results_archive_and_p2_handoff/archive/V5_P0_C0_FINAL_B3_TRAINING_PROTOCOL_LOCK.json	7904	2026-07-26T00:50:43.2192849300
/home/zira/research/projects/GNN-2d/reports/v5/p0_final_results_archive_and_p2_handoff/archive/V5_P0_C0_FINAL_B3_TRAINING_PROTOCOL_LOCK_LOCK.json	840	2026-07-26T00:50:43.2192849300
/home/zira/research/projects/GNN-2d/reports/v5/p0_final_results_archive_and_p2_handoff/archive/V5_P0_C3_ONE_SHOT_LOCKED_TEST_EVALUATION.json	7665	2026-07-26T01:41:44.9336681010
/home/zira/research/projects/GNN-2d/reports/v5/p0_final_results_archive_and_p2_handoff/archive/V5_P0_C3_ONE_SHOT_LOCKED_TEST_EVALUATION_LOCK.json	951	2026-07-26T01:41:44.9346681380
/home/zira/research/projects/GNN-2d/reports/v5/p0_final_results_archive_and_p2_handoff/V5_P0_FINAL_ARCHIVE_MANIFEST.json	10739	2026-07-26T01:55:52.1419465450
/home/zira/research/projects/GNN-2d/reports/v5/p2_a1_r2_pair_aligned_window_contract/V5_P2_A1_R2_PAIR_ALIGNED_WINDOW_CONTRACT_COMPLETE	50	2026-07-26T02:46:07.7597636920
/home/zira/research/projects/GNN-2d/reports/v5/p2_a1_r2_pair_aligned_window_contract/V5_P2_A1_R2_PAIR_ALIGNED_WINDOW_CONTRACT.json	5234	2026-07-26T02:46:07.7597636920
/home/zira/research/projects/GNN-2d/reports/v5/p2_a1_r2_pair_aligned_window_contract/V5_P2_A1_R2_PAIR_ALIGNED_WINDOW_CONTRACT_LOCK.json	984	2026-07-26T02:46:07.7597636920
/home/zira/research/projects/GNN-2d/reports/v5/p2_a1_r2_pair_aligned_window_contract/V5_P2_A1_R2_PAIR_ALIGNED_WINDOW_CONTRACT.md	1334	2026-07-26T02:46:07.7597636920
/home/zira/research/projects/GNN-2d/reports/v5/p2_a1_r2_pair_aligned_window_contract/V5_P2_A1_R2_PAIR_ALIGNED_WINDOW_MANIFEST.csv	65038	2026-07-26T02:46:07.7587636590
/home/zira/research/projects/GNN-2d/reports/v5/p2_a3_pair_aligned_primary58_loader_contract/V5_P2_A3_PAIR_ALIGNED_PRIMARY58_LOADER_CONTRACT_COMPLETE	57	2026-07-26T03:13:22.2463852070
/home/zira/research/projects/GNN-2d/reports/v5/p2_a3_pair_aligned_primary58_loader_contract/V5_P2_A3_PAIR_ALIGNED_PRIMARY58_LOADER_CONTRACT.json	12789	2026-07-26T03:13:22.2463852070
/home/zira/research/projects/GNN-2d/reports/v5/p2_a3_pair_aligned_primary58_loader_contract/V5_P2_A3_PAIR_ALIGNED_PRIMARY58_LOADER_CONTRACT_LOCK.json	1168	2026-07-26T03:13:22.2463852070
/home/zira/research/projects/GNN-2d/reports/v5/p2_a3_pair_aligned_primary58_loader_contract/V5_P2_A3_PAIR_ALIGNED_PRIMARY58_LOADER_CONTRACT.md	1375	2026-07-26T03:13:22.2463852070
/home/zira/research/projects/GNN-2d/reports/v5/p2_b1_training_protocol_lock/V5_P2_B1_TRAINING_PROTOCOL.json	8316	2026-07-26T04:12:26.0942121550
/home/zira/research/projects/GNN-2d/reports/v5/p2_b1_training_protocol_lock/V5_P2_B1_TRAINING_PROTOCOL_LOCK_COMPLETE	41	2026-07-26T04:12:26.0952121710
/home/zira/research/projects/GNN-2d/reports/v5/p2_b1_training_protocol_lock/V5_P2_B1_TRAINING_PROTOCOL_LOCK.json	11434	2026-07-26T04:12:26.0952121710
/home/zira/research/projects/GNN-2d/reports/v5/p2_b1_training_protocol_lock/V5_P2_B1_TRAINING_PROTOCOL_LOCK_LOCK.json	1154	2026-07-26T04:12:26.0952121710
/home/zira/research/projects/GNN-2d/reports/v5/p2_b1_training_protocol_lock/V5_P2_B1_TRAINING_PROTOCOL.md	1972	2026-07-26T04:12:26.0942121550
/home/zira/research/projects/GNN-2d/reports/v5/p2_b3_seed_checkpoint_selection/V5_P2_B3_SEED_AND_CHECKPOINT_SELECTION_COMPLETE	48	2026-07-26T08:03:50.6738742370
/home/zira/research/projects/GNN-2d/reports/v5/p2_b3_seed_checkpoint_selection/V5_P2_B3_SEED_AND_CHECKPOINT_SELECTION.json	8349	2026-07-26T08:03:50.6728741690
/home/zira/research/projects/GNN-2d/reports/v5/p2_b3_seed_checkpoint_selection/V5_P2_B3_SEED_AND_CHECKPOINT_SELECTION_LOCK.json	1388	2026-07-26T08:03:50.6738742370
/home/zira/research/projects/GNN-2d/reports/v5/p2_b3_seed_checkpoint_selection/V5_P2_B3_SELECTED_CHECKPOINT_MANIFEST.json	6201	2026-07-26T08:03:50.6728741690
/home/zira/research/projects/GNN-2d/reports/v5/p2_b4_validation_threshold_tuning/V5_P2_B4_FROZEN_THRESHOLD_MANIFEST.json	6900	2026-07-26T08:12:30.6199785890
/home/zira/research/projects/GNN-2d/reports/v5/p2_b6_one_shot_test_evaluation/V5_P2_B6_LOCKED_TEST_PREDICTIONS_AND_TARGETS.npz	2954211	2026-07-26T08:28:44.9575478700
/home/zira/research/projects/GNN-2d/reports/v5/p2_b6_one_shot_test_evaluation/V5_P2_B6_ONE_SHOT_TEST_EVALUATION_COMPLETE	43	2026-07-26T08:28:44.9615480180
/home/zira/research/projects/GNN-2d/reports/v5/p2_b6_one_shot_test_evaluation/V5_P2_B6_ONE_SHOT_TEST_EVALUATION.json	12562	2026-07-26T08:28:44.9605479810
/home/zira/research/projects/GNN-2d/reports/v5/p2_b6_one_shot_test_evaluation/V5_P2_B6_ONE_SHOT_TEST_EVALUATION_LOCK.json	1479	2026-07-26T08:28:44.9615480180
/home/zira/research/projects/GNN-2d/reports/v5/p2_b6_one_shot_test_evaluation/V5_P2_B6_ONE_SHOT_TEST_EVALUATION_TEST_ACCESS_STARTED	54	2026-07-26T08:28:38.3723037660
/home/zira/research/projects/GNN-2d/reports/v5/p2_b6_one_shot_test_evaluation/V5_P2_B6_ONE_SHOT_TEST_EVALUATION_TEST_ACCESS_STARTED.json	739	2026-07-26T08:28:38.3723037660
/home/zira/research/projects/GNN-2d/reports/v5/p2_b6_one_shot_test_evaluation/V5_P2_B6_TEST_PAIR_WINDOW_MANIFEST.csv	2873	2026-07-26T08:28:44.9585479070
/home/zira/research/projects/GNN-2d/reports/v5/p2_c2a_legal_noc_decoder_amendment/V5_P2_C2A_DECODER_STAGE_PLAN.json	1930	2026-07-26T14:11:44.6825336270
/home/zira/research/projects/GNN-2d/reports/v5/p2_c2a_legal_noc_decoder_amendment/V5_P2_C2A_LEGAL_NOC_DECODER_AMENDMENT_COMPLETE	47	2026-07-26T14:11:44.6825336270
/home/zira/research/projects/GNN-2d/reports/v5/p2_c2a_legal_noc_decoder_amendment/V5_P2_C2A_LEGAL_NOC_DECODER_AMENDMENT.json	3148	2026-07-26T14:11:44.6815336380
/home/zira/research/projects/GNN-2d/reports/v5/p2_c2a_legal_noc_decoder_amendment/V5_P2_C2A_LEGAL_NOC_DECODER_AMENDMENT_LOCK.json	1494	2026-07-26T14:11:44.6825336270
/home/zira/research/projects/GNN-2d/reports/v5/p2_c2a_legal_noc_decoder_amendment/V5_P2_C2A_LEGAL_NOC_DECODER_AMENDMENT.md	1449	2026-07-26T14:11:44.6825336270
/home/zira/research/projects/GNN-2d/reports/v5/p2_c2a_legal_noc_decoder_amendment/V5_P2_C2A_P2_VS_V6_EVALUATION_POLICY.json	1165	2026-07-26T14:11:44.6825336270
/home/zira/research/projects/GNN-2d/reports/v5/p2_e0_validation_threshold_protocol_lock/V5_P2_E0_VALIDATION_THRESHOLD_PROTOCOL_LOCK_COMPLETE	447	2026-07-28T01:04:37.5839837290
/home/zira/research/projects/GNN-2d/reports/v5/p2_e0_validation_threshold_protocol_lock/V5_P2_E0_VALIDATION_THRESHOLD_PROTOCOL_LOCK.json	5966	2026-07-28T01:04:37.5839837290
/home/zira/research/projects/GNN-2d/reports/v5/p2_e0_validation_threshold_protocol_lock/V5_P2_E0_VALIDATION_THRESHOLD_PROTOCOL_LOCK.md	1959	2026-07-28T01:04:37.5839837290
/home/zira/research/projects/GNN-2d/reports/v5/p2_e0_validation_threshold_protocol_lock/V5_P2_E0_VALIDATION_THRESHOLD_PROTOCOL_LOCK_SHA256SUMS.txt	1193	2026-07-28T01:04:37.5849837480
/home/zira/research/projects/GNN-2d/reports/v5/p2_final_raw_a0_a1_one_shot_blind_evaluation/V5_P2_FINAL_RAW_A0_A1_ONE_SHOT_BLIND_EVALUATION_IRREVERSIBLE_FAILURE	69	2026-07-30T04:13:00.7969083510
/home/zira/research/projects/GNN-2d/reports/v5/p2_final_raw_a0_a1_one_shot_blind_evaluation/V5_P2_FINAL_RAW_A0_A1_ONE_SHOT_BLIND_EVALUATION_IRREVERSIBLE_FAILURE.json	925	2026-07-30T04:13:00.7969083510
/home/zira/research/projects/GNN-2d/reports/v5/p2_final_raw_a0_a1_one_shot_blind_evaluation/V5_P2_FINAL_RAW_A0_A1_ONE_SHOT_BLIND_EVALUATION_TEST_ACCESS_STARTED	735	2026-07-30T04:13:00.7929082780
/home/zira/research/projects/GNN-2d/reports/v5/p2_g0_graph_baseline_rtl_handoff_protocol/V5_P2_G0_GRAPH_BASELINE_AND_RTL_HANDOFF_PROTOCOL_COMPLETE	58	2026-07-26T14:40:19.1542731950
/home/zira/research/projects/GNN-2d/reports/v5/p2_g0_graph_baseline_rtl_handoff_protocol/V5_P2_G0_GRAPH_BASELINE_AND_RTL_HANDOFF_PROTOCOL.json	2753	2026-07-26T14:40:19.1532731670
/home/zira/research/projects/GNN-2d/reports/v5/p2_g0_graph_baseline_rtl_handoff_protocol/V5_P2_G0_GRAPH_BASELINE_AND_RTL_HANDOFF_PROTOCOL_LOCK.json	2764	2026-07-26T14:40:19.1532731670
/home/zira/research/projects/GNN-2d/reports/v5/p2_g0_graph_baseline_rtl_handoff_protocol/V5_P2_G0_GRAPH_BASELINE_AND_RTL_HANDOFF_PROTOCOL.md	1667	2026-07-26T14:40:19.1532731670
/home/zira/research/projects/GNN-2d/reports/v5/p2_g0_graph_baseline_rtl_handoff_protocol/V5_P2_G0_GRAPH_OPERATOR_CONTRACTS.json	1985	2026-07-26T14:40:19.1532731670
/home/zira/research/projects/GNN-2d/reports/v5/p2_g0_graph_baseline_rtl_handoff_protocol/V5_P2_G0_P2_TEST_ACCESS_POLICY.json	1108	2026-07-26T14:40:19.1532731670
/home/zira/research/projects/GNN-2d/reports/v5/p2_g0_graph_baseline_rtl_handoff_protocol/V5_P2_G0_RTL_HANDOFF_REQUIREMENTS.json	2822	2026-07-26T14:40:19.1532731670
/home/zira/research/projects/GNN-2d/reports/v5/p2_g0_graph_baseline_rtl_handoff_protocol/V5_P2_G0_STAGE_PLAN.json	1759	2026-07-26T14:40:19.1532731670
/home/zira/research/projects/GNN-2d/reports/v5/p2_g0_graph_baseline_rtl_handoff_protocol/V5_P2_G0_STOP_GO_CRITERIA.json	1701	2026-07-26T14:40:19.1532731670
/home/zira/research/projects/GNN-2d/reports/v5/p2_g0_graph_baseline_rtl_handoff_protocol/V5_P2_G0_TASK_AND_MODEL_MATRIX.json	3072	2026-07-26T14:40:19.1532731670
/home/zira/research/projects/GNN-2d/reports/v5/p2_g0_graph_baseline_rtl_handoff_protocol/V5_P2_G0_TRAINING_SELECTION_AND_SEED_POLICY.json	3189	2026-07-26T14:40:19.1532731670
/home/zira/research/projects/GNN-2d/reports/v5/p2_g1a_r1_source_only_graph_baseline_preflight/V5_P2_G1A_R1_SOURCE_ONLY_GRAPH_BASELINE_PREFLIGHT_HOLD	55	2026-07-26T14:58:52.3979367920
/home/zira/research/projects/GNN-2d/reports/v5/p2_g1a_r1_source_only_graph_baseline_preflight/V5_P2_G1A_R1_SOURCE_ONLY_GRAPH_BASELINE_PREFLIGHT.json	9275	2026-07-26T14:58:52.3979367920
/home/zira/research/projects/GNN-2d/reports/v5/p2_g1a_r1_source_only_graph_baseline_preflight/V5_P2_G1A_R1_SOURCE_ONLY_GRAPH_BASELINE_PREFLIGHT_LOCK.json	1196	2026-07-26T14:58:52.3979367920
/home/zira/research/projects/GNN-2d/reports/v5/p2_g1a_r1_source_only_graph_baseline_preflight/V5_P2_G1A_R1_SOURCE_ONLY_GRAPH_BASELINE_PREFLIGHT.md	735	2026-07-26T14:58:52.3979367920
/home/zira/research/projects/GNN-2d/reports/v5/p2_g1a_source_only_graph_baseline_preflight_HOLD_20260726_145231/V5_P2_G1A_SOURCE_ONLY_GRAPH_BASELINE_PREFLIGHT_HOLD	52	2026-07-26T14:47:35.4601354380
/home/zira/research/projects/GNN-2d/reports/v5/p2_g1a_source_only_graph_baseline_preflight_HOLD_20260726_145231/V5_P2_G1A_SOURCE_ONLY_GRAPH_BASELINE_PREFLIGHT.json	6001	2026-07-26T14:47:35.4601354380
/home/zira/research/projects/GNN-2d/reports/v5/p2_g1a_source_only_graph_baseline_preflight_HOLD_20260726_145231/V5_P2_G1A_SOURCE_ONLY_GRAPH_BASELINE_PREFLIGHT_LOCK.json	935	2026-07-26T14:47:35.4601354380
/home/zira/research/projects/GNN-2d/reports/v5/p2_g1a_source_only_graph_baseline_preflight_HOLD_20260726_145231/V5_P2_G1A_SOURCE_ONLY_GRAPH_BASELINE_PREFLIGHT.md	610	2026-07-26T14:47:35.4601354380
/home/zira/research/projects/GNN-2d/reports/v5/p2_g1a_source_only_graph_baseline_preflight/V5_P2_G1A_SOURCE_ONLY_GRAPH_BASELINE_PREFLIGHT_HOLD	52	2026-07-26T14:52:38.5033786920
/home/zira/research/projects/GNN-2d/reports/v5/p2_g1a_source_only_graph_baseline_preflight/V5_P2_G1A_SOURCE_ONLY_GRAPH_BASELINE_PREFLIGHT.json	7727	2026-07-26T14:52:38.5033786920
/home/zira/research/projects/GNN-2d/reports/v5/p2_g1a_source_only_graph_baseline_preflight/V5_P2_G1A_SOURCE_ONLY_GRAPH_BASELINE_PREFLIGHT_LOCK.json	935	2026-07-26T14:52:38.5033786920
/home/zira/research/projects/GNN-2d/reports/v5/p2_g1a_source_only_graph_baseline_preflight/V5_P2_G1A_SOURCE_ONLY_GRAPH_BASELINE_PREFLIGHT.md	617	2026-07-26T14:52:38.5033786920
/home/zira/research/projects/GNN-2d/reports/v5/p2_g1b_r1_source_only_graph_implementation_smoke/V5_P2_G1B_R1_SOURCE_ONLY_GRAPH_IMPLEMENTATION_SMOKE_HOLD	57	2026-07-26T15:38:44.4859756720
/home/zira/research/projects/GNN-2d/reports/v5/p2_g1b_r1_source_only_graph_implementation_smoke/V5_P2_G1B_R1_SOURCE_ONLY_GRAPH_IMPLEMENTATION_SMOKE.json	1371	2026-07-26T15:38:44.4849756240
/home/zira/research/projects/GNN-2d/reports/v5/p2_g1b_r1_source_only_graph_implementation_smoke/V5_P2_G1B_R1_SOURCE_ONLY_GRAPH_IMPLEMENTATION_SMOKE_LOCK.json	1252	2026-07-26T15:38:44.4859756720
/home/zira/research/projects/GNN-2d/reports/v5/p2_g1b_r1_source_only_graph_implementation_smoke/V5_P2_G1B_R1_SOURCE_ONLY_GRAPH_IMPLEMENTATION_SMOKE.md	526	2026-07-26T15:38:44.4849756240
/home/zira/research/projects/GNN-2d/reports/v5/p2_g1b_r2_source_only_graph_implementation_smoke/V5_P2_G1B_R2_SOURCE_ONLY_GRAPH_IMPLEMENTATION_SMOKE_HOLD	57	2026-07-26T15:42:48.1915281260
/home/zira/research/projects/GNN-2d/reports/v5/p2_g1b_r2_source_only_graph_implementation_smoke/V5_P2_G1B_R2_SOURCE_ONLY_GRAPH_IMPLEMENTATION_SMOKE.json	1418	2026-07-26T15:42:48.1915281260
/home/zira/research/projects/GNN-2d/reports/v5/p2_g1b_r2_source_only_graph_implementation_smoke/V5_P2_G1B_R2_SOURCE_ONLY_GRAPH_IMPLEMENTATION_SMOKE_LOCK.json	1406	2026-07-26T15:42:48.1915281260
/home/zira/research/projects/GNN-2d/reports/v5/p2_g1b_r2_source_only_graph_implementation_smoke/V5_P2_G1B_R2_SOURCE_ONLY_GRAPH_IMPLEMENTATION_SMOKE.md	529	2026-07-26T15:42:48.1915281260
/home/zira/research/projects/GNN-2d/reports/v5/p2_g1b_r3_source_only_graph_implementation_smoke/V5_P2_G1B_R3_SOURCE_ONLY_GRAPH_IMPLEMENTATION_SMOKE_HOLD	57	2026-07-26T15:50:42.8839255200
/home/zira/research/projects/GNN-2d/reports/v5/p2_g1b_r3_source_only_graph_implementation_smoke/V5_P2_G1B_R3_SOURCE_ONLY_GRAPH_IMPLEMENTATION_SMOKE.json	1674	2026-07-26T15:50:42.8829254840
/home/zira/research/projects/GNN-2d/reports/v5/p2_g1b_r3_source_only_graph_implementation_smoke/V5_P2_G1B_R3_SOURCE_ONLY_GRAPH_IMPLEMENTATION_SMOKE_LOCK.json	1560	2026-07-26T15:50:42.8839255200
/home/zira/research/projects/GNN-2d/reports/v5/p2_g1b_r3_source_only_graph_implementation_smoke/V5_P2_G1B_R3_SOURCE_ONLY_GRAPH_IMPLEMENTATION_SMOKE.md	529	2026-07-26T15:50:42.8829254840
/home/zira/research/projects/GNN-2d/reports/v5/p2_g1b_r4_source_only_graph_implementation_smoke/V5_P2_G1B_R4_SOURCE_ONLY_GRAPH_IMPLEMENTATION_SMOKE_HOLD	57	2026-07-26T16:03:43.6534131910
/home/zira/research/projects/GNN-2d/reports/v5/p2_g1b_r4_source_only_graph_implementation_smoke/V5_P2_G1B_R4_SOURCE_ONLY_GRAPH_IMPLEMENTATION_SMOKE.json	1853	2026-07-26T16:03:43.6524131490
/home/zira/research/projects/GNN-2d/reports/v5/p2_g1b_r4_source_only_graph_implementation_smoke/V5_P2_G1B_R4_SOURCE_ONLY_GRAPH_IMPLEMENTATION_SMOKE_LOCK.json	1560	2026-07-26T16:03:43.6534131910
/home/zira/research/projects/GNN-2d/reports/v5/p2_g1b_r4_source_only_graph_implementation_smoke/V5_P2_G1B_R4_SOURCE_ONLY_GRAPH_IMPLEMENTATION_SMOKE.md	642	2026-07-26T16:03:43.6534131910
/home/zira/research/projects/GNN-2d/reports/v5/p2_g1b_source_only_graph_implementation_smoke/V5_P2_G1B_SOURCE_ONLY_GRAPH_IMPLEMENTATION_SMOKE_HOLD	54	2026-07-26T15:34:15.6055980220
/home/zira/research/projects/GNN-2d/reports/v5/p2_g1b_source_only_graph_implementation_smoke/V5_P2_G1B_SOURCE_ONLY_GRAPH_IMPLEMENTATION_SMOKE.json	1190	2026-07-26T15:34:15.6045979710
/home/zira/research/projects/GNN-2d/reports/v5/p2_g1b_source_only_graph_implementation_smoke/V5_P2_G1B_SOURCE_ONLY_GRAPH_IMPLEMENTATION_SMOKE_LOCK.json	1060	2026-07-26T15:34:15.6045979710
/home/zira/research/projects/GNN-2d/reports/v5/p2_g1b_source_only_graph_implementation_smoke/V5_P2_G1B_SOURCE_ONLY_GRAPH_IMPLEMENTATION_SMOKE.md	526	2026-07-26T15:34:15.6045979710
/home/zira/research/projects/GNN-2d/reports/v5/p2_g1c_clean_training_implementation_preflight/V5_P2_G1C_CLEAN_TRAINING_IMPLEMENTATION_PREFLIGHT_COMPLETE	59	2026-07-26T22:19:18.9412772210
/home/zira/research/projects/GNN-2d/reports/v5/p2_g1c_clean_training_implementation_preflight/V5_P2_G1C_CLEAN_TRAINING_IMPLEMENTATION_PREFLIGHT.json	4565	2026-07-26T22:19:18.9402772050
/home/zira/research/projects/GNN-2d/reports/v5/p2_g1c_clean_training_implementation_preflight/V5_P2_G1C_CLEAN_TRAINING_IMPLEMENTATION_PREFLIGHT_LOCK.json	943	2026-07-26T22:19:18.9412772210
/home/zira/research/projects/GNN-2d/reports/v5/p2_g1c_frozen_training_contract_extract_20260726_215903.txt	118813	2026-07-26T21:59:03.1399564400
/home/zira/research/projects/GNN-2d/reports/v5/p2_g1c_frozen_validation_result/g1_artifact_sha256.txt	18771	2026-07-27T02:28:23.0168711260
/home/zira/research/projects/GNN-2d/reports/v5/p2_g1c_frozen_validation_result/g1_decision.txt	695	2026-07-27T02:28:23.0178711600
/home/zira/research/projects/GNN-2d/reports/v5/p2_g1c_frozen_validation_result/V5_P2_G1C_VALIDATION_RESULT_FROZEN	0	2026-07-27T02:28:23.0188711930
/home/zira/research/projects/GNN-2d/reports/v5/p2_g1c_source_only_graph_matrix_aggregation/V5_P2_G1C_PER_SEED_RESULTS.csv	4990	2026-07-27T02:24:21.7873761230
/home/zira/research/projects/GNN-2d/reports/v5/p2_g1c_source_only_graph_matrix_aggregation/V5_P2_G1C_SOURCE_ONLY_GRAPH_MATRIX_AGGREGATION_COMPLETE	56	2026-07-27T02:24:21.7873761230
/home/zira/research/projects/GNN-2d/reports/v5/p2_g1c_source_only_graph_matrix_aggregation/V5_P2_G1C_SOURCE_ONLY_GRAPH_MATRIX_AGGREGATION.json	30527	2026-07-27T02:24:21.7873761230
/home/zira/research/projects/GNN-2d/reports/v5/p2_g1c_source_only_graph_matrix_aggregation/V5_P2_G1C_SOURCE_ONLY_GRAPH_MATRIX_AGGREGATION_LOCK.json	537	2026-07-27T02:24:21.7873761230
/home/zira/research/projects/GNN-2d/reports/v5/p2_g1c_source_only_graph_matrix_aggregation/V5_P2_G1C_THREE_SEED_SUMMARY.csv	1060	2026-07-27T02:24:21.7873761230
/home/zira/research/projects/GNN-2d/reports/v5/p2_g1c_source_only_graph_training/conv1d/seed_107/V5_P2_G1C_CONV1D_SEED_107_HISTORY.csv	13383	2026-07-26T22:44:17.7179837670
/home/zira/research/projects/GNN-2d/reports/v5/p2_g1c_source_only_graph_training/conv1d/seed_107/V5_P2_G1C_CONV1D_SEED_107_PROGRESS.json	1838	2026-07-26T22:44:17.7179837670
/home/zira/research/projects/GNN-2d/reports/v5/p2_g1c_source_only_graph_training/conv1d/seed_107/V5_P2_G1C_CONV1D_SEED_107_THRESHOLD_SWEEP.csv	83976	2026-07-26T22:44:21.1961631710
/home/zira/research/projects/GNN-2d/reports/v5/p2_g1c_source_only_graph_training/conv1d/seed_107/V5_P2_G1C_CONV1D_SEED_107_VALIDATION_PREDICTIONS.npz	767467	2026-07-26T22:44:21.2141640980
/home/zira/research/projects/GNN-2d/reports/v5/p2_g1c_source_only_graph_training/conv1d/seed_107/V5_P2_G1C_SOURCE_ONLY_GRAPH_SINGLE_RUN_COMPLETE	48	2026-07-26T22:44:22.0202056050
/home/zira/research/projects/GNN-2d/reports/v5/p2_g1c_source_only_graph_training/conv1d/seed_107/V5_P2_G1C_SOURCE_ONLY_GRAPH_SINGLE_RUN.json	11369	2026-07-26T22:44:22.0202056050
/home/zira/research/projects/GNN-2d/reports/v5/p2_g1c_source_only_graph_training/conv1d/seed_107/V5_P2_G1C_SOURCE_ONLY_GRAPH_SINGLE_RUN_TRAINING_STARTED	56	2026-07-26T22:21:09.0401772850
/home/zira/research/projects/GNN-2d/reports/v5/p2_g1c_source_only_graph_training/conv1d/seed_117/V5_P2_G1C_CONV1D_SEED_117_HISTORY.csv	11118	2026-07-26T23:53:33.3199271840
/home/zira/research/projects/GNN-2d/reports/v5/p2_g1c_source_only_graph_training/conv1d/seed_117/V5_P2_G1C_CONV1D_SEED_117_PROGRESS.json	1836	2026-07-26T23:53:33.3199271840
/home/zira/research/projects/GNN-2d/reports/v5/p2_g1c_source_only_graph_training/conv1d/seed_117/V5_P2_G1C_CONV1D_SEED_117_THRESHOLD_SWEEP.csv	84078	2026-07-26T23:53:36.8332141890
/home/zira/research/projects/GNN-2d/reports/v5/p2_g1c_source_only_graph_training/conv1d/seed_117/V5_P2_G1C_CONV1D_SEED_117_VALIDATION_PREDICTIONS.npz	781045	2026-07-26T23:53:36.8512156570
/home/zira/research/projects/GNN-2d/reports/v5/p2_g1c_source_only_graph_training/conv1d/seed_117/V5_P2_G1C_SOURCE_ONLY_GRAPH_SINGLE_RUN_COMPLETE	48	2026-07-26T23:53:37.6562812500
/home/zira/research/projects/GNN-2d/reports/v5/p2_g1c_source_only_graph_training/conv1d/seed_117/V5_P2_G1C_SOURCE_ONLY_GRAPH_SINGLE_RUN.json	11359	2026-07-26T23:53:37.6562812500
/home/zira/research/projects/GNN-2d/reports/v5/p2_g1c_source_only_graph_training/conv1d/seed_117/V5_P2_G1C_SOURCE_ONLY_GRAPH_SINGLE_RUN_TRAINING_STARTED	56	2026-07-26T23:36:43.5984655970
/home/zira/research/projects/GNN-2d/reports/v5/p2_g1c_source_only_graph_training/conv1d/seed_127/V5_P2_G1C_CONV1D_SEED_127_HISTORY.csv	10921	2026-07-27T01:18:22.4355814000
/home/zira/research/projects/GNN-2d/reports/v5/p2_g1c_source_only_graph_training/conv1d/seed_127/V5_P2_G1C_CONV1D_SEED_127_PROGRESS.json	1837	2026-07-27T01:18:22.4355814000
/home/zira/research/projects/GNN-2d/reports/v5/p2_g1c_source_only_graph_training/conv1d/seed_127/V5_P2_G1C_CONV1D_SEED_127_THRESHOLD_SWEEP.csv	83765	2026-07-27T01:18:25.6316535950
/home/zira/research/projects/GNN-2d/reports/v5/p2_g1c_source_only_graph_training/conv1d/seed_127/V5_P2_G1C_CONV1D_SEED_127_VALIDATION_PREDICTIONS.npz	779758	2026-07-27T01:18:25.6476539570
/home/zira/research/projects/GNN-2d/reports/v5/p2_g1c_source_only_graph_training/conv1d/seed_127/V5_P2_G1C_SOURCE_ONLY_GRAPH_SINGLE_RUN_COMPLETE	48	2026-07-27T01:18:26.5706748330
/home/zira/research/projects/GNN-2d/reports/v5/p2_g1c_source_only_graph_training/conv1d/seed_127/V5_P2_G1C_SOURCE_ONLY_GRAPH_SINGLE_RUN.json	11361	2026-07-27T01:18:26.5696748110
/home/zira/research/projects/GNN-2d/reports/v5/p2_g1c_source_only_graph_training/conv1d/seed_127/V5_P2_G1C_SOURCE_ONLY_GRAPH_SINGLE_RUN_TRAINING_STARTED	56	2026-07-27T01:02:02.6113458530
/home/zira/research/projects/GNN-2d/reports/v5/p2_g1c_source_only_graph_training/gatconv/seed_107/V5_P2_G1C_GATCONV_SEED_107_HISTORY.csv	9653	2026-07-26T23:36:35.8133046250
/home/zira/research/projects/GNN-2d/reports/v5/p2_g1c_source_only_graph_training/gatconv/seed_107/V5_P2_G1C_GATCONV_SEED_107_PROGRESS.json	1834	2026-07-26T23:36:35.8133046250
/home/zira/research/projects/GNN-2d/reports/v5/p2_g1c_source_only_graph_training/gatconv/seed_107/V5_P2_G1C_GATCONV_SEED_107_THRESHOLD_SWEEP.csv	84095	2026-07-26T23:36:39.6893847200
/home/zira/research/projects/GNN-2d/reports/v5/p2_g1c_source_only_graph_training/gatconv/seed_107/V5_P2_G1C_GATCONV_SEED_107_VALIDATION_PREDICTIONS.npz	633253	2026-07-26T23:36:39.7063850720
/home/zira/research/projects/GNN-2d/reports/v5/p2_g1c_source_only_graph_training/gatconv/seed_107/V5_P2_G1C_SOURCE_ONLY_GRAPH_SINGLE_RUN_COMPLETE	48	2026-07-26T23:36:40.7874074280
/home/zira/research/projects/GNN-2d/reports/v5/p2_g1c_source_only_graph_training/gatconv/seed_107/V5_P2_G1C_SOURCE_ONLY_GRAPH_SINGLE_RUN.json	11609	2026-07-26T23:36:40.7874074280
/home/zira/research/projects/GNN-2d/reports/v5/p2_g1c_source_only_graph_training/gatconv/seed_107/V5_P2_G1C_SOURCE_ONLY_GRAPH_SINGLE_RUN_TRAINING_STARTED	56	2026-07-26T23:20:43.8737978810
/home/zira/research/projects/GNN-2d/reports/v5/p2_g1c_source_only_graph_training/gatconv/seed_117/V5_P2_G1C_GATCONV_SEED_117_HISTORY.csv	15033	2026-07-27T01:01:55.1294829220
/home/zira/research/projects/GNN-2d/reports/v5/p2_g1c_source_only_graph_training/gatconv/seed_117/V5_P2_G1C_GATCONV_SEED_117_PROGRESS.json	1841	2026-07-27T01:01:55.1294829220
/home/zira/research/projects/GNN-2d/reports/v5/p2_g1c_source_only_graph_training/gatconv/seed_117/V5_P2_G1C_GATCONV_SEED_117_THRESHOLD_SWEEP.csv	84834	2026-07-27T01:01:58.7904151980
/home/zira/research/projects/GNN-2d/reports/v5/p2_g1c_source_only_graph_training/gatconv/seed_117/V5_P2_G1C_GATCONV_SEED_117_VALIDATION_PREDICTIONS.npz	547573	2026-07-27T01:01:58.8074148860
/home/zira/research/projects/GNN-2d/reports/v5/p2_g1c_source_only_graph_training/gatconv/seed_117/V5_P2_G1C_SOURCE_ONLY_GRAPH_SINGLE_RUN_COMPLETE	48	2026-07-27T01:01:59.8913950730
/home/zira/research/projects/GNN-2d/reports/v5/p2_g1c_source_only_graph_training/gatconv/seed_117/V5_P2_G1C_SOURCE_ONLY_GRAPH_SINGLE_RUN.json	11603	2026-07-27T01:01:59.8913950730
/home/zira/research/projects/GNN-2d/reports/v5/p2_g1c_source_only_graph_training/gatconv/seed_117/V5_P2_G1C_SOURCE_ONLY_GRAPH_SINGLE_RUN_TRAINING_STARTED	56	2026-07-27T00:29:56.1216239740
/home/zira/research/projects/GNN-2d/reports/v5/p2_g1c_source_only_graph_training/gatconv/seed_127/V5_P2_G1C_GATCONV_SEED_127_HISTORY.csv	14355	2026-07-27T02:24:16.5521807020
/home/zira/research/projects/GNN-2d/reports/v5/p2_g1c_source_only_graph_training/gatconv/seed_127/V5_P2_G1C_GATCONV_SEED_127_PROGRESS.json	1840	2026-07-27T02:24:16.5521807020
/home/zira/research/projects/GNN-2d/reports/v5/p2_g1c_source_only_graph_training/gatconv/seed_127/V5_P2_G1C_GATCONV_SEED_127_THRESHOLD_SWEEP.csv	84006	2026-07-27T02:24:20.0323106720
/home/zira/research/projects/GNN-2d/reports/v5/p2_g1c_source_only_graph_training/gatconv/seed_127/V5_P2_G1C_GATCONV_SEED_127_VALIDATION_PREDICTIONS.npz	755371	2026-07-27T02:24:20.0483112680
/home/zira/research/projects/GNN-2d/reports/v5/p2_g1c_source_only_graph_training/gatconv/seed_127/V5_P2_G1C_SOURCE_ONLY_GRAPH_SINGLE_RUN_COMPLETE	48	2026-07-27T02:24:21.1403520010
/home/zira/research/projects/GNN-2d/reports/v5/p2_g1c_source_only_graph_training/gatconv/seed_127/V5_P2_G1C_SOURCE_ONLY_GRAPH_SINGLE_RUN.json	11607	2026-07-27T02:24:21.1403520010
/home/zira/research/projects/GNN-2d/reports/v5/p2_g1c_source_only_graph_training/gatconv/seed_127/V5_P2_G1C_SOURCE_ONLY_GRAPH_SINGLE_RUN_TRAINING_STARTED	56	2026-07-27T02:00:20.1114454360
/home/zira/research/projects/GNN-2d/reports/v5/p2_g1c_source_only_graph_training/gcnconv/seed_107/V5_P2_G1C_GCNCONV_SEED_107_HISTORY.csv	10915	2026-07-26T23:01:13.0843698210
/home/zira/research/projects/GNN-2d/reports/v5/p2_g1c_source_only_graph_training/gcnconv/seed_107/V5_P2_G1C_GCNCONV_SEED_107_PROGRESS.json	1840	2026-07-26T23:01:13.0853698540
/home/zira/research/projects/GNN-2d/reports/v5/p2_g1c_source_only_graph_training/gcnconv/seed_107/V5_P2_G1C_GCNCONV_SEED_107_THRESHOLD_SWEEP.csv	83791	2026-07-26T23:01:16.9594997230
/home/zira/research/projects/GNN-2d/reports/v5/p2_g1c_source_only_graph_training/gcnconv/seed_107/V5_P2_G1C_GCNCONV_SEED_107_VALIDATION_PREDICTIONS.npz	749125	2026-07-26T23:01:16.9775003270
/home/zira/research/projects/GNN-2d/reports/v5/p2_g1c_source_only_graph_training/gcnconv/seed_107/V5_P2_G1C_SOURCE_ONLY_GRAPH_SINGLE_RUN_COMPLETE	48	2026-07-26T23:01:17.9235320270
/home/zira/research/projects/GNN-2d/reports/v5/p2_g1c_source_only_graph_training/gcnconv/seed_107/V5_P2_G1C_SOURCE_ONLY_GRAPH_SINGLE_RUN.json	11539	2026-07-26T23:01:17.9235320270
/home/zira/research/projects/GNN-2d/reports/v5/p2_g1c_source_only_graph_training/gcnconv/seed_107/V5_P2_G1C_SOURCE_ONLY_GRAPH_SINGLE_RUN_TRAINING_STARTED	56	2026-07-26T22:44:24.7533461380
/home/zira/research/projects/GNN-2d/reports/v5/p2_g1c_source_only_graph_training/gcnconv/seed_117/V5_P2_G1C_GCNCONV_SEED_117_HISTORY.csv	11377	2026-07-27T00:11:32.2402593240
/home/zira/research/projects/GNN-2d/reports/v5/p2_g1c_source_only_graph_training/gcnconv/seed_117/V5_P2_G1C_GCNCONV_SEED_117_PROGRESS.json	1826	2026-07-27T00:11:32.2402593240
/home/zira/research/projects/GNN-2d/reports/v5/p2_g1c_source_only_graph_training/gcnconv/seed_117/V5_P2_G1C_GCNCONV_SEED_117_THRESHOLD_SWEEP.csv	84101	2026-07-27T00:11:35.7723956050
/home/zira/research/projects/GNN-2d/reports/v5/p2_g1c_source_only_graph_training/gcnconv/seed_117/V5_P2_G1C_GCNCONV_SEED_117_VALIDATION_PREDICTIONS.npz	780511	2026-07-27T00:11:35.7893962610
/home/zira/research/projects/GNN-2d/reports/v5/p2_g1c_source_only_graph_training/gcnconv/seed_117/V5_P2_G1C_SOURCE_ONLY_GRAPH_SINGLE_RUN_COMPLETE	48	2026-07-27T00:11:36.7104317730
/home/zira/research/projects/GNN-2d/reports/v5/p2_g1c_source_only_graph_training/gcnconv/seed_117/V5_P2_G1C_SOURCE_ONLY_GRAPH_SINGLE_RUN.json	11524	2026-07-27T00:11:36.7104317730
/home/zira/research/projects/GNN-2d/reports/v5/p2_g1c_source_only_graph_training/gcnconv/seed_117/V5_P2_G1C_SOURCE_ONLY_GRAPH_SINGLE_RUN_TRAINING_STARTED	56	2026-07-26T23:53:40.3675017110
/home/zira/research/projects/GNN-2d/reports/v5/p2_g1c_source_only_graph_training/gcnconv/seed_127/V5_P2_G1C_GCNCONV_SEED_127_HISTORY.csv	16030	2026-07-27T01:43:35.8008812050
/home/zira/research/projects/GNN-2d/reports/v5/p2_g1c_source_only_graph_training/gcnconv/seed_127/V5_P2_G1C_GCNCONV_SEED_127_PROGRESS.json	1837	2026-07-27T01:43:35.8008812050
/home/zira/research/projects/GNN-2d/reports/v5/p2_g1c_source_only_graph_training/gcnconv/seed_127/V5_P2_G1C_GCNCONV_SEED_127_THRESHOLD_SWEEP.csv	84033	2026-07-27T01:43:39.0208783990
/home/zira/research/projects/GNN-2d/reports/v5/p2_g1c_source_only_graph_training/gcnconv/seed_127/V5_P2_G1C_GCNCONV_SEED_127_VALIDATION_PREDICTIONS.npz	718086	2026-07-27T01:43:39.0378783850
/home/zira/research/projects/GNN-2d/reports/v5/p2_g1c_source_only_graph_training/gcnconv/seed_127/V5_P2_G1C_SOURCE_ONLY_GRAPH_SINGLE_RUN_COMPLETE	48	2026-07-27T01:43:39.9648776480
/home/zira/research/projects/GNN-2d/reports/v5/p2_g1c_source_only_graph_training/gcnconv/seed_127/V5_P2_G1C_SOURCE_ONLY_GRAPH_SINGLE_RUN.json	11578	2026-07-27T01:43:39.9648776480
/home/zira/research/projects/GNN-2d/reports/v5/p2_g1c_source_only_graph_training/gcnconv/seed_127/V5_P2_G1C_SOURCE_ONLY_GRAPH_SINGLE_RUN_TRAINING_STARTED	56	2026-07-27T01:18:29.3457376670
/home/zira/research/projects/GNN-2d/reports/v5/p2_g1c_source_only_graph_training/graphconv/seed_107/V5_P2_G1C_GRAPHCONV_SEED_107_HISTORY.csv	12129	2026-07-26T23:20:37.0967829120
/home/zira/research/projects/GNN-2d/reports/v5/p2_g1c_source_only_graph_training/graphconv/seed_107/V5_P2_G1C_GRAPHCONV_SEED_107_PROGRESS.json	1839	2026-07-26T23:20:37.0967829120
/home/zira/research/projects/GNN-2d/reports/v5/p2_g1c_source_only_graph_training/graphconv/seed_107/V5_P2_G1C_GRAPHCONV_SEED_107_THRESHOLD_SWEEP.csv	84150	2026-07-26T23:20:40.2367896060
/home/zira/research/projects/GNN-2d/reports/v5/p2_g1c_source_only_graph_training/graphconv/seed_107/V5_P2_G1C_GRAPHCONV_SEED_107_VALIDATION_PREDICTIONS.npz	784050	2026-07-26T23:20:40.2537896430
/home/zira/research/projects/GNN-2d/reports/v5/p2_g1c_source_only_graph_training/graphconv/seed_107/V5_P2_G1C_SOURCE_ONLY_GRAPH_SINGLE_RUN_COMPLETE	48	2026-07-26T23:20:41.1327915910
/home/zira/research/projects/GNN-2d/reports/v5/p2_g1c_source_only_graph_training/graphconv/seed_107/V5_P2_G1C_SOURCE_ONLY_GRAPH_SINGLE_RUN.json	11582	2026-07-26T23:20:41.1327915910
/home/zira/research/projects/GNN-2d/reports/v5/p2_g1c_source_only_graph_training/graphconv/seed_107/V5_P2_G1C_SOURCE_ONLY_GRAPH_SINGLE_RUN_TRAINING_STARTED	56	2026-07-26T23:01:20.6746241830
/home/zira/research/projects/GNN-2d/reports/v5/p2_g1c_source_only_graph_training/graphconv/seed_117/V5_P2_G1C_GRAPHCONV_SEED_117_HISTORY.csv	11433	2026-07-27T00:29:48.2269504340
/home/zira/research/projects/GNN-2d/reports/v5/p2_g1c_source_only_graph_training/graphconv/seed_117/V5_P2_G1C_GRAPHCONV_SEED_117_PROGRESS.json	1840	2026-07-27T00:29:48.2269504340
/home/zira/research/projects/GNN-2d/reports/v5/p2_g1c_source_only_graph_training/graphconv/seed_117/V5_P2_G1C_GRAPHCONV_SEED_117_THRESHOLD_SWEEP.csv	84070	2026-07-27T00:29:52.3593036380
/home/zira/research/projects/GNN-2d/reports/v5/p2_g1c_source_only_graph_training/graphconv/seed_117/V5_P2_G1C_GRAPHCONV_SEED_117_VALIDATION_PREDICTIONS.npz	779331	2026-07-27T00:29:52.3783052580
/home/zira/research/projects/GNN-2d/reports/v5/p2_g1c_source_only_graph_training/graphconv/seed_117/V5_P2_G1C_SOURCE_ONLY_GRAPH_SINGLE_RUN_COMPLETE	48	2026-07-27T00:29:53.3163852380
/home/zira/research/projects/GNN-2d/reports/v5/p2_g1c_source_only_graph_training/graphconv/seed_117/V5_P2_G1C_SOURCE_ONLY_GRAPH_SINGLE_RUN.json	11630	2026-07-27T00:29:53.3163852380
/home/zira/research/projects/GNN-2d/reports/v5/p2_g1c_source_only_graph_training/graphconv/seed_117/V5_P2_G1C_SOURCE_ONLY_GRAPH_SINGLE_RUN_TRAINING_STARTED	56	2026-07-27T00:11:39.3825347460
/home/zira/research/projects/GNN-2d/reports/v5/p2_g1c_source_only_graph_training/graphconv/seed_127/V5_P2_G1C_GRAPHCONV_SEED_127_HISTORY.csv	9148	2026-07-27T02:00:13.1523408040
/home/zira/research/projects/GNN-2d/reports/v5/p2_g1c_source_only_graph_training/graphconv/seed_127/V5_P2_G1C_GRAPHCONV_SEED_127_PROGRESS.json	1838	2026-07-27T02:00:13.1523408040
/home/zira/research/projects/GNN-2d/reports/v5/p2_g1c_source_only_graph_training/graphconv/seed_127/V5_P2_G1C_GRAPHCONV_SEED_127_THRESHOLD_SWEEP.csv	83968	2026-07-27T02:00:16.3683891280
/home/zira/research/projects/GNN-2d/reports/v5/p2_g1c_source_only_graph_training/graphconv/seed_127/V5_P2_G1C_GRAPHCONV_SEED_127_VALIDATION_PREDICTIONS.npz	777661	2026-07-27T02:00:16.3853893830
/home/zira/research/projects/GNN-2d/reports/v5/p2_g1c_source_only_graph_training/graphconv/seed_127/V5_P2_G1C_SOURCE_ONLY_GRAPH_SINGLE_RUN_COMPLETE	48	2026-07-27T02:00:17.2774027960
/home/zira/research/projects/GNN-2d/reports/v5/p2_g1c_source_only_graph_training/graphconv/seed_127/V5_P2_G1C_SOURCE_ONLY_GRAPH_SINGLE_RUN.json	11633	2026-07-27T02:00:17.2774027960
/home/zira/research/projects/GNN-2d/reports/v5/p2_g1c_source_only_graph_training/graphconv/seed_127/V5_P2_G1C_SOURCE_ONLY_GRAPH_SINGLE_RUN_TRAINING_STARTED	56	2026-07-27T01:43:42.7508756230
/home/zira/research/projects/GNN-2d/reports/v5/p2_g1c_source_only_graph_training_matrix.pid	5	2026-07-26T22:21:02.9480660860
/home/zira/research/projects/GNN-2d/reports/v5/p2_g1c_training_matrix_inventory_20260726_215633.txt	20675	2026-07-26T21:56:35.4932543110
/home/zira/research/projects/GNN-2d/reports/v5/p2_g1_source_only_graph_smoke_check/G1_SOURCE_ONLY_GRAPH_SMOKE_CHECK_LOCK.json	1211	2026-07-26T21:51:05.0403878080
/home/zira/research/projects/GNN-2d/reports/v5/p2_g1_source_only_graph_smoke_check/G1_SOURCE_ONLY_GRAPH_SMOKE_CHECK.md	302	2026-07-26T21:51:05.0403878080
/home/zira/research/projects/GNN-2d/reports/v5/p2_g1_source_only_graph_smoke_check/G1_SOURCE_ONLY_GRAPH_SMOKE_CONTRACT.json	1602	2026-07-26T21:51:05.0403878080
/home/zira/research/projects/GNN-2d/reports/v5/p2_g1_source_only_graph_smoke_check_HOLD_AXIS_CONTRACT_20260726_215054/G1_SOURCE_ONLY_GRAPH_SMOKE_CHECK_LOCK.json	1076	2026-07-26T21:22:35.9381129790
/home/zira/research/projects/GNN-2d/reports/v5/p2_g1_source_only_graph_smoke_check_HOLD_AXIS_CONTRACT_20260726_215054/G1_SOURCE_ONLY_GRAPH_SMOKE_CHECK.md	298	2026-07-26T21:22:35.9381129790
/home/zira/research/projects/GNN-2d/reports/v5/p2_g1_source_only_graph_smoke_check_HOLD_AXIS_CONTRACT_20260726_215054/V5_P2_G1_SOURCE_ONLY_GRAPH_SMOKE_CHECK_HOLD	44	2026-07-26T21:22:35.9381129790
/home/zira/research/projects/GNN-2d/reports/v5/p2_g1_source_only_graph_smoke_check_HOLD_AXIS_CONTRACT_20260726_215054/V5_P2_G1_SOURCE_ONLY_GRAPH_SMOKE_CHECK.json	2078	2026-07-26T21:22:35.9381129790
/home/zira/research/projects/GNN-2d/reports/v5/p2_g1_source_only_graph_smoke_check/V5_P2_G1_SOURCE_ONLY_GRAPH_SMOKE_CHECK_COMPLETE	48	2026-07-26T21:51:05.0403878080
/home/zira/research/projects/GNN-2d/reports/v5/p2_g1_source_only_graph_smoke_check/V5_P2_G1_SOURCE_ONLY_GRAPH_SMOKE_CHECK.json	26116	2026-07-26T21:51:05.0403878080
/home/zira/research/projects/GNN-2d/reports/v5/p2_g1_source_only_graph_smoke_fix/after_patch_component_hashes.sha256	483	2026-07-26T21:50:48.8629367510
/home/zira/research/projects/GNN-2d/reports/v5/p2_g1_source_only_graph_smoke_fix/before_patch.sha256	333	2026-07-26T21:50:42.4987603240
/home/zira/research/projects/GNN-2d/reports/v5/p2_g2_direct_graph_training_matrix.pid	6	2026-07-27T03:12:07.8443001560
/home/zira/research/projects/GNN-2d/reports/v5/p2_l0_structured_decoder_protocol_lock/V5_P2_L0_ROUTE_AND_LABEL_SEMANTICS.json	3035	2026-07-28T01:56:05.3631526950
/home/zira/research/projects/GNN-2d/reports/v5/p2_l0_structured_decoder_protocol_lock/V5_P2_L0_STRUCTURED_DECODER_PROTOCOL_LOCK_COMPLETE	761	2026-07-28T01:56:05.3631526950
/home/zira/research/projects/GNN-2d/reports/v5/p2_l0_structured_decoder_protocol_lock/V5_P2_L0_STRUCTURED_DECODER_PROTOCOL_LOCK.json	14629	2026-07-28T01:56:05.3631526950
/home/zira/research/projects/GNN-2d/reports/v5/p2_l0_structured_decoder_protocol_lock/V5_P2_L0_STRUCTURED_DECODER_PROTOCOL_LOCK_LOCK.json	1502	2026-07-28T01:56:05.3631526950
/home/zira/research/projects/GNN-2d/reports/v5/p2_l0_structured_decoder_protocol_lock/V5_P2_L0_STRUCTURED_DECODER_PROTOCOL_LOCK.md	2958	2026-07-28T01:56:05.3631526950
/home/zira/research/projects/GNN-2d/reports/v5/p2_l0_structured_decoder_protocol_lock/V5_P2_L0_STRUCTURED_DECODER_PROTOCOL_LOCK_SHA256SUMS.txt	4404	2026-07-28T01:56:05.3651527070
/home/zira/research/projects/GNN-2d/reports/v5/p2_l0_structured_decoder_protocol_lock/V5_P2_L0_STRUCTURED_SCORE_CONTRACT.json	1549	2026-07-28T01:56:05.3631526950
/home/zira/research/projects/GNN-2d/reports/v5/p2_l0_structured_decoder_protocol_lock/V5_P2_L0_VALIDATION_SELECTION_POLICY.json	1287	2026-07-28T01:56:05.3631526950
/home/zira/research/projects/GNN-2d/reports/v5/p2_l0_structured_decoder_protocol_preflight/V5_P2_L0_STRUCTURED_DECODER_PROTOCOL_PREFLIGHT_COMPLETE	226	2026-07-28T01:43:59.4519073740
/home/zira/research/projects/GNN-2d/reports/v5/p2_l0_structured_decoder_protocol_preflight/V5_P2_L0_STRUCTURED_DECODER_PROTOCOL_PREFLIGHT.json	126732	2026-07-28T01:43:59.4459074510
/home/zira/research/projects/GNN-2d/reports/v5/p2_l0_structured_decoder_protocol_preflight/V5_P2_L0_STRUCTURED_DECODER_PROTOCOL_PREFLIGHT.md	37909	2026-07-28T01:43:59.4519073740
/home/zira/research/projects/GNN-2d/reports/v5/p2_l0_structured_decoder_protocol_preflight/V5_P2_L0_STRUCTURED_DECODER_PROTOCOL_PREFLIGHT_SHA256SUMS.txt	629	2026-07-28T01:43:59.4529073610
/home/zira/research/projects/GNN-2d/reports/v5/p2_l2_r0_solver_gap_numerical_certification/WORK_MANIFEST_BEFORE_L2_R0.json	820	2026-07-29T02:36:46.0806222580
/home/zira/research/projects/GNN-2d/reports/v5/p2_l2_r1_optimum_face_numerical_certification/WORK_MANIFEST_BEFORE_L2_R1.json	820	2026-07-29T03:12:01.8815103880
/home/zira/research/projects/GNN-2d/reports/v5/p2_l2_r2_high_precision_semantic_face_certification/WORK_MANIFEST_BEFORE_L2_R2.json	820	2026-07-29T03:54:45.7992285490
/home/zira/research/projects/GNN-2d/reports/v5/p2_l3_r1_beam_completion_feasibility_guard/WORK_MANIFEST_BEFORE_L3_R1.json	991	2026-07-29T13:49:02.4789891980
/home/zira/research/projects/GNN-2d/reports/v5/p2_l4_r1_decoder_disposition_amendment/V5_P2_L4_R1_DECODER_DISPOSITION_AMENDMENT_COMPLETE	486	2026-07-30T01:01:45.4246858060
/home/zira/research/projects/GNN-2d/reports/v5/p2_l4_r1_decoder_disposition_amendment/V5_P2_L4_R1_DECODER_DISPOSITION_AMENDMENT.json	6107	2026-07-30T01:01:45.4246858060
/home/zira/research/projects/GNN-2d/reports/v5/p2_l4_r1_decoder_disposition_amendment/V5_P2_L4_R1_DECODER_DISPOSITION_AMENDMENT_LOCK.json	702	2026-07-30T01:01:45.4246858060
/home/zira/research/projects/GNN-2d/reports/v5/p2_l4_r1_decoder_disposition_amendment/V5_P2_L4_R1_DECODER_DISPOSITION_AMENDMENT.md	1690	2026-07-30T01:01:45.4246858060
/home/zira/research/projects/GNN-2d/reports/v5/p2_l4_r1_decoder_disposition_amendment/V5_P2_L4_R1_DECODER_DISPOSITION_AMENDMENT_SHA256SUMS.txt	3002	2026-07-30T01:01:45.4246858060
/home/zira/research/projects/GNN-2d/reports/v5/p2_l5_final_pretest_freeze/V5_P2_ONE_SHOT_BLIND_EVALUATION_CONTRACT.json	3544	2026-07-30T01:08:10.1834607060
/home/zira/research/projects/GNN-2d/reports/v5/p2_prospective_recovery_protocol_amendment/V5_P2_PROSPECTIVE_RECOVERY_PROTOCOL_AMENDMENT_COMPLETE	613	2026-07-30T04:54:12.7072649020
/home/zira/research/projects/GNN-2d/reports/v5/p2_prospective_recovery_protocol_amendment/V5_P2_PROSPECTIVE_RECOVERY_PROTOCOL_AMENDMENT.json	6321	2026-07-30T04:54:12.7072649020
/home/zira/research/projects/GNN-2d/reports/v5/p2_prospective_recovery_protocol_amendment/V5_P2_PROSPECTIVE_RECOVERY_PROTOCOL_AMENDMENT_LOCK.json	866	2026-07-30T04:54:12.7072649020
/home/zira/research/projects/GNN-2d/reports/v5/p2_prospective_recovery_protocol_amendment/V5_P2_PROSPECTIVE_RECOVERY_PROTOCOL_AMENDMENT.md	1819	2026-07-30T04:54:12.7072649020
/home/zira/research/projects/GNN-2d/reports/v5/p2_prospective_recovery_protocol_amendment/V5_P2_PROSPECTIVE_RECOVERY_PROTOCOL_AMENDMENT_SHA256SUMS.txt	5425	2026-07-30T04:54:12.7082649110
/home/zira/research/projects/GNN-2d/reports/v5/p2_recovery_evaluator_source_freeze/V5_P2_RECOVERY_EVALUATOR_SOURCE_FREEZE_COMPLETE	703	2026-07-30T05:03:18.8778010200
/home/zira/research/projects/GNN-2d/reports/v5/p2_recovery_evaluator_source_freeze/V5_P2_RECOVERY_EVALUATOR_SOURCE_FREEZE.json	1678	2026-07-30T05:03:18.8778010200
/home/zira/research/projects/GNN-2d/reports/v5/p2_recovery_evaluator_source_freeze/V5_P2_RECOVERY_EVALUATOR_SOURCE_FREEZE_LOCK.json	896	2026-07-30T05:03:18.8778010200
/home/zira/research/projects/GNN-2d/reports/v5/p2_recovery_evaluator_source_freeze/V5_P2_RECOVERY_EVALUATOR_SOURCE_FREEZE.md	1213	2026-07-30T05:03:18.8778010200
/home/zira/research/projects/GNN-2d/reports/v5/p2_recovery_evaluator_source_freeze/V5_P2_RECOVERY_EVALUATOR_SOURCE_FREEZE_SHA256SUMS.txt	5201	2026-07-30T05:03:18.8798010490
/home/zira/research/projects/GNN-2d/reports/v5/p2_recovery_final_no_data_preflight_and_authorization/V5_P2_RECOVERY_FINAL_NO_DATA_PREFLIGHT_AND_AUTHORIZATION_COMPLETE	891	2026-07-30T05:53:57.7242742890
/home/zira/research/projects/GNN-2d/reports/v5/p2_recovery_final_no_data_preflight_and_authorization/V5_P2_RECOVERY_FINAL_NO_DATA_PREFLIGHT_AND_AUTHORIZATION.json	5217	2026-07-30T05:53:57.7232742980
/home/zira/research/projects/GNN-2d/reports/v5/p2_recovery_final_no_data_preflight_and_authorization/V5_P2_RECOVERY_FINAL_NO_DATA_PREFLIGHT_AND_AUTHORIZATION_LOCK.json	1523	2026-07-30T05:53:57.7232742980
/home/zira/research/projects/GNN-2d/reports/v5/p2_recovery_final_no_data_preflight_and_authorization/V5_P2_RECOVERY_FINAL_NO_DATA_PREFLIGHT_AND_AUTHORIZATION.md	2325	2026-07-30T05:53:57.7232742980
/home/zira/research/projects/GNN-2d/reports/v5/p2_recovery_final_no_data_preflight_and_authorization/V5_P2_RECOVERY_FINAL_NO_DATA_PREFLIGHT_AND_AUTHORIZATION_SHA256SUMS.txt	6930	2026-07-30T05:53:57.7252742800
/home/zira/research/projects/GNN-2d/reports/v5/p2_recovery_raw_a0_a1_blind_evaluation/V5_P2_RECOVERY_RAW_A0_A1_BLIND_EVALUATION_TEST_ACCESS_STARTED	868	2026-07-30T05:57:06.4248071360
/home/zira/research/projects/GNN-2d/reports/v5/p2_task_d_checkpoint_selection_freeze/selected_graphconv_checkpoint.pt	782026	2026-07-27T17:00:59.0925779120
/home/zira/research/projects/GNN-2d/reports/v5/p2_task_d_checkpoint_selection_freeze/V5_P2_TASK_D_CHECKPOINT_SELECTION_FREEZE_COMPLETE	202	2026-07-28T00:55:52.9686169820
/home/zira/research/projects/GNN-2d/reports/v5/p2_task_d_checkpoint_selection_freeze/V5_P2_TASK_D_CHECKPOINT_SELECTION_FREEZE.json	2118	2026-07-28T00:55:52.9686169820
/home/zira/research/projects/GNN-2d/reports/v5/p2_task_d_checkpoint_selection_freeze/V5_P2_TASK_D_CHECKPOINT_SELECTION_FREEZE.md	500	2026-07-28T00:55:52.9686169820
/home/zira/research/projects/GNN-2d/reports/v5/p2_task_d_checkpoint_selection_freeze/V5_P2_TASK_D_CHECKPOINT_SELECTION_FREEZE_SHA256SUMS.txt	437	2026-07-28T00:55:52.9696169660
/home/zira/research/projects/GNN-2d/scripts/v5/p2/aggregate_v5_p2_g1c_source_only_graph_training_matrix.py	12746	2026-07-26T22:19:05.1900575080
/home/zira/research/projects/GNN-2d/scripts/v5/p2/aggregate_v5_p2_g2_direct_graph_training_matrix.py	14048	2026-07-27T03:03:11.0400248890
/home/zira/research/projects/GNN-2d/scripts/v5/p2/evaluate_v5_p2_recovery_raw_a0_a1.py	75706	2026-07-29T23:28:34.0000000000
/home/zira/research/projects/GNN-2d/scripts/v5/p2/freeze_v5_p2_a1_r2_pair_aligned_window_contract.py	23556	2026-07-26T02:45:59.8735084390
/home/zira/research/projects/GNN-2d/scripts/v5/p2/freeze_v5_p2_b1_training_protocol.py	31902	2026-07-26T04:12:14.8570226220
/home/zira/research/projects/GNN-2d/scripts/v5/p2/freeze_v5_p2_c2a_legal_noc_decoder_amendment.py	16369	2026-07-26T14:11:38.7466005870
/home/zira/research/projects/GNN-2d/scripts/v5/p2/freeze_v5_p2_g0_graph_baseline_rtl_handoff_protocol.py	39244	2026-07-26T14:40:12.0470784900
/home/zira/research/projects/GNN-2d/scripts/v5/p2/g1_source_only_graph_smoke.py	68783	2026-07-26T21:50:42.5297611820
/home/zira/research/projects/GNN-2d/scripts/v5/p2/g1_source_only_graph_smoke.py.before_axis_contract_fix_20260726_215042	68783	2026-07-26T21:22:21.2077090820
/home/zira/research/projects/GNN-2d/scripts/v5/p2/inspect_v5_p2_g1a_r1_source_only_graph_preflight.py	37290	2026-07-26T14:58:41.2306175120
/home/zira/research/projects/GNN-2d/scripts/v5/p2/inspect_v5_p2_g1a_source_only_graph_preflight.py	27799	2026-07-26T14:47:24.7128509690
/home/zira/research/projects/GNN-2d/scripts/v5/p2/preflight_v5_p2_g1c_clean_training_implementation.py	14524	2026-07-26T22:19:05.1900575080
/home/zira/research/projects/GNN-2d/scripts/v5/p2/__pycache__/aggregate_v5_p2_g1c_source_only_graph_training_matrix.cpython-312.pyc	13318	2026-07-26T22:19:05.2570585680
/home/zira/research/projects/GNN-2d/scripts/v5/p2/__pycache__/aggregate_v5_p2_g2_direct_graph_training_matrix.cpython-312.pyc	15565	2026-07-27T03:03:11.0680260580
/home/zira/research/projects/GNN-2d/scripts/v5/p2/__pycache__/freeze_v5_p2_a1_r2_pair_aligned_window_contract.cpython-312.pyc	23943	2026-07-26T02:45:59.8975092160
/home/zira/research/projects/GNN-2d/scripts/v5/p2/__pycache__/freeze_v5_p2_b1_training_protocol.cpython-312.pyc	32197	2026-07-26T04:12:14.9020233810
/home/zira/research/projects/GNN-2d/scripts/v5/p2/__pycache__/freeze_v5_p2_c2a_legal_noc_decoder_amendment.cpython-312.pyc	16691	2026-07-26T14:11:38.7686003400
/home/zira/research/projects/GNN-2d/scripts/v5/p2/__pycache__/freeze_v5_p2_g0_graph_baseline_rtl_handoff_protocol.cpython-312.pyc	31205	2026-07-26T14:40:12.0740792280
/home/zira/research/projects/GNN-2d/scripts/v5/p2/__pycache__/g1_source_only_graph_smoke.cpython-312.pyc	79171	2026-07-26T21:50:48.8489363620
/home/zira/research/projects/GNN-2d/scripts/v5/p2/__pycache__/inspect_v5_p2_g1a_r1_source_only_graph_preflight.cpython-312.pyc	42636	2026-07-26T14:58:41.2556182270
/home/zira/research/projects/GNN-2d/scripts/v5/p2/__pycache__/inspect_v5_p2_g1a_source_only_graph_preflight.cpython-312.pyc	33346	2026-07-26T14:47:24.7378516300
/home/zira/research/projects/GNN-2d/scripts/v5/p2/__pycache__/preflight_v5_p2_g1c_clean_training_implementation.cpython-312.pyc	18590	2026-07-26T22:19:05.2540585210
/home/zira/research/projects/GNN-2d/scripts/v5/p2/__pycache__/smoke_v5_p2_g1b_r1_source_only_graph_implementations.cpython-312.pyc	50877	2026-07-26T15:38:35.2275278570
/home/zira/research/projects/GNN-2d/scripts/v5/p2/__pycache__/smoke_v5_p2_g1b_r2_source_only_graph_implementations.cpython-312.pyc	52493	2026-07-26T15:42:38.5030762400
/home/zira/research/projects/GNN-2d/scripts/v5/p2/__pycache__/smoke_v5_p2_g1b_r3_source_only_graph_implementations.cpython-312.pyc	54162	2026-07-26T15:50:34.0686123060
/home/zira/research/projects/GNN-2d/scripts/v5/p2/__pycache__/smoke_v5_p2_g1b_r4_source_only_graph_implementations.cpython-312.pyc	71349	2026-07-26T16:03:33.7620063680
/home/zira/research/projects/GNN-2d/scripts/v5/p2/__pycache__/smoke_v5_p2_g1b_r5_source_only_graph_implementations.cpython-312.pyc	74955	2026-07-26T16:12:14.5927247480
/home/zira/research/projects/GNN-2d/scripts/v5/p2/__pycache__/smoke_v5_p2_g1b_source_only_graph_implementations.cpython-312.pyc	47253	2026-07-26T15:34:05.3270683810
/home/zira/research/projects/GNN-2d/scripts/v5/p2/__pycache__/train_v5_p2_g1c_source_only_graph_single_run.cpython-312.pyc	74144	2026-07-26T22:19:05.2500584580
/home/zira/research/projects/GNN-2d/scripts/v5/p2/README_G1C.md	3002	2026-07-26T22:19:05.1920575400
/home/zira/research/projects/GNN-2d/scripts/v5/p2/run_g1_source_only_graph_smoke.sh	2931	2026-07-26T21:22:21.2097091360
/home/zira/research/projects/GNN-2d/scripts/v5/p2/run_v5_p2_a1_r2_pair_aligned_window_contract.sh	1913	2026-07-26T02:45:59.8745084720
/home/zira/research/projects/GNN-2d/scripts/v5/p2/run_v5_p2_a3_pair_aligned_primary58_loader_contract.sh	2226	2026-07-26T03:13:14.6971782350
/home/zira/research/projects/GNN-2d/scripts/v5/p2/run_v5_p2_b1_training_protocol_lock.sh	2305	2026-07-26T04:12:14.8590226560
/home/zira/research/projects/GNN-2d/scripts/v5/p2/run_v5_p2_b3_seed_checkpoint_selection.sh	2603	2026-07-26T08:03:44.0914236170
/home/zira/research/projects/GNN-2d/scripts/v5/p2/run_v5_p2_b6_one_shot_test_evaluation.sh	2710	2026-07-26T08:28:27.0118822960
/home/zira/research/projects/GNN-2d/scripts/v5/p2/run_v5_p2_c2a_legal_noc_decoder_amendment.sh	1640	2026-07-26T14:11:38.7486005640
/home/zira/research/projects/GNN-2d/scripts/v5/p2/run_v5_p2_g0_graph_baseline_rtl_handoff_protocol.sh	1792	2026-07-26T14:40:12.0490785440
/home/zira/research/projects/GNN-2d/scripts/v5/p2/run_v5_p2_g1a_r1_source_only_graph_preflight.sh	2839	2026-07-26T14:58:41.2316175410
/home/zira/research/projects/GNN-2d/scripts/v5/p2/run_v5_p2_g1a_source_only_graph_preflight.sh	2269	2026-07-26T14:47:24.7138509950
/home/zira/research/projects/GNN-2d/scripts/v5/p2/run_v5_p2_g1b_r1_source_only_graph_smoke.sh	2917	2026-07-26T15:38:35.2025266470
/home/zira/research/projects/GNN-2d/scripts/v5/p2/run_v5_p2_g1b_r2_source_only_graph_smoke.sh	3174	2026-07-26T15:42:38.4550740000
/home/zira/research/projects/GNN-2d/scripts/v5/p2/run_v5_p2_g1b_r3_source_only_graph_smoke.sh	3402	2026-07-26T15:50:34.0386112420
/home/zira/research/projects/GNN-2d/scripts/v5/p2/run_v5_p2_g1b_r4_source_only_graph_smoke.sh	3607	2026-07-26T16:03:33.7370053400
/home/zira/research/projects/GNN-2d/scripts/v5/p2/run_v5_p2_g1b_r5_source_only_graph_smoke.sh	3882	2026-07-26T16:12:14.5667236530
/home/zira/research/projects/GNN-2d/scripts/v5/p2/run_v5_p2_g1b_source_only_graph_smoke.sh	2692	2026-07-26T15:34:05.3010670390
/home/zira/research/projects/GNN-2d/scripts/v5/p2/run_v5_p2_g1c_clean_training_implementation_preflight.sh	2360	2026-07-26T22:19:05.1900575080
/home/zira/research/projects/GNN-2d/scripts/v5/p2/run_v5_p2_g1c_source_only_graph_aggregation.sh	1213	2026-07-26T22:19:05.1900575080
/home/zira/research/projects/GNN-2d/scripts/v5/p2/run_v5_p2_g1c_source_only_graph_one_run.sh	3446	2026-07-26T22:19:05.1900575080
/home/zira/research/projects/GNN-2d/scripts/v5/p2/run_v5_p2_g1c_source_only_graph_training_matrix.sh	2005	2026-07-26T22:19:05.1900575080
/home/zira/research/projects/GNN-2d/scripts/v5/p2/run_v5_p2_g2_direct_graph_training_matrix.sh	2139	2026-07-27T03:03:11.0410249300
/home/zira/research/projects/GNN-2d/scripts/v5/p2/run_v5_p2_recovery_authorized_one_shot.sh	1921	2026-07-30T05:53:57.7212743160
/home/zira/research/projects/GNN-2d/scripts/v5/p2/smoke_v5_p2_g1b_r1_source_only_graph_implementations.py	45541	2026-07-26T15:38:35.2015265980
/home/zira/research/projects/GNN-2d/scripts/v5/p2/smoke_v5_p2_g1b_r2_source_only_graph_implementations.py	47285	2026-07-26T15:42:38.4540739530
/home/zira/research/projects/GNN-2d/scripts/v5/p2/smoke_v5_p2_g1b_r3_source_only_graph_implementations.py	49034	2026-07-26T15:50:34.0366111710
/home/zira/research/projects/GNN-2d/scripts/v5/p2/smoke_v5_p2_g1b_r4_source_only_graph_implementations.py	64720	2026-07-26T16:03:33.7350052570
/home/zira/research/projects/GNN-2d/scripts/v5/p2/smoke_v5_p2_g1b_r5_source_only_graph_implementations.py	68600	2026-07-26T16:12:14.5647235690
/home/zira/research/projects/GNN-2d/scripts/v5/p2/smoke_v5_p2_g1b_source_only_graph_implementations.py	41549	2026-07-26T15:34:05.3000669880
/home/zira/research/projects/GNN-2d/scripts/v5/p2/train_v5_p2_g1c_source_only_graph_single_run.py	60456	2026-07-26T22:19:05.1900575080
/home/zira/research/projects/GNN-2d/scripts/v5/p2/V5_P2_G1C_PACKAGE_MANIFEST.json	2082	2026-07-26T22:19:05.1920575400
/home/zira/research/projects/GNN-2d/scripts/v5/p2/V5_P2_G2_PACKAGE_MANIFEST.json	2076	2026-07-27T03:03:11.0420249720
/home/zira/research/projects/GNN-2d/scripts/v5/p2/V5_P2_G3_PACKAGE_MANIFEST.json	3553	2026-07-27T08:09:43.4464161230
/home/zira/research/projects/GNN-2d/scripts/v5/p2/V5_P2_TASK_D_PACKAGE_MANIFEST.json	2353	2026-07-27T15:55:24.8868691130
