epoch,train_loss,validation_loss,selection_score,source_ap,transit_ap,victim_ap,path_ap,learning_rate,best_epoch,early_stop_counter,epoch_seconds,maximum_preclip_gradient_norm,train_source_loss,validation_source_loss,train_transit_loss,validation_transit_loss,train_victim_loss,validation_victim_loss,train_path_loss,validation_path_loss
1,3.3131559404935267,2.5675234788526824,0.34825908108142917,0.4214360664327541,0.3098030554849452,0.2259105766071375,0.4394992656429115,0.001,1,0,25.90660572052002,44.21282958984375,0.6003752798160581,0.4271583506126209,1.0913559821830203,0.8782431330260646,0.6579445402886513,0.47982020099501044,0.9634801474668327,0.7823017765583511
2,2.384111008155007,2.0727680740380805,0.4188146878902036,0.4115739085648328,0.41468000437608316,0.340080732454504,0.5332616555655347,0.001,2,0,25.053094148635864,242.5767822265625,0.4262890684821432,0.4088911076158399,0.8092568413264544,0.6415270340663416,0.4354481975533714,0.4174278781179572,0.7131168963961273,0.6049220539144172
3,1.9396534970965837,1.727444438946506,0.47405351971955295,0.4550298468870576,0.5064287176159266,0.37721784931711927,0.5831646196008711,0.001,3,0,23.371185302734375,177.2677764892578,0.378924951850527,0.3428467204592085,0.605541514707455,0.536907778512853,0.3799762287090419,0.3385560973089469,0.5752107965644802,0.5091338446161604
4,1.7025020059190814,1.494414782767704,0.4860560344232676,0.4817297154426469,0.5205509219114278,0.38243179305033254,0.5789572052501671,0.001,4,0,23.527065753936768,145.4712371826172,0.35745472064638845,0.33745084232906425,0.48907674916184785,0.4189038900979634,0.34976503518275837,0.318159532501323,0.5062054979948308,0.41990050258612116
5,1.5090329188446707,1.4253537734045074,0.544324896572125,0.5436364749455725,0.5634233849154384,0.47988924485604345,0.6020289832279139,0.001,5,0,24.54655885696411,139.31301879882812,0.31424634584923056,0.2897547358601791,0.421615159931974,0.41349060751621447,0.32425687863895697,0.30016242605211785,0.4489145382949544,0.42194599583078923
6,1.3792090523362897,1.3369670919074865,0.5411709672963533,0.5525266012504739,0.5341372942591741,0.49875691497192004,0.5859471730671879,0.001,5,1,23.953453063964844,81.36255645751953,0.26876333296015253,0.2522562261133206,0.39222696297765,0.3874571355640184,0.29242409256032104,0.2883200284621725,0.4257946692999007,0.40893368565716504
7,1.320295887057561,1.2560251447280553,0.5699578756633905,0.593016523278384,0.5560430788562565,0.5352920716498415,0.5960956552667543,0.001,7,0,22.201229572296143,180.66705322265625,0.26661422775391314,0.2132528597443801,0.3678803546447352,0.38730557484131206,0.27674269473012775,0.26035679718848237,0.40905861622747,0.3951099108462133
8,1.2283253901986724,1.3512731219616887,0.5849866137606322,0.5706991608684264,0.5934920750914466,0.5730889519489785,0.6106580436999899,0.001,8,0,22.946223258972168,222.10508728027344,0.22792189686146586,0.20950440029074863,0.361256497022464,0.4062734286516125,0.24231907474312697,0.34596363962229487,0.39682791889532737,0.3895316458144255
9,1.1468676438785703,1.1160332684620435,0.597974134580123,0.5998735769378544,0.598497044443888,0.5735255903828467,0.6250320139604154,0.001,9,0,23.035306692123413,105.12974548339844,0.2102582922031557,0.19290339071327395,0.34386568422986286,0.34688200254116974,0.21977412691945902,0.2212194573148457,0.3729695393606055,0.3550284212576475
10,1.0940740761638514,1.4108956112867723,0.6000588945369256,0.6183026836536888,0.603964913328219,0.5592848449986005,0.6187782492955707,0.001,10,0,24.819408893585205,77.60891723632812,0.198298236895402,0.26648922696576416,0.32946163928825106,0.4578002834654536,0.20056629783996843,0.26355123283914833,0.36574790112849864,0.42305487523742713
11,1.109595965384975,1.2322377398857516,0.6003066119957228,0.608447298908479,0.600482652585266,0.5775804937351594,0.6162831787153639,0.001,11,0,24.292834758758545,98.74750518798828,0.1995538723479654,0.2179624882846652,0.3442591072013154,0.3830204847385324,0.19371632820788645,0.23352237843157841,0.3720666560541451,0.39773239981321235
12,1.0543414802714097,0.9823295598133618,0.6143745124939068,0.6208862674044723,0.614553326879127,0.5945408006133508,0.6291755019972287,0.001,12,0,23.895351886749268,71.57616424560547,0.19039614761996676,0.17854097778617498,0.33020349706586594,0.3120496750560662,0.1725157411481324,0.15342280531294958,0.36122609419279433,0.33831609863583306
13,1.0388406617806656,1.0476407139998591,0.61773760228484,0.6221518479175452,0.6105001967201027,0.6110377710951952,0.6285377797787596,0.001,13,0,23.822235822677612,121.92362213134766,0.1928903410463979,0.17367086897331788,0.31332198608311684,0.340884076249411,0.17617258863505605,0.18799083058556987,0.3564557496924338,0.34509492993811536
14,1.0063786444029135,0.9522965436998759,0.6161174818404059,0.6317227415079616,0.6051260926497587,0.59987272056246,0.6267547804248141,0.001,13,1,25.29639482498169,89.73458099365234,0.18591101727083206,0.1519573942530962,0.3114921500024959,0.3191141994208535,0.1541297517314868,0.15747969851639992,0.3548457240627153,0.3237452507019043
15,1.0631543064941087,1.0783776458957033,0.6155675554606392,0.6230016949370094,0.6119190460026974,0.6010843530997972,0.6270809860195641,0.001,13,2,25.202986240386963,114.4869613647461,0.1973909518866733,0.1793257792790731,0.34632261299225264,0.3545357726519097,0.1515382815894534,0.17441351629917345,0.3679024608367709,0.37010257857664947
16,0.9834092611992397,0.9820637852143815,0.6096034866799368,0.6214676841830751,0.598887251034609,0.5993036542596687,0.6180772755072241,0.001,13,3,23.01633906364441,137.1020050048828,0.17775993886350194,0.18028170399434418,0.3030607077220016,0.30267941027922535,0.15600042305439707,0.16634175234675255,0.3465881891875896,0.33276091849057915
17,0.9517117958841127,0.9791619007310344,0.6053821036251452,0.6015771936006162,0.60661565534452,0.6014894435388456,0.6144133541205945,0.001,13,4,24.652419328689575,66.5455093383789,0.17339174212990935,0.16617849077149216,0.292851761529683,0.33172852977977096,0.14422304062299926,0.14178083500186145,0.341245250529052,0.33947404766143663
18,0.9270353133365216,0.9882425771666974,0.6278018047348013,0.6237897942276134,0.6293099893038203,0.6227505403469156,0.6382486702691662,0.001,18,0,24.456175327301025,79.660888671875,0.16452963440659768,0.15759842069212962,0.2913160774703581,0.3231394345554527,0.13526899574695447,0.17155664554044206,0.3359206055550327,0.3359480826029528
19,0.9632773401051988,0.8965220973561703,0.619514438844019,0.6216780968469814,0.6208961900200338,0.6086823333912006,0.6280818946855797,0.001,18,1,24.08909559249878,128.3985595703125,0.17423608287448122,0.1595327070085177,0.30041583857990145,0.29405624256499047,0.1457407457672625,0.1244667005150711,0.34288467220779195,0.31846643567542005
20,0.9809797734164004,0.9008259001362826,0.6148648218637767,0.6116713288353621,0.6079567108976883,0.6184918826810207,0.6237563740924539,0.001,18,2,25.471176147460938,154.60299682617188,0.18658567071430338,0.17099059294162278,0.30012647210753157,0.2742266576917959,0.14310185297917155,0.13171765546993583,0.3511657781965447,0.32389098816904527
21,0.9605698586172848,0.8989455316258573,0.6248023508742117,0.6403089027647269,0.6151285457414016,0.6050517126885525,0.6383230771865254,0.001,18,3,23.779189586639404,96.90189361572266,0.17103034382242113,0.16969792759890454,0.3001051414565241,0.28155243392714974,0.14387428722684212,0.12715322091357156,0.34556009170394586,0.320541951924296
22,0.8928654955760194,1.2025731471611014,0.6296001799658448,0.6341056371181274,0.607589698155424,0.6434747174364085,0.6330119246622425,0.001,22,0,22.56494116783142,78.09677124023438,0.16046265823041292,0.26910514682341047,0.2619635061670239,0.39872926551406185,0.1452688949760117,0.1502296057925827,0.3251704384401023,0.38450913350091886
23,0.9261385536559464,1.0839164104802703,0.6334730097694112,0.6383582495357686,0.622936433524567,0.6334683751844591,0.6393216636571206,0.001,23,0,22.770114421844482,109.32200622558594,0.17005416413111998,0.19942237320683165,0.2834213025787451,0.27148866301490465,0.13298169644677177,0.2732116642050055,0.33968138836456524,0.3397937085132185
24,0.8651782674589359,0.9592576227882356,0.6249370419240523,0.6301641521554889,0.6091645239459209,0.6285754675614477,0.632263992002817,0.001,23,1,23.364021062850952,79.20968627929688,0.16252329721131537,0.19077960048751053,0.2502919336192587,0.29707142217310756,0.13239849835684775,0.13245373340097577,0.31996453742171505,0.3389528689865561
25,0.846806291215243,0.9607285803152988,0.6153393746225831,0.6130489700357327,0.5971529200495372,0.6325449323196283,0.6200011025978598,0.001,23,2,24.314876317977905,164.15087890625,0.15585140274876955,0.16924293181296357,0.24635692197518683,0.2975652194005053,0.12770159756937585,0.14800823598833682,0.31689636948639055,0.34591218581753824
26,0.889232957707678,1.154453961633022,0.6385969102521853,0.6493489967636208,0.6138197966955232,0.6484075310117707,0.6411768964813782,0.001,26,0,24.506307125091553,135.1479949951172,0.1778035842085467,0.2712513670458495,0.2506070816610404,0.2914442057051668,0.1329266782395024,0.24163314171068817,0.3278956169094384,0.35012523942219037
27,0.8746970418961804,1.3940117989463368,0.623694109093388,0.6293204845740358,0.6157953241412448,0.6206175866539919,0.6289736801118403,0.001,26,1,24.696293115615845,94.59535217285156,0.15459190238753193,0.29711206879652324,0.2640084462150134,0.44442218460266314,0.13433538474741646,0.2158097602322336,0.32176130946068426,0.43666777764548137
28,0.8773878818141644,1.588502014124835,0.6263828900245596,0.6319191474474978,0.6061569762927722,0.6344641895682092,0.6332592716253246,0.001,26,2,24.68113899230957,85.8787841796875,0.15781631432188023,0.26349674052966815,0.2713756007971272,0.6286556144051092,0.12765912967165285,0.23868712870401745,0.3205368372077352,0.4576625079487475
29,0.9166227971270973,1.0281446188650216,0.6359412574399026,0.6430759238764188,0.61462841623834,0.6472146232344943,0.6377886020438417,0.001,26,3,24.66006350517273,297.734619140625,0.16315320776837333,0.17301969905770448,0.26896796461990186,0.38295079677902155,0.1480243425980141,0.13466368434834144,0.3364772843547664,0.3375104354411402
30,0.8563920033276056,0.9759554422982656,0.6324503582654779,0.6416525795146539,0.617895970025464,0.6326600125997666,0.6365779437738704,0.001,26,4,24.839097261428833,88.07839965820312,0.15211728696788054,0.164020870608845,0.25559054914313684,0.36753246639195075,0.13213477217562913,0.12505869889015744,0.3165493950532765,0.31934340574123243
31,0.9151262400091379,1.1093537964278863,0.6329638537272955,0.6399219446775266,0.6076121303073806,0.6456980876764024,0.6382985791404586,0.001,26,5,24.695194244384766,143.07855224609375,0.16978854045534789,0.19580686541504938,0.2721808043682354,0.412125067740184,0.13776001710595154,0.1361422031394671,0.3353968804861812,0.3652796671460567
32,0.7816882262468997,1.0175048831474431,0.6405435477856805,0.637751320552245,0.634987740275937,0.6422780491392996,0.6495085213309889,0.0005,32,0,24.082717657089233,48.054595947265625,0.14424247922026928,0.19753488159880023,0.2175320181756183,0.35823782717054986,0.11850467050957801,0.12124841849618183,0.3014090561667642,0.3404837476034883
33,0.7545219695109705,1.2042265854880576,0.6507025225850206,0.657736500925962,0.633744979466671,0.660644031870546,0.6489215973646387,0.0005,33,0,25.325096607208252,57.2483024597168,0.13795096331996703,0.2478625872202151,0.2087588857844401,0.38054327759297035,0.1150273025404108,0.1707903663621856,0.29278481766737413,0.4050303582639682
34,0.7742029398682282,0.9844913226891294,0.636940423567137,0.6320327460734088,0.6223487030379562,0.6529290298993966,0.6425558325538805,0.0005,33,1,24.990570545196533,97.00675964355469,0.14283709137951386,0.15614292486112846,0.2180275240176587,0.3882892297635552,0.11618008942726119,0.1248223812415682,0.2971582341669182,0.31523678395635474
35,0.7677691902686996,1.042262153150478,0.6485722797812967,0.6455859039548874,0.6333738385322687,0.6659112269913608,0.6503762110696157,0.0005,33,2,23.55738115310669,116.36851501464844,0.13828417501503307,0.26431539510097235,0.21763263970411303,0.3121111173311184,0.11853388640439738,0.13666609698480725,0.2933184889778085,0.329169538971108
36,0.7706961463305941,0.8606302353005147,0.6457996169867563,0.6443765135187756,0.6379936738268337,0.6533397494191618,0.6482665355981235,0.0005,33,3,23.185219526290894,62.94669723510742,0.14049289771804985,0.15537938304331111,0.21928858946877922,0.2619900844960282,0.11424765117336691,0.13091723744592143,0.29666700732564244,0.31234353590437886
37,0.7451895418582816,0.953438345499879,0.6539121610111787,0.6542854011539908,0.6298323298647761,0.6769287085078289,0.6546814053591505,0.0005,37,0,25.145124912261963,72.22676086425781,0.1373521304464156,0.19560750218948034,0.20330148273859427,0.3175929962166158,0.1158459221622366,0.12397062968781472,0.2886900079843528,0.31626720911089334
38,0.7457277366614201,0.9555475724002258,0.6535324548792905,0.6585765472764356,0.6440063173262969,0.654542932136702,0.6566108916530506,0.0005,37,1,24.826565742492676,48.69740295410156,0.138063062642121,0.2007005264552008,0.20779689487684763,0.29685276421679047,0.11254534640803415,0.1277523295784971,0.28732243118942474,0.33024195289550917
39,0.7425166157031825,1.020439101666174,0.6492877439368825,0.6413279559335833,0.6392633227062368,0.665034126536699,0.6540749742303679,0.0005,37,2,24.377973318099976,71.05577087402344,0.1357262405986488,0.22353920774441569,0.20409763770879472,0.3186809194998609,0.11337893400091206,0.13354323931885254,0.2893138011810809,0.34467573039528665
40,0.7310998275499301,0.9969040193472481,0.6533134847065879,0.6482029768700905,0.6410844556339731,0.6718407505967077,0.6531064504394527,0.0005,37,3,24.968875408172607,58.94534683227539,0.13491874507355778,0.17334415096585018,0.20025756384890567,0.3473363528658528,0.11155174312020397,0.13498277743352935,0.2843717767375227,0.34124073664042837
41,0.7296227482692907,1.1021716443971656,0.6564453390470548,0.6531849844329953,0.6326074170703564,0.6837578553825217,0.6569926280196836,0.0005,41,0,25.022401332855225,68.5924072265625,0.1344341652114941,0.21018787875942802,0.1999725258527404,0.4053790616049963,0.11262501827229715,0.13097266432273738,0.2825910380043832,0.35563204130145937
42,0.7281430656250134,1.144964327757386,0.638665275799199,0.6297567144095073,0.6276274172917068,0.6600502597417592,0.6390942110899013,0.0005,41,1,24.60548424720764,37.24945831298828,0.13281926131535088,0.21242434882569586,0.19833310008630056,0.3703319870594456,0.11308078633770684,0.1872414742545302,0.28390991829000783,0.3749665150544957
43,0.7320016673359255,1.0594798772575602,0.6530362691264671,0.6544753134953991,0.6319607701253105,0.6711436934518783,0.6545877959177505,0.0005,41,2,25.41208028793335,60.988487243652344,0.13473003775784362,0.1840506575687635,0.19951325188661231,0.39055150490144735,0.11241652741036467,0.12896967657376676,0.28534185164494574,0.35590803470952603
44,0.7100144643534569,1.3062826370675293,0.6522678867202216,0.6604498944426482,0.6190163497248924,0.674489513736103,0.6537822626108917,0.0005,41,3,24.65122127532959,30.410341262817383,0.1310017649386426,0.2016342738655183,0.19072852070772692,0.5370808731785964,0.10994426864356892,0.18556973421862907,0.27833990968167704,0.38199775969540634
45,0.7159219910191711,1.4241902085251887,0.6391331803080633,0.6349382183037869,0.6153142593216403,0.6660885301121893,0.6415050872923491,0.0005,41,4,25.894808530807495,53.841270446777344,0.13033759625585534,0.33032607541230447,0.19631278927794504,0.4425221781102443,0.10942001111485397,0.18714457335447748,0.27985159092311274,0.4641973905331939
46,0.7144747285734434,1.214277248881938,0.640805614226243,0.6339800952339731,0.6204627724616377,0.6678938481821608,0.6426121524755074,0.0005,41,5,25.185466051101685,104.26871490478516,0.1329576425649141,0.20849152432699922,0.1933052131136151,0.4585648995501823,0.1104150381490027,0.15229565841484802,0.27779683782910075,0.3949251673535217
47,0.6768774482763041,1.1241688317266003,0.6618726762475959,0.6585629041405687,0.6393537625512637,0.6884893744177139,0.6617151038159043,0.00025,47,0,25.096225023269653,35.31741714477539,0.12564686015178217,0.20688018948791279,0.1780648113854368,0.4104638112111833,0.10549755909626185,0.13466209333061716,0.26766821857417245,0.37216274529733573
48,0.6733154622987144,1.0691154432479448,0.657442102420066,0.6504357549100188,0.6302902083472721,0.6932334265403176,0.6571523361258146,0.00025,47,1,25.44421887397766,69.46923828125,0.1237060822628457,0.20304420400092124,0.1787751120479941,0.38561874815758845,0.10492732804401861,0.1390517244013181,0.26590693926501496,0.341400763693136
49,0.6670178498284791,1.2611056601255182,0.65651205119005,0.6490671009650055,0.6375430958528135,0.6843781706892842,0.6565580213251195,0.00025,47,2,25.7861065864563,94.3472671508789,0.12310009576271731,0.2580317099356255,0.1779064962797187,0.4398585790589851,0.10380394652053038,0.15730276026336018,0.26220731183169144,0.40591261563477693
50,0.6780965108965651,1.1514869503591252,0.6605419763064745,0.6592694765808661,0.6354130434477824,0.6888245293147561,0.6585087007079001,0.00025,47,3,24.027641534805298,53.002784729003906,0.12558592923187942,0.25318741075228307,0.1809225527013401,0.395638456765567,0.10492812250148977,0.13870715699128874,0.26665990348527624,0.36395392495553613
51,0.6559109917062957,1.0899779440342694,0.6595673481465513,0.658054998316941,0.6371648786565126,0.6851858481583121,0.6578158347388141,0.00025,47,4,25.24681329727173,50.594749450683594,0.12119157436481309,0.20337015698696004,0.1719527196210135,0.3911764247445235,0.1039755625212114,0.13790877332784815,0.2587911373186053,0.3575225914727378
52,0.6614866546896386,1.144810386848937,0.6583258730197286,0.6559615123384628,0.6402043015984824,0.6794607860244799,0.6581057370622456,0.00025,47,5,24.63400173187256,60.74482727050781,0.12226224989825583,0.1788785695496799,0.17554903105319683,0.4862545661147717,0.10293926330378267,0.13675066280639034,0.26073611404527924,0.34292658817113436
53,0.6395672379342492,1.4970644890576943,0.6593788324812216,0.6548817345589073,0.6372191825531388,0.6879527455886405,0.6581066503905233,0.000125,47,6,23.81121301651001,36.534645080566406,0.11873523318209948,0.2811309574968818,0.16668715771173317,0.5833074185107555,0.10087429841900858,0.18566911659021487,0.25327054994107584,0.4469569860594787
54,0.6359990309633259,1.1906442088033353,0.664142158636524,0.6593548757668819,0.6419383987260658,0.6938218915963064,0.6619781166293323,0.000125,54,0,24.80125641822815,43.74388885498047,0.11784401666606091,0.21394510055258203,0.16540638283729703,0.47923757555498475,0.10040834372370422,0.13869580573201332,0.2523402888632057,0.3587657400474695
55,0.6359698983373404,1.165061463798143,0.6679672589511314,0.67146136301523,0.6417441445890637,0.6936834982730766,0.6633596966551367,0.000125,55,0,24.771196842193604,35.193721771240234,0.1177659155552731,0.20139419937346933,0.1653005782960469,0.4677034583428011,0.10069834697702043,0.14066604206083988,0.25220505675593546,0.3552977669589212
56,0.6319683485719139,1.344275208116339,0.6631579772759488,0.6626983996584929,0.6373080105252302,0.6910955070677377,0.6612378899007947,0.000125,55,1,24.81872868537903,46.99745559692383,0.11639014818416715,0.24683558427054306,0.16545896712721703,0.5441347450412819,0.09992973197940593,0.15103864624125748,0.2501895019477536,0.40226623602449363
57,0.6263455609379168,1.3825770289200627,0.6623288352297962,0.6587235329059523,0.6347522194910163,0.6960994310818855,0.6599943135739256,0.000125,55,2,24.556890726089478,36.07441329956055,0.11594504875723491,0.2652453976953319,0.16291661278720293,0.5354240739439753,0.09891116308391398,0.16809396908201021,0.24857273725800996,0.41381360226968544
58,0.6279480604775713,1.311677574350155,0.669436542491646,0.6695066929433946,0.6422058505070318,0.6993665307958845,0.6659571964144922,0.000125,58,0,23.09923028945923,44.97148132324219,0.1164862098583721,0.23671350925970505,0.16345404983892023,0.514793279922138,0.09901465483841669,0.1601328093886832,0.24899314574605705,0.400037974842359
59,0.6269266569257289,1.3705678614924541,0.6653365044548977,0.6630940411675484,0.6415420513349381,0.6939751900158354,0.6626449088346988,0.000125,58,1,23.43201184272766,44.606815338134766,0.11637944438059729,0.24369931917537674,0.16318556703199183,0.5725425439143356,0.09907716100384721,0.15615565456345315,0.24828448403103506,0.3981703343214812
60,0.6277423277864692,1.2188320461360889,0.6680520588512835,0.6726460370401838,0.6406907047842713,0.6929373817102105,0.6642561305780399,0.000125,58,2,23.411803722381592,65.2613525390625,0.11652614375869394,0.2226568034173276,0.1631475919500043,0.46599759651992667,0.09921106519192688,0.1548447213105924,0.24885752620689683,0.37533292916542726
61,0.617122895320132,1.5552612297988637,0.6656440553234911,0.6668400881903382,0.6376681095594374,0.6940932253928852,0.6632584756415452,0.000125,58,3,24.61017894744873,48.29667663574219,0.11480436451255067,0.2726036861710165,0.15948134317021037,0.6490027321690496,0.09807107509944347,0.1751265034821755,0.24476611162983283,0.4585283166451777
62,0.6180585239145118,1.5702278534875824,0.6640750812927617,0.663597416966104,0.6367868418545864,0.6937596687560508,0.6617961427513559,0.000125,58,4,24.570273876190186,42.704463958740234,0.11434935823253245,0.30436779560561683,0.16112197657875432,0.6303821161965034,0.09738519004291342,0.1807801415180338,0.24520200085452049,0.454697796592006
63,0.6193445290137026,1.7497064184259485,0.6551117798443364,0.6517280432930971,0.6305221594501675,0.6845499179215712,0.6541267375673628,0.000125,58,5,25.299719095230103,36.574668884277344,0.114979729528404,0.3403144074201888,0.16058500365437503,0.707302702443334,0.09800356527551458,0.19761053831488998,0.24577623087619407,0.5044787654779271
64,0.6102049131377191,1.4221289824708667,0.6664804556381551,0.6652069256445649,0.6408345203347805,0.6951909724578984,0.6645600237330793,6.25e-05,58,6,25.048332929611206,52.267147064208984,0.11310662952290836,0.2609045669950288,0.15799583275008833,0.5747509185619661,0.09684580429410274,0.1647138855161947,0.24225664578739867,0.4217596051793446
65,0.6025372931001953,1.395166923868854,0.6651952478836485,0.6661611050380053,0.6395589662476271,0.6909563153577253,0.663590479854544,6.25e-05,58,7,26.31077551841736,52.07406997680664,0.1118961440302289,0.24507368771813687,0.15492642953576918,0.5817809650534109,0.09608589641313332,0.16441724766259905,0.23962882215337294,0.40389504324582953
66,0.6057253323394087,1.5353137234922873,0.6646629983760137,0.6642903244612702,0.637700202078024,0.693799267452711,0.6625051682747443,6.25e-05,58,8,24.43387532234192,51.24271774291992,0.11215676623018955,0.27656237725858335,0.15646484246845893,0.6393425775594334,0.09646588046102335,0.173923519036779,0.24063784154448706,0.4454852634919558
67,0.6049075563119496,1.4871020307942826,0.6649944785078723,0.6638074365492634,0.6382568204059134,0.6941671037569723,0.6637313325118595,6.25e-05,58,9,23.32010269165039,37.16178512573242,0.11261604661414239,0.28446742450749435,0.15561555745840663,0.5975492621556705,0.09626992458108995,0.17364145429046066,0.24040602817075968,0.4314438757007302
68,0.6027210128486413,1.5544604504549946,0.6626498546015083,0.6633163213517389,0.6365271192248153,0.6894170845524324,0.6608445362583729,6.25e-05,58,10,23.319223403930664,34.841148376464844,0.11160852160279619,0.2877674554195136,0.15606676563469785,0.6486113620577035,0.09587930800334875,0.17638968089226714,0.23916641711871015,0.441691968708964
69,0.5982905355754465,1.5675483894835334,0.6647977220229611,0.6643221503092429,0.6377767252358606,0.6943687060786615,0.6623235955077881,3.125e-05,58,11,24.60623288154602,39.877113342285156,0.11099885131724051,0.291632557775478,0.15422009570870843,0.641746795432949,0.09512381649551997,0.18283719471435741,0.2379477718460673,0.4513318291264628
70,0.5971479530921702,1.6145465800284122,0.662943267171693,0.6623412616219158,0.6366536749876185,0.691624713916905,0.6608564572949374,3.125e-05,58,12,23.792950868606567,43.497379302978516,0.11071877207078124,0.31315500545166763,0.15385582517609847,0.6594934093897941,0.09500909964177454,0.1857237170330257,0.23756425599135816,0.456174432393996
