split,pair_key,category,pair_id,attack_length,control_length,common_length,window,stride,window_count_per_member,first_window_start,last_window_start,last_window_end_exclusive,attack_native_window_count,control_native_window_count,attack_windows_removed,control_windows_removed,identical_ordered_window_starts
train,P2TR-K1-001,k1_local,V5-P2-FINAL640-P2TR-K1-001-S5T5-SEED620001,722,722,722,32,8,87,0,688,720,87,87,0,0,True
train,P2TR-K1-002,k1_local,V5-P2-FINAL640-P2TR-K1-002-S1T1-SEED620002,707,707,707,32,8,85,0,672,704,85,85,0,0,True
train,P2TR-K1-003,k1_local,V5-P2-FINAL640-P2TR-K1-003-S9T9-SEED620003,714,714,714,32,8,86,0,680,712,86,86,0,0,True
train,P2TR-K1-004,k1_local,V5-P2-FINAL640-P2TR-K1-004-S10T10-SEED620004,725,725,725,32,8,87,0,688,720,87,87,0,0,True
train,P2TR-K1-005,k1_local,V5-P2-FINAL640-P2TR-K1-005-S15T15-SEED620005,701,702,701,32,8,84,0,664,696,84,84,0,0,True
train,P2TR-K1-006,k1_local,V5-P2-FINAL640-P2TR-K1-006-S13T13-SEED620006,711,711,711,32,8,85,0,672,704,85,85,0,0,True
train,P2TR-K1-007,k1_local,V5-P2-FINAL640-P2TR-K1-007-S12T12-SEED620007,695,695,695,32,8,83,0,656,688,83,83,0,0,True
train,P2TR-K1-008,k1_local,V5-P2-FINAL640-P2TR-K1-008-S6T6-SEED620008,716,716,716,32,8,86,0,680,712,86,86,0,0,True
train,P2TR-K1-009,k1_one_hop,V5-P2-FINAL640-P2TR-K1-009-S11T7-SEED620009,703,703,703,32,8,84,0,664,696,84,84,0,0,True
train,P2TR-K1-010,k1_one_hop,V5-P2-FINAL640-P2TR-K1-010-S7T3-SEED620010,703,703,703,32,8,84,0,664,696,84,84,0,0,True
train,P2TR-K1-011,k1_one_hop,V5-P2-FINAL640-P2TR-K1-011-S4T8-SEED620011,701,701,701,32,8,84,0,664,696,84,84,0,0,True
train,P2TR-K1-012,k1_one_hop,V5-P2-FINAL640-P2TR-K1-012-S8T4-SEED620012,712,712,712,32,8,86,0,680,712,86,86,0,0,True
train,P2TR-K1-013,k1_one_hop,V5-P2-FINAL640-P2TR-K1-013-S0T4-SEED620013,700,699,699,32,8,84,0,664,696,84,84,0,0,True
train,P2TR-K1-014,k1_one_hop,V5-P2-FINAL640-P2TR-K1-014-S5T9-SEED620014,722,722,722,32,8,87,0,688,720,87,87,0,0,True
train,P2TR-K1-015,k1_one_hop,V5-P2-FINAL640-P2TR-K1-015-S9T13-SEED620015,714,714,714,32,8,86,0,680,712,86,86,0,0,True
train,P2TR-K1-016,k1_one_hop,V5-P2-FINAL640-P2TR-K1-016-S5T6-SEED620016,722,722,722,32,8,87,0,688,720,87,87,0,0,True
train,P2TR-K1-017,k1_one_hop,V5-P2-FINAL640-P2TR-K1-017-S14T15-SEED620017,703,703,703,32,8,84,0,664,696,84,84,0,0,True
train,P2TR-K1-018,k1_one_hop,V5-P2-FINAL640-P2TR-K1-018-S7T11-SEED620018,703,703,703,32,8,84,0,664,696,84,84,0,0,True
train,P2TR-K1-019,k1_one_hop,V5-P2-FINAL640-P2TR-K1-019-S10T14-SEED620019,725,725,725,32,8,87,0,688,720,87,87,0,0,True
train,P2TR-K1-020,k1_one_hop,V5-P2-FINAL640-P2TR-K1-020-S3T2-SEED620020,700,700,700,32,8,84,0,664,696,84,84,0,0,True
train,P2TR-K1-021,k1_one_hop,V5-P2-FINAL640-P2TR-K1-021-S6T5-SEED620021,716,716,716,32,8,86,0,680,712,86,86,0,0,True
train,P2TR-K1-022,k1_one_hop,V5-P2-FINAL640-P2TR-K1-022-S6T2-SEED620022,716,716,716,32,8,86,0,680,712,86,86,0,0,True
train,P2TR-K1-023,k1_one_hop,V5-P2-FINAL640-P2TR-K1-023-S8T12-SEED620023,711,712,711,32,8,85,0,672,704,85,86,0,1,True
train,P2TR-K1-024,k1_one_hop,V5-P2-FINAL640-P2TR-K1-024-S1T0-SEED620024,707,707,707,32,8,85,0,672,704,85,85,0,0,True
train,P2TR-K1-025,k1_one_hop,V5-P2-FINAL640-P2TR-K1-025-S4T0-SEED620025,701,701,701,32,8,84,0,664,696,84,84,0,0,True
train,P2TR-K1-026,k1_one_hop,V5-P2-FINAL640-P2TR-K1-026-S2T3-SEED620026,706,705,705,32,8,85,0,672,704,85,85,0,0,True
train,P2TR-K1-027,k1_one_hop,V5-P2-FINAL640-P2TR-K1-027-S10T9-SEED620027,725,725,725,32,8,87,0,688,720,87,87,0,0,True
train,P2TR-K1-028,k1_one_hop,V5-P2-FINAL640-P2TR-K1-028-S5T1-SEED620028,722,722,722,32,8,87,0,688,720,87,87,0,0,True
train,P2TR-K1-029,k1_one_hop,V5-P2-FINAL640-P2TR-K1-029-S6T7-SEED620029,716,716,716,32,8,86,0,680,712,86,86,0,0,True
train,P2TR-K1-030,k1_one_hop,V5-P2-FINAL640-P2TR-K1-030-S8T9-SEED620030,712,712,712,32,8,86,0,680,712,86,86,0,0,True
train,P2TR-K1-031,k1_one_hop,V5-P2-FINAL640-P2TR-K1-031-S6T10-SEED620031,716,716,716,32,8,86,0,680,712,86,86,0,0,True
train,P2TR-K1-032,k1_one_hop,V5-P2-FINAL640-P2TR-K1-032-S1T2-SEED620032,707,707,707,32,8,85,0,672,704,85,85,0,0,True
train,P2TR-K1-033,k1_short,V5-P2-FINAL640-P2TR-K1-033-S15T7-SEED620033,701,701,701,32,8,84,0,664,696,84,84,0,0,True
train,P2TR-K1-034,k1_short,V5-P2-FINAL640-P2TR-K1-034-S4T12-SEED620034,701,701,701,32,8,84,0,664,696,84,84,0,0,True
train,P2TR-K1-035,k1_short,V5-P2-FINAL640-P2TR-K1-035-S6T1-SEED620035,716,716,716,32,8,86,0,680,712,86,86,0,0,True
train,P2TR-K1-036,k1_short,V5-P2-FINAL640-P2TR-K1-036-S6T11-SEED620036,716,716,716,32,8,86,0,680,712,86,86,0,0,True
train,P2TR-K1-037,k1_short,V5-P2-FINAL640-P2TR-K1-037-S12T14-SEED620037,695,695,695,32,8,83,0,656,688,83,83,0,0,True
train,P2TR-K1-038,k1_short,V5-P2-FINAL640-P2TR-K1-038-S4T9-SEED620038,701,701,701,32,8,84,0,664,696,84,84,0,0,True
train,P2TR-K1-039,k1_short,V5-P2-FINAL640-P2TR-K1-039-S1T3-SEED620039,707,707,707,32,8,85,0,672,704,85,85,0,0,True
train,P2TR-K1-040,k1_short,V5-P2-FINAL640-P2TR-K1-040-S0T2-SEED620040,700,699,699,32,8,84,0,664,696,84,84,0,0,True
train,P2TR-K1-041,k1_short,V5-P2-FINAL640-P2TR-K1-041-S13T15-SEED620041,711,711,711,32,8,85,0,672,704,85,85,0,0,True
train,P2TR-K1-042,k1_short,V5-P2-FINAL640-P2TR-K1-042-S3T11-SEED620042,700,700,700,32,8,84,0,664,696,84,84,0,0,True
train,P2TR-K1-043,k1_short,V5-P2-FINAL640-P2TR-K1-043-S15T13-SEED620043,701,702,701,32,8,84,0,664,696,84,84,0,0,True
train,P2TR-K1-044,k1_short,V5-P2-FINAL640-P2TR-K1-044-S10T15-SEED620044,725,725,725,32,8,87,0,688,720,87,87,0,0,True
train,P2TR-K1-045,k1_short,V5-P2-FINAL640-P2TR-K1-045-S9T14-SEED620045,714,714,714,32,8,86,0,680,712,86,86,0,0,True
train,P2TR-K1-046,k1_short,V5-P2-FINAL640-P2TR-K1-046-S7T10-SEED620046,703,703,703,32,8,84,0,664,696,84,84,0,0,True
train,P2TR-K1-047,k1_short,V5-P2-FINAL640-P2TR-K1-047-S14T12-SEED620047,703,703,703,32,8,84,0,664,696,84,84,0,0,True
train,P2TR-K1-048,k1_short,V5-P2-FINAL640-P2TR-K1-048-S11T14-SEED620048,703,703,703,32,8,84,0,664,696,84,84,0,0,True
train,P2TR-K1-049,k1_short,V5-P2-FINAL640-P2TR-K1-049-S1T4-SEED620049,707,707,707,32,8,85,0,672,704,85,85,0,0,True
train,P2TR-K1-050,k1_short,V5-P2-FINAL640-P2TR-K1-050-S3T6-SEED620050,700,700,700,32,8,84,0,664,696,84,84,0,0,True
train,P2TR-K1-051,k1_short,V5-P2-FINAL640-P2TR-K1-051-S5T10-SEED620051,722,722,722,32,8,87,0,688,720,87,87,0,0,True
train,P2TR-K1-052,k1_short,V5-P2-FINAL640-P2TR-K1-052-S9T12-SEED620052,714,714,714,32,8,86,0,680,712,86,86,0,0,True
train,P2TR-K1-053,k1_short,V5-P2-FINAL640-P2TR-K1-053-S9T4-SEED620053,714,714,714,32,8,86,0,680,712,86,86,0,0,True
train,P2TR-K1-054,k1_short,V5-P2-FINAL640-P2TR-K1-054-S7T15-SEED620054,703,703,703,32,8,84,0,664,696,84,84,0,0,True
train,P2TR-K1-055,k1_short,V5-P2-FINAL640-P2TR-K1-055-S1T9-SEED620055,707,707,707,32,8,85,0,672,704,85,85,0,0,True
train,P2TR-K1-056,k1_short,V5-P2-FINAL640-P2TR-K1-056-S6T9-SEED620056,716,716,716,32,8,86,0,680,712,86,86,0,0,True
train,P2TR-K1-057,k1_short,V5-P2-FINAL640-P2TR-K1-057-S9T6-SEED620057,714,714,714,32,8,86,0,680,712,86,86,0,0,True
train,P2TR-K1-058,k1_short,V5-P2-FINAL640-P2TR-K1-058-S9T11-SEED620058,714,714,714,32,8,86,0,680,712,86,86,0,0,True
train,P2TR-K1-059,k1_short,V5-P2-FINAL640-P2TR-K1-059-S11T6-SEED620059,703,703,703,32,8,84,0,664,696,84,84,0,0,True
train,P2TR-K1-060,k1_short,V5-P2-FINAL640-P2TR-K1-060-S0T5-SEED620060,700,699,699,32,8,84,0,664,696,84,84,0,0,True
train,P2TR-K1-061,k1_short,V5-P2-FINAL640-P2TR-K1-061-S10T2-SEED620061,725,725,725,32,8,87,0,688,720,87,87,0,0,True
train,P2TR-K1-062,k1_short,V5-P2-FINAL640-P2TR-K1-062-S8T13-SEED620062,711,712,711,32,8,85,0,672,704,85,86,0,1,True
train,P2TR-K1-063,k1_short,V5-P2-FINAL640-P2TR-K1-063-S13T5-SEED620063,711,711,711,32,8,85,0,672,704,85,85,0,0,True
train,P2TR-K1-064,k1_short,V5-P2-FINAL640-P2TR-K1-064-S12T9-SEED620064,695,695,695,32,8,83,0,656,688,83,83,0,0,True
train,P2TR-K1-065,k1_medium,V5-P2-FINAL640-P2TR-K1-065-S3T5-SEED620065,700,700,700,32,8,84,0,664,696,84,84,0,0,True
train,P2TR-K1-066,k1_medium,V5-P2-FINAL640-P2TR-K1-066-S15T9-SEED620066,701,701,701,32,8,84,0,664,696,84,84,0,0,True
train,P2TR-K1-067,k1_medium,V5-P2-FINAL640-P2TR-K1-067-S10T12-SEED620067,725,725,725,32,8,87,0,688,720,87,87,0,0,True
train,P2TR-K1-068,k1_medium,V5-P2-FINAL640-P2TR-K1-068-S11T5-SEED620068,703,703,703,32,8,84,0,664,696,84,84,0,0,True
train,P2TR-K1-069,k1_medium,V5-P2-FINAL640-P2TR-K1-069-S2T9-SEED620069,706,705,705,32,8,85,0,672,704,85,85,0,0,True
train,P2TR-K1-070,k1_medium,V5-P2-FINAL640-P2TR-K1-070-S5T14-SEED620070,722,722,722,32,8,87,0,688,720,87,87,0,0,True
train,P2TR-K1-071,k1_medium,V5-P2-FINAL640-P2TR-K1-071-S7T4-SEED620071,703,703,703,32,8,84,0,664,696,84,84,0,0,True
train,P2TR-K1-072,k1_medium,V5-P2-FINAL640-P2TR-K1-072-S7T9-SEED620072,703,703,703,32,8,84,0,664,696,84,84,0,0,True
train,P2TR-K1-073,k1_medium,V5-P2-FINAL640-P2TR-K1-073-S0T9-SEED620073,700,699,699,32,8,84,0,664,696,84,84,0,0,True
train,P2TR-K1-074,k1_medium,V5-P2-FINAL640-P2TR-K1-074-S4T10-SEED620074,701,701,701,32,8,84,0,664,696,84,84,0,0,True
train,P2TR-K1-075,k1_medium,V5-P2-FINAL640-P2TR-K1-075-S5T12-SEED620075,722,722,722,32,8,87,0,688,720,87,87,0,0,True
train,P2TR-K1-076,k1_medium,V5-P2-FINAL640-P2TR-K1-076-S11T13-SEED620076,703,703,703,32,8,84,0,664,696,84,84,0,0,True
train,P2TR-K1-077,k1_medium,V5-P2-FINAL640-P2TR-K1-077-S8T6-SEED620077,712,712,712,32,8,86,0,680,712,86,86,0,0,True
train,P2TR-K1-078,k1_medium,V5-P2-FINAL640-P2TR-K1-078-S6T0-SEED620078,716,716,716,32,8,86,0,680,712,86,86,0,0,True
train,P2TR-K1-079,k1_medium,V5-P2-FINAL640-P2TR-K1-079-S8T14-SEED620079,711,712,711,32,8,85,0,672,704,85,86,0,1,True
train,P2TR-K1-080,k1_medium,V5-P2-FINAL640-P2TR-K1-080-S4T2-SEED620080,701,701,701,32,8,84,0,664,696,84,84,0,0,True
train,P2TR-K1-081,k1_medium,V5-P2-FINAL640-P2TR-K1-081-S15T12-SEED620081,701,702,701,32,8,84,0,664,696,84,84,0,0,True
train,P2TR-K1-082,k1_medium,V5-P2-FINAL640-P2TR-K1-082-S4T7-SEED620082,701,701,701,32,8,84,0,664,696,84,84,0,0,True
train,P2TR-K1-083,k1_medium,V5-P2-FINAL640-P2TR-K1-083-S6T15-SEED620083,716,716,716,32,8,86,0,680,712,86,86,0,0,True
train,P2TR-K1-084,k1_medium,V5-P2-FINAL640-P2TR-K1-084-S13T4-SEED620084,711,711,711,32,8,85,0,672,704,85,85,0,0,True
train,P2TR-K1-085,k1_medium,V5-P2-FINAL640-P2TR-K1-085-S12T0-SEED620085,695,695,695,32,8,83,0,656,688,83,83,0,0,True
train,P2TR-K1-086,k1_medium,V5-P2-FINAL640-P2TR-K1-086-S12T15-SEED620086,695,695,695,32,8,83,0,656,688,83,83,0,0,True
train,P2TR-K1-087,k1_medium,V5-P2-FINAL640-P2TR-K1-087-S11T2-SEED620087,703,703,703,32,8,84,0,664,696,84,84,0,0,True
train,P2TR-K1-088,k1_medium,V5-P2-FINAL640-P2TR-K1-088-S9T7-SEED620088,714,714,714,32,8,86,0,680,712,86,86,0,0,True
train,P2TR-K1-089,k1_medium,V5-P2-FINAL640-P2TR-K1-089-S5T11-SEED620089,722,722,722,32,8,87,0,688,720,87,87,0,0,True
train,P2TR-K1-090,k1_medium,V5-P2-FINAL640-P2TR-K1-090-S7T1-SEED620090,703,703,703,32,8,84,0,664,696,84,84,0,0,True
train,P2TR-K1-091,k1_medium,V5-P2-FINAL640-P2TR-K1-091-S9T0-SEED620091,714,714,714,32,8,86,0,680,712,86,86,0,0,True
train,P2TR-K1-092,k1_medium,V5-P2-FINAL640-P2TR-K1-092-S0T3-SEED620092,700,699,699,32,8,84,0,664,696,84,84,0,0,True
train,P2TR-K1-093,k1_medium,V5-P2-FINAL640-P2TR-K1-093-S13T6-SEED620093,711,711,711,32,8,85,0,672,704,85,85,0,0,True
train,P2TR-K1-094,k1_medium,V5-P2-FINAL640-P2TR-K1-094-S2T4-SEED620094,706,705,705,32,8,85,0,672,704,85,85,0,0,True
train,P2TR-K1-095,k1_medium,V5-P2-FINAL640-P2TR-K1-095-S10T4-SEED620095,725,725,725,32,8,87,0,688,720,87,87,0,0,True
train,P2TR-K1-096,k1_medium,V5-P2-FINAL640-P2TR-K1-096-S0T6-SEED620096,700,699,699,32,8,84,0,664,696,84,84,0,0,True
train,P2TR-K1-097,k1_long,V5-P2-FINAL640-P2TR-K1-097-S4T14-SEED620097,701,701,701,32,8,84,0,664,696,84,84,0,0,True
train,P2TR-K1-098,k1_long,V5-P2-FINAL640-P2TR-K1-098-S0T13-SEED620098,699,699,699,32,8,84,0,664,696,84,84,0,0,True
train,P2TR-K1-099,k1_long,V5-P2-FINAL640-P2TR-K1-099-S3T13-SEED620099,700,700,700,32,8,84,0,664,696,84,84,0,0,True
train,P2TR-K1-100,k1_long,V5-P2-FINAL640-P2TR-K1-100-S12T2-SEED620100,695,695,695,32,8,83,0,656,688,83,83,0,0,True
train,P2TR-K1-101,k1_long,V5-P2-FINAL640-P2TR-K1-101-S9T3-SEED620101,714,714,714,32,8,86,0,680,712,86,86,0,0,True
train,P2TR-K1-102,k1_long,V5-P2-FINAL640-P2TR-K1-102-S15T4-SEED620102,701,701,701,32,8,84,0,664,696,84,84,0,0,True
train,P2TR-K1-103,k1_long,V5-P2-FINAL640-P2TR-K1-103-S0T14-SEED620103,699,699,699,32,8,84,0,664,696,84,84,0,0,True
train,P2TR-K1-104,k1_long,V5-P2-FINAL640-P2TR-K1-104-S15T8-SEED620104,701,701,701,32,8,84,0,664,696,84,84,0,0,True
train,P2TR-K1-105,k1_long,V5-P2-FINAL640-P2TR-K1-105-S2T8-SEED620105,706,705,705,32,8,85,0,672,704,85,85,0,0,True
train,P2TR-K1-106,k1_long,V5-P2-FINAL640-P2TR-K1-106-S15T2-SEED620106,701,701,701,32,8,84,0,664,696,84,84,0,0,True
train,P2TR-K1-107,k1_long,V5-P2-FINAL640-P2TR-K1-107-S0T15-SEED620107,699,699,699,32,8,84,0,664,696,84,84,0,0,True
train,P2TR-K1-108,k1_long,V5-P2-FINAL640-P2TR-K1-108-S3T8-SEED620108,700,700,700,32,8,84,0,664,696,84,84,0,0,True
train,P2TR-K1-109,k1_long,V5-P2-FINAL640-P2TR-K1-109-S10T0-SEED620109,725,725,725,32,8,87,0,688,720,87,87,0,0,True
train,P2TR-K1-110,k1_long,V5-P2-FINAL640-P2TR-K1-110-S8T7-SEED620110,712,712,712,32,8,86,0,680,712,86,86,0,0,True
train,P2TR-K1-111,k1_long,V5-P2-FINAL640-P2TR-K1-111-S13T7-SEED620111,711,711,711,32,8,85,0,672,704,85,85,0,0,True
train,P2TR-K1-112,k1_long,V5-P2-FINAL640-P2TR-K1-112-S8T3-SEED620112,712,712,712,32,8,86,0,680,712,86,86,0,0,True
train,P2TR-K1-113,k1_long,V5-P2-FINAL640-P2TR-K1-113-S11T4-SEED620113,703,703,703,32,8,84,0,664,696,84,84,0,0,True
train,P2TR-K1-114,k1_long,V5-P2-FINAL640-P2TR-K1-114-S14T4-SEED620114,703,704,703,32,8,84,0,664,696,84,85,0,1,True
train,P2TR-K1-115,k1_long,V5-P2-FINAL640-P2TR-K1-115-S12T6-SEED620115,695,695,695,32,8,83,0,656,688,83,83,0,0,True
train,P2TR-K1-116,k1_long,V5-P2-FINAL640-P2TR-K1-116-S8T2-SEED620116,712,712,712,32,8,86,0,680,712,86,86,0,0,True
train,P2TR-K1-117,k1_long,V5-P2-FINAL640-P2TR-K1-117-S13T3-SEED620117,711,711,711,32,8,85,0,672,704,85,85,0,0,True
train,P2TR-K1-118,k1_long,V5-P2-FINAL640-P2TR-K1-118-S7T13-SEED620118,703,703,703,32,8,84,0,664,696,84,84,0,0,True
train,P2TR-K1-119,k1_long,V5-P2-FINAL640-P2TR-K1-119-S14T1-SEED620119,703,704,703,32,8,84,0,664,696,84,85,0,1,True
train,P2TR-K1-120,k1_long,V5-P2-FINAL640-P2TR-K1-120-S0T11-SEED620120,699,699,699,32,8,84,0,664,696,84,84,0,0,True
train,P2TR-K2-123,k2_local_mixed,V5-P2-FINAL640-P2TR-K2-123-S2T2-S0T5-SEED620123,707,708,707,32,8,85,0,672,704,85,85,0,0,True
train,P2TR-K2-124,k2_local_mixed,V5-P2-FINAL640-P2TR-K2-124-S5T5-S2T7-SEED620124,709,709,709,32,8,85,0,672,704,85,85,0,0,True
train,P2TR-K2-125,k2_local_mixed,V5-P2-FINAL640-P2TR-K2-125-S4T12-S8T8-SEED620125,707,707,707,32,8,85,0,672,704,85,85,0,0,True
train,P2TR-K2-126,k2_local_mixed,V5-P2-FINAL640-P2TR-K2-126-S14T14-S3T8-SEED620126,711,711,711,32,8,85,0,672,704,85,85,0,0,True
train,P2TR-K2-127,k2_local_mixed,V5-P2-FINAL640-P2TR-K2-127-S8T8-S5T11-SEED620127,714,714,714,32,8,86,0,680,712,86,86,0,0,True
train,P2TR-K2-129,k2_local_mixed,V5-P2-FINAL640-P2TR-K2-129-S11T11-S9T1-SEED620129,719,719,719,32,8,86,0,680,712,86,86,0,0,True
train,P2TR-K2-130,k2_local_mixed,V5-P2-FINAL640-P2TR-K2-130-S5T5-S2T10-SEED620130,709,709,709,32,8,85,0,672,704,85,85,0,0,True
train,P2TR-K2-131,k2_local_mixed,V5-P2-FINAL640-P2TR-K2-131-S10T10-S11T9-SEED620131,717,717,717,32,8,86,0,680,712,86,86,0,0,True
train,P2TR-K2-132,k2_local_mixed,V5-P2-FINAL640-P2TR-K2-132-S6T6-S1T7-SEED620132,716,716,716,32,8,86,0,680,712,86,86,0,0,True
train,P2TR-K2-133,k2_local_mixed,V5-P2-FINAL640-P2TR-K2-133-S5T5-S0T7-SEED620133,713,713,713,32,8,86,0,680,712,86,86,0,0,True
train,P2TR-K2-134,k2_local_mixed,V5-P2-FINAL640-P2TR-K2-134-S5T10-S8T8-SEED620134,714,714,714,32,8,86,0,680,712,86,86,0,0,True
train,P2TR-K2-135,k2_local_mixed,V5-P2-FINAL640-P2TR-K2-135-S3T5-S15T15-SEED620135,695,695,695,32,8,83,0,656,688,83,83,0,0,True
train,P2TR-K2-136,k2_local_mixed,V5-P2-FINAL640-P2TR-K2-136-S0T0-S7T15-SEED620136,709,708,708,32,8,85,0,672,704,85,85,0,0,True
train,P2TR-K2-137,k2_local_mixed,V5-P2-FINAL640-P2TR-K2-137-S10T10-S7T7-SEED620137,709,709,709,32,8,85,0,672,704,85,85,0,0,True
train,P2TR-K2-138,k2_local_mixed,V5-P2-FINAL640-P2TR-K2-138-S12T8-S4T4-SEED620138,696,696,696,32,8,84,0,664,696,84,84,0,0,True
train,P2TR-K2-139,k2_local_mixed,V5-P2-FINAL640-P2TR-K2-139-S14T5-S1T1-SEED620139,716,716,716,32,8,86,0,680,712,86,86,0,0,True
train,P2TR-K2-140,k2_local_mixed,V5-P2-FINAL640-P2TR-K2-140-S12T11-S9T9-SEED620140,695,695,695,32,8,83,0,656,688,83,83,0,0,True
train,P2TR-K2-141,k2_local_mixed,V5-P2-FINAL640-P2TR-K2-141-S11T11-S1T4-SEED620141,717,717,717,32,8,86,0,680,712,86,86,0,0,True
train,P2TR-K2-142,k2_local_mixed,V5-P2-FINAL640-P2TR-K2-142-S5T0-S0T0-SEED620142,713,713,713,32,8,86,0,680,712,86,86,0,0,True
train,P2TR-K2-143,k2_local_mixed,V5-P2-FINAL640-P2TR-K2-143-S4T10-S0T0-SEED620143,706,706,706,32,8,85,0,672,704,85,85,0,0,True
train,P2TR-K2-144,k2_local_mixed,V5-P2-FINAL640-P2TR-K2-144-S7T6-S8T8-SEED620144,704,704,704,32,8,85,0,672,704,85,85,0,0,True
train,P2TR-K2-145,k2_converging_victim,V5-P2-FINAL640-P2TR-K2-145-S13T1-S0T1-SEED620145,704,704,704,32,8,85,0,672,704,85,85,0,0,True
train,P2TR-K2-146,k2_converging_victim,V5-P2-FINAL640-P2TR-K2-146-S5T12-S8T12-SEED620146,713,713,713,32,8,86,0,680,712,86,86,0,0,True
train,P2TR-K2-147,k2_converging_victim,V5-P2-FINAL640-P2TR-K2-147-S5T7-S8T7-SEED620147,714,713,713,32,8,86,0,680,712,86,86,0,0,True
train,P2TR-K2-148,k2_converging_victim,V5-P2-FINAL640-P2TR-K2-148-S7T15-S10T15-SEED620148,709,709,709,32,8,85,0,672,704,85,85,0,0,True
train,P2TR-K2-149,k2_converging_victim,V5-P2-FINAL640-P2TR-K2-149-S7T11-S2T11-SEED620149,707,707,707,32,8,85,0,672,704,85,85,0,0,True
train,P2TR-K2-150,k2_converging_victim,V5-P2-FINAL640-P2TR-K2-150-S8T2-S0T2-SEED620150,704,704,704,32,8,85,0,672,704,85,85,0,0,True
train,P2TR-K2-151,k2_converging_victim,V5-P2-FINAL640-P2TR-K2-151-S0T6-S11T6-SEED620151,706,706,706,32,8,85,0,672,704,85,85,0,0,True
train,P2TR-K2-152,k2_converging_victim,V5-P2-FINAL640-P2TR-K2-152-S12T4-S0T4-SEED620152,695,695,695,32,8,83,0,656,688,83,83,0,0,True
train,P2TR-K2-153,k2_converging_victim,V5-P2-FINAL640-P2TR-K2-153-S14T5-S13T5-SEED620153,710,710,710,32,8,85,0,672,704,85,85,0,0,True
train,P2TR-K2-154,k2_converging_victim,V5-P2-FINAL640-P2TR-K2-154-S8T1-S13T1-SEED620154,717,717,717,32,8,86,0,680,712,86,86,0,0,True
train,P2TR-K2-155,k2_converging_victim,V5-P2-FINAL640-P2TR-K2-155-S14T13-S1T13-SEED620155,716,716,716,32,8,86,0,680,712,86,86,0,0,True
train,P2TR-K2-156,k2_converging_victim,V5-P2-FINAL640-P2TR-K2-156-S3T15-S6T15-SEED620156,704,704,704,32,8,85,0,672,704,85,85,0,0,True
train,P2TR-K2-157,k2_converging_victim,V5-P2-FINAL640-P2TR-K2-157-S11T0-S7T0-SEED620157,705,705,705,32,8,85,0,672,704,85,85,0,0,True
train,P2TR-K2-158,k2_converging_victim,V5-P2-FINAL640-P2TR-K2-158-S3T10-S15T10-SEED620158,695,695,695,32,8,83,0,656,688,83,83,0,0,True
train,P2TR-K2-159,k2_converging_victim,V5-P2-FINAL640-P2TR-K2-159-S11T14-S8T14-SEED620159,719,719,719,32,8,86,0,680,712,86,86,0,0,True
train,P2TR-K2-160,k2_converging_victim,V5-P2-FINAL640-P2TR-K2-160-S15T12-S6T12-SEED620160,695,695,695,32,8,83,0,656,688,83,83,0,0,True
train,P2TR-K2-161,k2_converging_victim,V5-P2-FINAL640-P2TR-K2-161-S9T11-S13T11-SEED620161,719,719,719,32,8,86,0,680,712,86,86,0,0,True
train,P2TR-K2-162,k2_converging_victim,V5-P2-FINAL640-P2TR-K2-162-S14T3-S2T3-SEED620162,711,711,711,32,8,85,0,672,704,85,85,0,0,True
train,P2TR-K2-163,k2_converging_victim,V5-P2-FINAL640-P2TR-K2-163-S10T5-S2T5-SEED620163,707,707,707,32,8,85,0,672,704,85,85,0,0,True
train,P2TR-K2-164,k2_converging_victim,V5-P2-FINAL640-P2TR-K2-164-S2T14-S12T14-SEED620164,696,696,696,32,8,84,0,664,696,84,84,0,0,True
train,P2TR-K2-165,k2_converging_victim,V5-P2-FINAL640-P2TR-K2-165-S13T6-S4T6-SEED620165,708,708,708,32,8,85,0,672,704,85,85,0,0,True
train,P2TR-K2-166,k2_converging_victim,V5-P2-FINAL640-P2TR-K2-166-S3T12-S7T12-SEED620166,708,709,708,32,8,85,0,672,704,85,85,0,0,True
train,P2TR-K2-167,k2_converging_victim,V5-P2-FINAL640-P2TR-K2-167-S6T8-S4T8-SEED620167,705,705,705,32,8,85,0,672,704,85,85,0,0,True
train,P2TR-K2-168,k2_converging_victim,V5-P2-FINAL640-P2TR-K2-168-S13T0-S6T0-SEED620168,723,723,723,32,8,87,0,688,720,87,87,0,0,True
train,P2TR-K2-169,k2_shared_transit,V5-P2-FINAL640-P2TR-K2-169-S11T14-S8T15-SEED620169,719,719,719,32,8,86,0,680,712,86,86,0,0,True
train,P2TR-K2-170,k2_shared_transit,V5-P2-FINAL640-P2TR-K2-170-S6T0-S5T8-SEED620170,724,724,724,32,8,87,0,688,720,87,87,0,0,True
train,P2TR-K2-171,k2_shared_transit,V5-P2-FINAL640-P2TR-K2-171-S8T5-S14T5-SEED620171,713,713,713,32,8,86,0,680,712,86,86,0,0,True
train,P2TR-K2-174,k2_shared_transit,V5-P2-FINAL640-P2TR-K2-174-S11T4-S3T13-SEED620174,705,706,705,32,8,85,0,672,704,85,85,0,0,True
train,P2TR-K2-175,k2_shared_transit,V5-P2-FINAL640-P2TR-K2-175-S7T1-S2T13-SEED620175,707,707,707,32,8,85,0,672,704,85,85,0,0,True
train,P2TR-K2-176,k2_shared_transit,V5-P2-FINAL640-P2TR-K2-176-S10T8-S8T5-SEED620176,719,719,719,32,8,86,0,680,712,86,86,0,0,True
train,P2TR-K2-177,k2_shared_transit,V5-P2-FINAL640-P2TR-K2-177-S11T13-S14T1-SEED620177,711,711,711,32,8,85,0,672,704,85,85,0,0,True
train,P2TR-K2-178,k2_shared_transit,V5-P2-FINAL640-P2TR-K2-178-S1T8-S0T8-SEED620178,706,706,706,32,8,85,0,672,704,85,85,0,0,True
train,P2TR-K2-179,k2_shared_transit,V5-P2-FINAL640-P2TR-K2-179-S3T10-S14T2-SEED620179,711,710,710,32,8,85,0,672,704,85,85,0,0,True
train,P2TR-K2-180,k2_shared_transit,V5-P2-FINAL640-P2TR-K2-180-S10T1-S8T7-SEED620180,719,719,719,32,8,86,0,680,712,86,86,0,0,True
train,P2TR-K2-181,k2_shared_transit,V5-P2-FINAL640-P2TR-K2-181-S13T5-S15T1-SEED620181,696,696,696,32,8,84,0,664,696,84,84,0,0,True
train,P2TR-K2-182,k2_shared_transit,V5-P2-FINAL640-P2TR-K2-182-S10T12-S15T1-SEED620182,698,698,698,32,8,84,0,664,696,84,84,0,0,True
train,P2TR-K2-183,k2_shared_transit,V5-P2-FINAL640-P2TR-K2-183-S14T5-S13T1-SEED620183,710,710,710,32,8,85,0,672,704,85,85,0,0,True
train,P2TR-K2-184,k2_shared_transit,V5-P2-FINAL640-P2TR-K2-184-S3T9-S7T1-SEED620184,709,709,709,32,8,85,0,672,704,85,85,0,0,True
train,P2TR-K2-185,k2_shared_transit,V5-P2-FINAL640-P2TR-K2-185-S14T1-S15T12-SEED620185,693,693,693,32,8,83,0,656,688,83,83,0,0,True
train,P2TR-K2-187,k2_shared_transit,V5-P2-FINAL640-P2TR-K2-187-S2T10-S4T3-SEED620187,707,708,707,32,8,85,0,672,704,85,85,0,0,True
train,P2TR-K2-188,k2_shared_transit,V5-P2-FINAL640-P2TR-K2-188-S5T15-S10T15-SEED620188,719,719,719,32,8,86,0,680,712,86,86,0,0,True
train,P2TR-K2-189,k2_shared_transit,V5-P2-FINAL640-P2TR-K2-189-S15T0-S4T12-SEED620189,696,696,696,32,8,84,0,664,696,84,84,0,0,True
train,P2TR-K2-190,k2_shared_transit,V5-P2-FINAL640-P2TR-K2-190-S3T15-S7T15-SEED620190,708,709,708,32,8,85,0,672,704,85,85,0,0,True
train,P2TR-K2-191,k2_shared_transit,V5-P2-FINAL640-P2TR-K2-191-S7T8-S2T13-SEED620191,707,707,707,32,8,85,0,672,704,85,85,0,0,True
train,P2TR-K2-192,k2_shared_transit,V5-P2-FINAL640-P2TR-K2-192-S11T2-S9T3-SEED620192,719,719,719,32,8,86,0,680,712,86,86,0,0,True
train,P2TR-K2-193,k2_shared_transit,V5-P2-FINAL640-P2TR-K2-193-S15T3-S13T3-SEED620193,696,696,696,32,8,84,0,664,696,84,84,0,0,True
train,P2TR-K2-194,k2_shared_transit,V5-P2-FINAL640-P2TR-K2-194-S2T14-S4T14-SEED620194,707,708,707,32,8,85,0,672,704,85,85,0,0,True
train,P2TR-K2-195,k2_shared_transit,V5-P2-FINAL640-P2TR-K2-195-S11T2-S5T2-SEED620195,715,716,715,32,8,86,0,680,712,86,86,0,0,True
train,P2TR-K2-196,k2_shared_transit,V5-P2-FINAL640-P2TR-K2-196-S11T12-S0T14-SEED620196,706,706,706,32,8,85,0,672,704,85,85,0,0,True
train,P2TR-K2-198,k2_shared_transit,V5-P2-FINAL640-P2TR-K2-198-S15T12-S14T0-SEED620198,693,693,693,32,8,83,0,656,688,83,83,0,0,True
train,P2TR-K2-199,k2_shared_transit,V5-P2-FINAL640-P2TR-K2-199-S15T7-S12T7-SEED620199,699,699,699,32,8,84,0,664,696,84,84,0,0,True
train,P2TR-K2-200,k2_shared_transit,V5-P2-FINAL640-P2TR-K2-200-S11T14-S12T2-SEED620200,695,695,695,32,8,83,0,656,688,83,83,0,0,True
train,P2TR-K2-202,k2_distinct_victims,V5-P2-FINAL640-P2TR-K2-202-S7T3-S2T1-SEED620202,707,707,707,32,8,85,0,672,704,85,85,0,0,True
train,P2TR-K2-203,k2_distinct_victims,V5-P2-FINAL640-P2TR-K2-203-S11T14-S12T15-SEED620203,695,694,694,32,8,83,0,656,688,83,83,0,0,True
train,P2TR-K2-204,k2_distinct_victims,V5-P2-FINAL640-P2TR-K2-204-S8T3-S4T11-SEED620204,707,707,707,32,8,85,0,672,704,85,85,0,0,True
train,P2TR-K2-205,k2_distinct_victims,V5-P2-FINAL640-P2TR-K2-205-S4T6-S11T1-SEED620205,707,707,707,32,8,85,0,672,704,85,85,0,0,True
train,P2TR-K2-206,k2_distinct_victims,V5-P2-FINAL640-P2TR-K2-206-S5T13-S2T7-SEED620206,709,709,709,32,8,85,0,672,704,85,85,0,0,True
train,P2TR-K2-207,k2_distinct_victims,V5-P2-FINAL640-P2TR-K2-207-S15T4-S10T3-SEED620207,698,698,698,32,8,84,0,664,696,84,84,0,0,True
train,P2TR-K2-208,k2_distinct_victims,V5-P2-FINAL640-P2TR-K2-208-S4T13-S10T1-SEED620208,709,709,709,32,8,85,0,672,704,85,85,0,0,True
train,P2TR-K2-209,k2_distinct_victims,V5-P2-FINAL640-P2TR-K2-209-S4T10-S2T13-SEED620209,707,708,707,32,8,85,0,672,704,85,85,0,0,True
train,P2TR-K2-210,k2_distinct_victims,V5-P2-FINAL640-P2TR-K2-210-S11T4-S3T0-SEED620210,706,706,706,32,8,85,0,672,704,85,85,0,0,True
train,P2TR-K2-211,k2_distinct_victims,V5-P2-FINAL640-P2TR-K2-211-S14T1-S2T0-SEED620211,711,711,711,32,8,85,0,672,704,85,85,0,0,True
train,P2TR-K2-212,k2_distinct_victims,V5-P2-FINAL640-P2TR-K2-212-S12T14-S9T15-SEED620212,695,695,695,32,8,83,0,656,688,83,83,0,0,True
train,P2TR-K2-213,k2_distinct_victims,V5-P2-FINAL640-P2TR-K2-213-S8T5-S7T4-SEED620213,704,704,704,32,8,85,0,672,704,85,85,0,0,True
train,P2TR-K2-214,k2_distinct_victims,V5-P2-FINAL640-P2TR-K2-214-S0T7-S15T3-SEED620214,696,696,696,32,8,84,0,664,696,84,84,0,0,True
train,P2TR-K2-215,k2_distinct_victims,V5-P2-FINAL640-P2TR-K2-215-S11T8-S2T4-SEED620215,710,709,709,32,8,85,0,672,704,85,85,0,0,True
train,P2TR-K2-216,k2_distinct_victims,V5-P2-FINAL640-P2TR-K2-216-S3T14-S13T0-SEED620216,703,704,703,32,8,84,0,664,696,84,85,0,1,True
train,P2TR-K2-217,k2_distinct_victims,V5-P2-FINAL640-P2TR-K2-217-S6T7-S13T4-SEED620217,724,724,724,32,8,87,0,688,720,87,87,0,0,True
train,P2TR-K2-218,k2_distinct_victims,V5-P2-FINAL640-P2TR-K2-218-S10T9-S0T2-SEED620218,709,709,709,32,8,85,0,672,704,85,85,0,0,True
train,P2TR-K2-219,k2_distinct_victims,V5-P2-FINAL640-P2TR-K2-219-S4T9-S0T11-SEED620219,706,706,706,32,8,85,0,672,704,85,85,0,0,True
train,P2TR-K2-221,k2_distinct_victims,V5-P2-FINAL640-P2TR-K2-221-S15T4-S13T15-SEED620221,696,696,696,32,8,84,0,664,696,84,84,0,0,True
train,P2TR-K2-222,k2_distinct_victims,V5-P2-FINAL640-P2TR-K2-222-S1T10-S9T11-SEED620222,712,712,712,32,8,86,0,680,712,86,86,0,0,True
train,P2TR-K2-223,k2_distinct_victims,V5-P2-FINAL640-P2TR-K2-223-S15T5-S6T14-SEED620223,695,695,695,32,8,83,0,656,688,83,83,0,0,True
train,P2TR-K2-224,k2_distinct_victims,V5-P2-FINAL640-P2TR-K2-224-S9T12-S1T4-SEED620224,713,712,712,32,8,86,0,680,712,86,86,0,0,True
train,P2TR-K2-225,k2_distinct_victims,V5-P2-FINAL640-P2TR-K2-225-S2T15-S12T10-SEED620225,696,696,696,32,8,84,0,664,696,84,84,0,0,True
train,P2TR-K2-226,k2_distinct_victims,V5-P2-FINAL640-P2TR-K2-226-S15T8-S5T4-SEED620226,695,696,695,32,8,83,0,656,688,83,84,0,1,True
train,P2TR-K2-227,k2_distinct_victims,V5-P2-FINAL640-P2TR-K2-227-S10T7-S3T10-SEED620227,707,707,707,32,8,85,0,672,704,85,85,0,0,True
train,P2TR-K2-228,k2_distinct_victims,V5-P2-FINAL640-P2TR-K2-228-S10T4-S11T10-SEED620228,717,718,717,32,8,86,0,680,712,86,86,0,0,True
train,P2TR-K2-229,k2_distinct_victims,V5-P2-FINAL640-P2TR-K2-229-S7T1-S14T15-SEED620229,709,709,709,32,8,85,0,672,704,85,85,0,0,True
train,P2TR-K2-230,k2_distinct_victims,V5-P2-FINAL640-P2TR-K2-230-S3T8-S6T7-SEED620230,704,704,704,32,8,85,0,672,704,85,85,0,0,True
train,P2TR-K2-231,k2_distinct_victims,V5-P2-FINAL640-P2TR-K2-231-S8T11-S1T8-SEED620231,717,717,717,32,8,86,0,680,712,86,86,0,0,True
train,P2TR-K2-232,k2_distinct_victims,V5-P2-FINAL640-P2TR-K2-232-S12T1-S4T10-SEED620232,696,696,696,32,8,84,0,664,696,84,84,0,0,True
train,P2TR-K2-233,k2_opposing_pair,V5-P2-FINAL640-P2TR-K2-233-S4T0-S0T4-SEED620233,706,706,706,32,8,85,0,672,704,85,85,0,0,True
train,P2TR-K2-234,k2_opposing_pair,V5-P2-FINAL640-P2TR-K2-234-S10T13-S13T10-SEED620234,716,715,715,32,8,86,0,680,712,86,86,0,0,True
train,P2TR-K2-235,k2_opposing_pair,V5-P2-FINAL640-P2TR-K2-235-S10T9-S9T10-SEED620235,718,718,718,32,8,86,0,680,712,86,86,0,0,True
train,P2TR-K2-236,k2_opposing_pair,V5-P2-FINAL640-P2TR-K2-236-S3T13-S13T3-SEED620236,703,704,703,32,8,84,0,664,696,84,85,0,1,True
train,P2TR-K2-237,k2_opposing_pair,V5-P2-FINAL640-P2TR-K2-237-S10T4-S4T10-SEED620237,709,709,709,32,8,85,0,672,704,85,85,0,0,True
train,P2TR-K2-238,k2_opposing_pair,V5-P2-FINAL640-P2TR-K2-238-S8T7-S7T8-SEED620238,704,704,704,32,8,85,0,672,704,85,85,0,0,True
train,P2TR-K2-239,k2_opposing_pair,V5-P2-FINAL640-P2TR-K2-239-S15T11-S11T15-SEED620239,696,696,696,32,8,84,0,664,696,84,84,0,0,True
train,P2TR-K2-240,k2_opposing_pair,V5-P2-FINAL640-P2TR-K2-240-S10T0-S0T10-SEED620240,709,709,709,32,8,85,0,672,704,85,85,0,0,True
train,P2TR-K3-241,k3_local_mixed,V5-P2-FINAL640-P2TR-K3-241-S3T4-S5T10-S10T10-SEED620241,698,698,698,32,8,84,0,664,696,84,84,0,0,True
train,P2TR-K3-242,k3_local_mixed,V5-P2-FINAL640-P2TR-K3-242-S15T0-S14T2-S11T11-SEED620242,693,693,693,32,8,83,0,656,688,83,83,0,0,True
train,P2TR-K3-243,k3_local_mixed,V5-P2-FINAL640-P2TR-K3-243-S7T4-S1T1-S12T13-SEED620243,703,703,703,32,8,84,0,664,696,84,84,0,0,True
train,P2TR-K3-244,k3_local_mixed,V5-P2-FINAL640-P2TR-K3-244-S7T7-S1T1-S14T5-SEED620244,703,703,703,32,8,84,0,664,696,84,84,0,0,True
train,P2TR-K3-245,k3_local_mixed,V5-P2-FINAL640-P2TR-K3-245-S7T8-S4T4-S1T9-SEED620245,711,711,711,32,8,85,0,672,704,85,85,0,0,True
train,P2TR-K3-247,k3_local_mixed,V5-P2-FINAL640-P2TR-K3-247-S5T14-S9T0-S6T6-SEED620247,723,723,723,32,8,87,0,688,720,87,87,0,0,True
train,P2TR-K3-248,k3_local_mixed,V5-P2-FINAL640-P2TR-K3-248-S11T11-S13T5-S5T9-SEED620248,701,701,701,32,8,84,0,664,696,84,84,0,0,True
train,P2TR-K3-249,k3_local_mixed,V5-P2-FINAL640-P2TR-K3-249-S14T1-S5T7-S6T6-SEED620249,711,711,711,32,8,85,0,672,704,85,85,0,0,True
train,P2TR-K3-250,k3_local_mixed,V5-P2-FINAL640-P2TR-K3-250-S3T4-S11T11-S8T6-SEED620250,701,701,701,32,8,84,0,664,696,84,84,0,0,True
train,P2TR-K3-251,k3_local_mixed,V5-P2-FINAL640-P2TR-K3-251-S1T5-S3T10-S2T2-SEED620251,691,691,691,32,8,83,0,656,688,83,83,0,0,True
train,P2TR-K3-252,k3_local_mixed,V5-P2-FINAL640-P2TR-K3-252-S7T13-S1T1-S14T9-SEED620252,703,703,703,32,8,84,0,664,696,84,84,0,0,True
train,P2TR-K3-253,k3_local_mixed,V5-P2-FINAL640-P2TR-K3-253-S3T3-S1T10-S9T11-SEED620253,696,696,696,32,8,84,0,664,696,84,84,0,0,True
train,P2TR-K3-254,k3_local_mixed,V5-P2-FINAL640-P2TR-K3-254-S9T6-S0T4-S15T15-SEED620254,693,693,693,32,8,83,0,656,688,83,83,0,0,True
train,P2TR-K3-255,k3_local_mixed,V5-P2-FINAL640-P2TR-K3-255-S3T9-S4T4-S2T11-SEED620255,700,700,700,32,8,84,0,664,696,84,84,0,0,True
train,P2TR-K3-256,k3_local_mixed,V5-P2-FINAL640-P2TR-K3-256-S13T10-S4T4-S5T11-SEED620256,701,701,701,32,8,84,0,664,696,84,84,0,0,True
train,P2TR-K3-257,k3_local_mixed,V5-P2-FINAL640-P2TR-K3-257-S10T10-S7T3-S11T13-SEED620257,702,702,702,32,8,84,0,664,696,84,84,0,0,True
train,P2TR-K3-260,k3_local_mixed,V5-P2-FINAL640-P2TR-K3-260-S0T11-S7T7-S10T12-SEED620260,703,703,703,32,8,84,0,664,696,84,84,0,0,True
train,P2TR-K3-261,k3_local_mixed,V5-P2-FINAL640-P2TR-K3-261-S3T6-S12T13-S11T11-SEED620261,701,701,701,32,8,84,0,664,696,84,84,0,0,True
train,P2TR-K3-262,k3_local_mixed,V5-P2-FINAL640-P2TR-K3-262-S10T1-S13T13-S1T4-SEED620262,703,703,703,32,8,84,0,664,696,84,84,0,0,True
train,P2TR-K3-264,k3_local_mixed,V5-P2-FINAL640-P2TR-K3-264-S9T13-S11T11-S8T0-SEED620264,709,709,709,32,8,85,0,672,704,85,85,0,0,True
train,P2TR-K3-265,k3_converging_victim,V5-P2-FINAL640-P2TR-K3-265-S6T15-S10T15-S1T15-SEED620265,715,715,715,32,8,86,0,680,712,86,86,0,0,True
train,P2TR-K3-266,k3_converging_victim,V5-P2-FINAL640-P2TR-K3-266-S1T0-S11T0-S3T0-SEED620266,695,695,695,32,8,83,0,656,688,83,83,0,0,True
train,P2TR-K3-267,k3_converging_victim,V5-P2-FINAL640-P2TR-K3-267-S12T11-S5T11-S0T11-SEED620267,703,703,703,32,8,84,0,664,696,84,84,0,0,True
train,P2TR-K3-268,k3_converging_victim,V5-P2-FINAL640-P2TR-K3-268-S5T10-S15T10-S6T10-SEED620268,690,691,690,32,8,83,0,656,688,83,83,0,0,True
train,P2TR-K3-270,k3_converging_victim,V5-P2-FINAL640-P2TR-K3-270-S5T15-S0T15-S7T15-SEED620270,701,701,701,32,8,84,0,664,696,84,84,0,0,True
train,P2TR-K3-271,k3_converging_victim,V5-P2-FINAL640-P2TR-K3-271-S5T14-S0T14-S2T14-SEED620271,703,703,703,32,8,84,0,664,696,84,84,0,0,True
train,P2TR-K3-273,k3_converging_victim,V5-P2-FINAL640-P2TR-K3-273-S13T0-S14T0-S11T0-SEED620273,703,703,703,32,8,84,0,664,696,84,84,0,0,True
train,P2TR-K3-274,k3_converging_victim,V5-P2-FINAL640-P2TR-K3-274-S3T7-S11T7-S15T7-SEED620274,693,693,693,32,8,83,0,656,688,83,83,0,0,True
train,P2TR-K3-275,k3_converging_victim,V5-P2-FINAL640-P2TR-K3-275-S13T1-S5T1-S15T1-SEED620275,693,693,693,32,8,83,0,656,688,83,83,0,0,True
train,P2TR-K3-277,k3_converging_victim,V5-P2-FINAL640-P2TR-K3-277-S4T14-S5T14-S2T14-SEED620277,700,700,700,32,8,84,0,664,696,84,84,0,0,True
train,P2TR-K3-279,k3_converging_victim,V5-P2-FINAL640-P2TR-K3-279-S8T15-S6T15-S3T15-SEED620279,701,702,701,32,8,84,0,664,696,84,84,0,0,True
train,P2TR-K3-281,k3_converging_victim,V5-P2-FINAL640-P2TR-K3-281-S1T9-S10T9-S2T9-SEED620281,700,700,700,32,8,84,0,664,696,84,84,0,0,True
train,P2TR-K3-282,k3_converging_victim,V5-P2-FINAL640-P2TR-K3-282-S4T5-S13T5-S14T5-SEED620282,700,700,700,32,8,84,0,664,696,84,84,0,0,True
train,P2TR-K3-283,k3_converging_victim,V5-P2-FINAL640-P2TR-K3-283-S1T7-S11T7-S14T7-SEED620283,714,714,714,32,8,86,0,680,712,86,86,0,0,True
train,P2TR-K3-285,k3_converging_victim,V5-P2-FINAL640-P2TR-K3-285-S5T3-S12T3-S0T3-SEED620285,703,703,703,32,8,84,0,664,696,84,84,0,0,True
train,P2TR-K3-286,k3_converging_victim,V5-P2-FINAL640-P2TR-K3-286-S11T9-S1T9-S13T9-SEED620286,699,699,699,32,8,84,0,664,696,84,84,0,0,True
train,P2TR-K3-287,k3_converging_victim,V5-P2-FINAL640-P2TR-K3-287-S6T9-S0T9-S5T9-SEED620287,699,699,699,32,8,84,0,664,696,84,84,0,0,True
train,P2TR-K3-288,k3_converging_victim,V5-P2-FINAL640-P2TR-K3-288-S0T15-S10T15-S3T15-SEED620288,695,695,695,32,8,83,0,656,688,83,83,0,0,True
train,P2TR-K3-289,k3_shared_transit,V5-P2-FINAL640-P2TR-K3-289-S10T15-S11T14-S4T14-SEED620289,703,703,703,32,8,84,0,664,696,84,84,0,0,True
train,P2TR-K3-290,k3_shared_transit,V5-P2-FINAL640-P2TR-K3-290-S1T9-S0T11-S7T13-SEED620290,699,699,699,32,8,84,0,664,696,84,84,0,0,True
train,P2TR-K3-291,k3_shared_transit,V5-P2-FINAL640-P2TR-K3-291-S15T0-S14T9-S7T11-SEED620291,693,693,693,32,8,83,0,656,688,83,83,0,0,True
train,P2TR-K3-292,k3_shared_transit,V5-P2-FINAL640-P2TR-K3-292-S13T4-S3T5-S2T0-SEED620292,703,703,703,32,8,84,0,664,696,84,84,0,0,True
train,P2TR-K3-293,k3_shared_transit,V5-P2-FINAL640-P2TR-K3-293-S8T15-S4T15-S0T13-SEED620293,705,705,705,32,8,85,0,672,704,85,85,0,0,True
train,P2TR-K3-295,k3_shared_transit,V5-P2-FINAL640-P2TR-K3-295-S4T11-S5T15-S9T2-SEED620295,699,699,699,32,8,84,0,664,696,84,84,0,0,True
train,P2TR-K3-296,k3_shared_transit,V5-P2-FINAL640-P2TR-K3-296-S14T6-S11T12-S3T7-SEED620296,697,697,697,32,8,84,0,664,696,84,84,0,0,True
train,P2TR-K3-298,k3_shared_transit,V5-P2-FINAL640-P2TR-K3-298-S2T13-S11T1-S12T8-SEED620298,701,702,701,32,8,84,0,664,696,84,84,0,0,True
train,P2TR-K3-300,k3_shared_transit,V5-P2-FINAL640-P2TR-K3-300-S13T10-S10T13-S15T13-SEED620300,693,693,693,32,8,83,0,656,688,83,83,0,0,True
train,P2TR-K3-301,k3_shared_transit,V5-P2-FINAL640-P2TR-K3-301-S15T10-S9T7-S12T15-SEED620301,694,694,694,32,8,83,0,656,688,83,83,0,0,True
train,P2TR-K3-302,k3_shared_transit,V5-P2-FINAL640-P2TR-K3-302-S12T1-S14T11-S6T4-SEED620302,688,688,688,32,8,83,0,656,688,83,83,0,0,True
train,P2TR-K3-303,k3_shared_transit,V5-P2-FINAL640-P2TR-K3-303-S3T15-S15T5-S11T12-SEED620303,693,693,693,32,8,83,0,656,688,83,83,0,0,True
train,P2TR-K3-305,k3_shared_transit,V5-P2-FINAL640-P2TR-K3-305-S11T7-S3T9-S0T2-SEED620305,693,693,693,32,8,83,0,656,688,83,83,0,0,True
train,P2TR-K3-306,k3_shared_transit,V5-P2-FINAL640-P2TR-K3-306-S1T3-S3T12-S8T10-SEED620306,697,697,697,32,8,84,0,664,696,84,84,0,0,True
train,P2TR-K3-310,k3_shared_transit,V5-P2-FINAL640-P2TR-K3-310-S2T5-S11T3-S0T10-SEED620310,703,703,703,32,8,84,0,664,696,84,84,0,0,True
train,P2TR-K3-311,k3_shared_transit,V5-P2-FINAL640-P2TR-K3-311-S7T10-S9T4-S15T2-SEED620311,694,694,694,32,8,83,0,656,688,83,83,0,0,True
train,P2TR-K3-312,k3_shared_transit,V5-P2-FINAL640-P2TR-K3-312-S3T6-S5T2-S7T10-SEED620312,702,702,702,32,8,84,0,664,696,84,84,0,0,True
train,P2TR-K3-314,k3_shared_transit,V5-P2-FINAL640-P2TR-K3-314-S14T7-S10T7-S4T15-SEED620314,698,698,698,32,8,84,0,664,696,84,84,0,0,True
train,P2TR-K3-315,k3_shared_transit,V5-P2-FINAL640-P2TR-K3-315-S8T11-S6T7-S10T0-SEED620315,715,715,715,32,8,86,0,680,712,86,86,0,0,True
train,P2TR-K3-316,k3_shared_transit,V5-P2-FINAL640-P2TR-K3-316-S8T3-S1T12-S14T6-SEED620316,713,713,713,32,8,86,0,680,712,86,86,0,0,True
train,P2TR-K3-317,k3_shared_transit,V5-P2-FINAL640-P2TR-K3-317-S0T13-S5T11-S14T5-SEED620317,701,701,701,32,8,84,0,664,696,84,84,0,0,True
train,P2TR-K3-318,k3_shared_transit,V5-P2-FINAL640-P2TR-K3-318-S12T6-S9T12-S13T10-SEED620318,691,691,691,32,8,83,0,656,688,83,83,0,0,True
train,P2TR-K3-320,k3_shared_transit,V5-P2-FINAL640-P2TR-K3-320-S8T7-S10T7-S4T15-SEED620320,700,699,699,32,8,84,0,664,696,84,84,0,0,True
train,P2TR-K3-322,k3_distinct_victims,V5-P2-FINAL640-P2TR-K3-322-S13T15-S8T12-S15T3-SEED620322,693,693,693,32,8,83,0,656,688,83,83,0,0,True
train,P2TR-K3-323,k3_distinct_victims,V5-P2-FINAL640-P2TR-K3-323-S7T12-S6T11-S14T0-SEED620323,703,703,703,32,8,84,0,664,696,84,84,0,0,True
train,P2TR-K3-324,k3_distinct_victims,V5-P2-FINAL640-P2TR-K3-324-S14T6-S11T13-S13T14-SEED620324,703,703,703,32,8,84,0,664,696,84,84,0,0,True
train,P2TR-K3-325,k3_distinct_victims,V5-P2-FINAL640-P2TR-K3-325-S8T2-S14T10-S7T9-SEED620325,703,703,703,32,8,84,0,664,696,84,84,0,0,True
train,P2TR-K3-326,k3_distinct_victims,V5-P2-FINAL640-P2TR-K3-326-S8T1-S13T15-S4T9-SEED620326,703,703,703,32,8,84,0,664,696,84,84,0,0,True
train,P2TR-K3-327,k3_distinct_victims,V5-P2-FINAL640-P2TR-K3-327-S3T5-S8T7-S2T4-SEED620327,704,704,704,32,8,85,0,672,704,85,85,0,0,True
train,P2TR-K3-328,k3_distinct_victims,V5-P2-FINAL640-P2TR-K3-328-S7T8-S8T15-S11T4-SEED620328,703,703,703,32,8,84,0,664,696,84,84,0,0,True
train,P2TR-K3-329,k3_distinct_victims,V5-P2-FINAL640-P2TR-K3-329-S4T8-S6T12-S5T0-SEED620329,699,699,699,32,8,84,0,664,696,84,84,0,0,True
train,P2TR-K3-330,k3_distinct_victims,V5-P2-FINAL640-P2TR-K3-330-S15T4-S5T11-S14T7-SEED620330,692,692,692,32,8,83,0,656,688,83,83,0,0,True
train,P2TR-K3-331,k3_distinct_victims,V5-P2-FINAL640-P2TR-K3-331-S11T4-S13T8-S1T9-SEED620331,699,699,699,32,8,84,0,664,696,84,84,0,0,True
train,P2TR-K3-332,k3_distinct_victims,V5-P2-FINAL640-P2TR-K3-332-S11T3-S6T0-S5T6-SEED620332,707,707,707,32,8,85,0,672,704,85,85,0,0,True
train,P2TR-K3-333,k3_distinct_victims,V5-P2-FINAL640-P2TR-K3-333-S12T10-S7T6-S10T3-SEED620333,701,701,701,32,8,84,0,664,696,84,84,0,0,True
train,P2TR-K3-334,k3_distinct_victims,V5-P2-FINAL640-P2TR-K3-334-S11T0-S5T3-S13T7-SEED620334,701,701,701,32,8,84,0,664,696,84,84,0,0,True
train,P2TR-K3-335,k3_distinct_victims,V5-P2-FINAL640-P2TR-K3-335-S7T15-S6T5-S14T11-SEED620335,703,703,703,32,8,84,0,664,696,84,84,0,0,True
train,P2TR-K3-336,k3_distinct_victims,V5-P2-FINAL640-P2TR-K3-336-S13T5-S14T6-S6T0-SEED620336,711,711,711,32,8,85,0,672,704,85,85,0,0,True
train,P2TR-K3-337,k3_distinct_victims,V5-P2-FINAL640-P2TR-K3-337-S12T7-S3T9-S1T12-SEED620337,701,701,701,32,8,84,0,664,696,84,84,0,0,True
train,P2TR-K3-338,k3_distinct_victims,V5-P2-FINAL640-P2TR-K3-338-S11T3-S12T7-S0T6-SEED620338,702,703,702,32,8,84,0,664,696,84,84,0,0,True
train,P2TR-K3-339,k3_distinct_victims,V5-P2-FINAL640-P2TR-K3-339-S13T3-S5T1-S8T0-SEED620339,700,700,700,32,8,84,0,664,696,84,84,0,0,True
train,P2TR-K3-340,k3_distinct_victims,V5-P2-FINAL640-P2TR-K3-340-S4T15-S6T1-S7T3-SEED620340,700,700,700,32,8,84,0,664,696,84,84,0,0,True
train,P2TR-K3-341,k3_distinct_victims,V5-P2-FINAL640-P2TR-K3-341-S3T13-S9T8-S2T11-SEED620341,702,701,701,32,8,84,0,664,696,84,84,0,0,True
train,P2TR-K3-343,k3_distinct_victims,V5-P2-FINAL640-P2TR-K3-343-S10T12-S13T14-S1T9-SEED620343,703,703,703,32,8,84,0,664,696,84,84,0,0,True
train,P2TR-K3-344,k3_distinct_victims,V5-P2-FINAL640-P2TR-K3-344-S6T5-S4T8-S5T7-SEED620344,699,699,699,32,8,84,0,664,696,84,84,0,0,True
train,P2TR-K3-345,k3_distinct_victims,V5-P2-FINAL640-P2TR-K3-345-S12T2-S9T12-S3T1-SEED620345,703,703,703,32,8,84,0,664,696,84,84,0,0,True
train,P2TR-K3-347,k3_distinct_victims,V5-P2-FINAL640-P2TR-K3-347-S12T8-S7T13-S11T15-SEED620347,699,699,699,32,8,84,0,664,696,84,84,0,0,True
train,P2TR-K3-348,k3_distinct_victims,V5-P2-FINAL640-P2TR-K3-348-S8T10-S2T9-S13T14-SEED620348,703,703,703,32,8,84,0,664,696,84,84,0,0,True
train,P2TR-K3-349,k3_distinct_victims,V5-P2-FINAL640-P2TR-K3-349-S13T9-S14T3-S2T6-SEED620349,700,699,699,32,8,84,0,664,696,84,84,0,0,True
train,P2TR-K3-350,k3_distinct_victims,V5-P2-FINAL640-P2TR-K3-350-S14T7-S3T13-S7T4-SEED620350,707,707,707,32,8,85,0,672,704,85,85,0,0,True
train,P2TR-K3-351,k3_distinct_victims,V5-P2-FINAL640-P2TR-K3-351-S0T13-S15T7-S12T9-SEED620351,692,692,692,32,8,83,0,656,688,83,83,0,0,True
train,P2TR-K3-352,k3_distinct_victims,V5-P2-FINAL640-P2TR-K3-352-S11T8-S1T6-S3T15-SEED620352,695,695,695,32,8,83,0,656,688,83,83,0,0,True
train,P2TR-K3-353,k3_opposing_pair,V5-P2-FINAL640-P2TR-K3-353-S3T6-S6T3-S5T1-SEED620353,698,698,698,32,8,84,0,664,696,84,84,0,0,True
train,P2TR-K3-354,k3_opposing_pair,V5-P2-FINAL640-P2TR-K3-354-S6T12-S12T6-S1T4-SEED620354,700,700,700,32,8,84,0,664,696,84,84,0,0,True
train,P2TR-K3-355,k3_opposing_pair,V5-P2-FINAL640-P2TR-K3-355-S8T13-S13T8-S6T3-SEED620355,702,702,702,32,8,84,0,664,696,84,84,0,0,True
train,P2TR-K3-356,k3_opposing_pair,V5-P2-FINAL640-P2TR-K3-356-S9T6-S6T9-S15T10-SEED620356,691,692,691,32,8,83,0,656,688,83,83,0,0,True
train,P2TR-K3-357,k3_opposing_pair,V5-P2-FINAL640-P2TR-K3-357-S7T6-S6T7-S4T9-SEED620357,700,700,700,32,8,84,0,664,696,84,84,0,0,True
train,P2TR-K3-358,k3_opposing_pair,V5-P2-FINAL640-P2TR-K3-358-S9T15-S15T9-S2T15-SEED620358,694,695,694,32,8,83,0,656,688,83,83,0,0,True
train,P2TR-K3-359,k3_opposing_pair,V5-P2-FINAL640-P2TR-K3-359-S14T15-S15T14-S6T7-SEED620359,692,692,692,32,8,83,0,656,688,83,83,0,0,True
train,P2TR-K4-361,k4_local_mixed,V5-P2-FINAL640-P2TR-K4-361-S6T9-S13T9-S1T15-S0T0-SEED620361,697,697,697,32,8,84,0,664,696,84,84,0,0,True
train,P2TR-K4-362,k4_local_mixed,V5-P2-FINAL640-P2TR-K4-362-S7T9-S5T15-S13T13-S11T3-SEED620362,702,702,702,32,8,84,0,664,696,84,84,0,0,True
train,P2TR-K4-363,k4_local_mixed,V5-P2-FINAL640-P2TR-K4-363-S4T7-S0T8-S7T7-S1T11-SEED620363,695,695,695,32,8,83,0,656,688,83,83,0,0,True
train,P2TR-K4-364,k4_local_mixed,V5-P2-FINAL640-P2TR-K4-364-S14T10-S9T13-S1T10-S7T7-SEED620364,703,703,703,32,8,84,0,664,696,84,84,0,0,True
train,P2TR-K4-366,k4_local_mixed,V5-P2-FINAL640-P2TR-K4-366-S3T3-S6T7-S0T13-S12T4-SEED620366,698,698,698,32,8,84,0,664,696,84,84,0,0,True
train,P2TR-K4-368,k4_local_mixed,V5-P2-FINAL640-P2TR-K4-368-S7T15-S6T7-S9T15-S14T14-SEED620368,704,705,704,32,8,85,0,672,704,85,85,0,0,True
train,P2TR-K4-369,k4_local_mixed,V5-P2-FINAL640-P2TR-K4-369-S11T0-S2T3-S6T6-S8T13-SEED620369,703,703,703,32,8,84,0,664,696,84,84,0,0,True
train,P2TR-K4-370,k4_local_mixed,V5-P2-FINAL640-P2TR-K4-370-S7T1-S13T10-S1T15-S2T2-SEED620370,707,706,706,32,8,85,0,672,704,85,85,0,0,True
train,P2TR-K4-371,k4_local_mixed,V5-P2-FINAL640-P2TR-K4-371-S1T9-S0T12-S15T3-S7T7-SEED620371,702,702,702,32,8,84,0,664,696,84,84,0,0,True
train,P2TR-K4-373,k4_local_mixed,V5-P2-FINAL640-P2TR-K4-373-S2T1-S15T2-S1T1-S13T3-SEED620373,705,705,705,32,8,85,0,672,704,85,85,0,0,True
train,P2TR-K4-375,k4_local_mixed,V5-P2-FINAL640-P2TR-K4-375-S1T13-S8T13-S11T9-S3T3-SEED620375,698,699,698,32,8,84,0,664,696,84,84,0,0,True
train,P2TR-K4-377,k4_local_mixed,V5-P2-FINAL640-P2TR-K4-377-S10T4-S4T13-S3T3-S1T4-SEED620377,695,695,695,32,8,83,0,656,688,83,83,0,0,True
train,P2TR-K4-378,k4_local_mixed,V5-P2-FINAL640-P2TR-K4-378-S14T6-S0T0-S10T2-S9T12-SEED620378,702,701,701,32,8,84,0,664,696,84,84,0,0,True
train,P2TR-K4-379,k4_local_mixed,V5-P2-FINAL640-P2TR-K4-379-S11T7-S1T3-S5T10-S8T8-SEED620379,701,701,701,32,8,84,0,664,696,84,84,0,0,True
train,P2TR-K4-380,k4_local_mixed,V5-P2-FINAL640-P2TR-K4-380-S8T8-S11T13-S14T3-S1T9-SEED620380,701,701,701,32,8,84,0,664,696,84,84,0,0,True
train,P2TR-K4-381,k4_local_mixed,V5-P2-FINAL640-P2TR-K4-381-S7T13-S13T9-S10T6-S0T0-SEED620381,696,696,696,32,8,84,0,664,696,84,84,0,0,True
train,P2TR-K4-382,k4_local_mixed,V5-P2-FINAL640-P2TR-K4-382-S15T5-S1T2-S0T0-S4T9-SEED620382,702,702,702,32,8,84,0,664,696,84,84,0,0,True
train,P2TR-K4-384,k4_local_mixed,V5-P2-FINAL640-P2TR-K4-384-S1T9-S7T7-S12T2-S9T8-SEED620384,697,697,697,32,8,84,0,664,696,84,84,0,0,True
train,P2TR-K4-387,k4_converging_victim,V5-P2-FINAL640-P2TR-K4-387-S14T8-S7T8-S9T8-S1T8-SEED620387,703,704,703,32,8,84,0,664,696,84,85,0,1,True
train,P2TR-K4-388,k4_converging_victim,V5-P2-FINAL640-P2TR-K4-388-S1T2-S10T2-S13T2-S5T2-SEED620388,700,700,700,32,8,84,0,664,696,84,84,0,0,True
train,P2TR-K4-389,k4_converging_victim,V5-P2-FINAL640-P2TR-K4-389-S5T15-S11T15-S7T15-S3T15-SEED620389,702,702,702,32,8,84,0,664,696,84,84,0,0,True
train,P2TR-K4-391,k4_converging_victim,V5-P2-FINAL640-P2TR-K4-391-S2T5-S14T5-S13T5-S6T5-SEED620391,704,704,704,32,8,85,0,672,704,85,85,0,0,True
train,P2TR-K4-392,k4_converging_victim,V5-P2-FINAL640-P2TR-K4-392-S13T7-S6T7-S1T7-S3T7-SEED620392,700,700,700,32,8,84,0,664,696,84,84,0,0,True
train,P2TR-K4-394,k4_converging_victim,V5-P2-FINAL640-P2TR-K4-394-S5T2-S10T2-S14T2-S15T2-SEED620394,696,696,696,32,8,84,0,664,696,84,84,0,0,True
train,P2TR-K4-396,k4_converging_victim,V5-P2-FINAL640-P2TR-K4-396-S8T0-S10T0-S12T0-S14T0-SEED620396,697,697,697,32,8,84,0,664,696,84,84,0,0,True
train,P2TR-K4-397,k4_converging_victim,V5-P2-FINAL640-P2TR-K4-397-S2T9-S3T9-S13T9-S11T9-SEED620397,695,695,695,32,8,83,0,656,688,83,83,0,0,True
train,P2TR-K4-398,k4_converging_victim,V5-P2-FINAL640-P2TR-K4-398-S7T13-S0T13-S11T13-S3T13-SEED620398,696,697,696,32,8,84,0,664,696,84,84,0,0,True
train,P2TR-K4-399,k4_converging_victim,V5-P2-FINAL640-P2TR-K4-399-S8T13-S7T13-S14T13-S5T13-SEED620399,703,703,703,32,8,84,0,664,696,84,84,0,0,True
train,P2TR-K4-400,k4_converging_victim,V5-P2-FINAL640-P2TR-K4-400-S5T11-S13T11-S1T11-S9T11-SEED620400,702,702,702,32,8,84,0,664,696,84,84,0,0,True
train,P2TR-K4-401,k4_converging_victim,V5-P2-FINAL640-P2TR-K4-401-S0T5-S7T5-S14T5-S10T5-SEED620401,705,705,705,32,8,85,0,672,704,85,85,0,0,True
train,P2TR-K4-402,k4_converging_victim,V5-P2-FINAL640-P2TR-K4-402-S12T11-S2T11-S0T11-S6T11-SEED620402,703,703,703,32,8,84,0,664,696,84,84,0,0,True
train,P2TR-K4-403,k4_converging_victim,V5-P2-FINAL640-P2TR-K4-403-S13T1-S3T1-S2T1-S6T1-SEED620403,701,701,701,32,8,84,0,664,696,84,84,0,0,True
train,P2TR-K4-404,k4_converging_victim,V5-P2-FINAL640-P2TR-K4-404-S0T11-S1T11-S8T11-S15T11-SEED620404,704,704,704,32,8,85,0,672,704,85,85,0,0,True
train,P2TR-K4-405,k4_converging_victim,V5-P2-FINAL640-P2TR-K4-405-S6T13-S5T13-S0T13-S4T13-SEED620405,699,699,699,32,8,84,0,664,696,84,84,0,0,True
train,P2TR-K4-406,k4_converging_victim,V5-P2-FINAL640-P2TR-K4-406-S11T7-S3T7-S4T7-S12T7-SEED620406,705,705,705,32,8,85,0,672,704,85,85,0,0,True
train,P2TR-K4-407,k4_converging_victim,V5-P2-FINAL640-P2TR-K4-407-S0T3-S14T3-S13T3-S15T3-SEED620407,700,700,700,32,8,84,0,664,696,84,84,0,0,True
train,P2TR-K4-408,k4_converging_victim,V5-P2-FINAL640-P2TR-K4-408-S7T3-S14T3-S8T3-S9T3-SEED620408,702,702,702,32,8,84,0,664,696,84,84,0,0,True
train,P2TR-K4-409,k4_shared_transit,V5-P2-FINAL640-P2TR-K4-409-S3T9-S9T13-S4T14-S7T6-SEED620409,699,699,699,32,8,84,0,664,696,84,84,0,0,True
train,P2TR-K4-410,k4_shared_transit,V5-P2-FINAL640-P2TR-K4-410-S14T1-S8T2-S11T5-S5T1-SEED620410,704,704,704,32,8,85,0,672,704,85,85,0,0,True
train,P2TR-K4-411,k4_shared_transit,V5-P2-FINAL640-P2TR-K4-411-S12T2-S6T8-S8T7-S0T13-SEED620411,701,700,700,32,8,84,0,664,696,84,84,0,0,True
train,P2TR-K4-412,k4_shared_transit,V5-P2-FINAL640-P2TR-K4-412-S3T14-S6T7-S13T3-S5T11-SEED620412,701,701,701,32,8,84,0,664,696,84,84,0,0,True
train,P2TR-K4-414,k4_shared_transit,V5-P2-FINAL640-P2TR-K4-414-S8T6-S12T8-S1T11-S9T2-SEED620414,698,698,698,32,8,84,0,664,696,84,84,0,0,True
train,P2TR-K4-415,k4_shared_transit,V5-P2-FINAL640-P2TR-K4-415-S10T4-S2T12-S4T7-S3T1-SEED620415,699,699,699,32,8,84,0,664,696,84,84,0,0,True
train,P2TR-K4-416,k4_shared_transit,V5-P2-FINAL640-P2TR-K4-416-S13T2-S4T0-S11T5-S3T7-SEED620416,701,701,701,32,8,84,0,664,696,84,84,0,0,True
train,P2TR-K4-417,k4_shared_transit,V5-P2-FINAL640-P2TR-K4-417-S10T15-S4T9-S7T4-S15T6-SEED620417,703,704,703,32,8,84,0,664,696,84,85,0,1,True
train,P2TR-K4-419,k4_shared_transit,V5-P2-FINAL640-P2TR-K4-419-S7T4-S10T0-S1T14-S11T13-SEED620419,703,702,702,32,8,84,0,664,696,84,84,0,0,True
train,P2TR-K4-420,k4_shared_transit,V5-P2-FINAL640-P2TR-K4-420-S2T1-S11T9-S6T0-S4T1-SEED620420,700,700,700,32,8,84,0,664,696,84,84,0,0,True
train,P2TR-K4-421,k4_shared_transit,V5-P2-FINAL640-P2TR-K4-421-S14T11-S12T2-S5T7-S3T0-SEED620421,706,705,705,32,8,85,0,672,704,85,85,0,0,True
train,P2TR-K4-423,k4_shared_transit,V5-P2-FINAL640-P2TR-K4-423-S14T9-S10T2-S6T3-S0T11-SEED620423,703,703,703,32,8,84,0,664,696,84,84,0,0,True
train,P2TR-K4-425,k4_shared_transit,V5-P2-FINAL640-P2TR-K4-425-S6T3-S5T12-S7T12-S1T4-SEED620425,712,711,711,32,8,85,0,672,704,86,85,1,0,True
train,P2TR-K4-426,k4_shared_transit,V5-P2-FINAL640-P2TR-K4-426-S7T9-S4T6-S5T13-S13T11-SEED620426,703,704,703,32,8,84,0,664,696,84,85,0,1,True
train,P2TR-K4-427,k4_shared_transit,V5-P2-FINAL640-P2TR-K4-427-S9T1-S15T1-S7T10-S8T12-SEED620427,703,703,703,32,8,84,0,664,696,84,84,0,0,True
train,P2TR-K4-428,k4_shared_transit,V5-P2-FINAL640-P2TR-K4-428-S4T1-S3T8-S11T14-S8T2-SEED620428,701,701,701,32,8,84,0,664,696,84,84,0,0,True
train,P2TR-K4-429,k4_shared_transit,V5-P2-FINAL640-P2TR-K4-429-S7T4-S6T10-S9T8-S8T2-SEED620429,703,703,703,32,8,84,0,664,696,84,84,0,0,True
train,P2TR-K4-434,k4_shared_transit,V5-P2-FINAL640-P2TR-K4-434-S12T6-S0T11-S1T14-S8T3-SEED620434,704,704,704,32,8,85,0,672,704,85,85,0,0,True
train,P2TR-K4-435,k4_shared_transit,V5-P2-FINAL640-P2TR-K4-435-S14T9-S12T3-S3T11-S11T14-SEED620435,698,698,698,32,8,84,0,664,696,84,84,0,0,True
train,P2TR-K4-438,k4_shared_transit,V5-P2-FINAL640-P2TR-K4-438-S6T15-S3T11-S8T4-S10T13-SEED620438,699,699,699,32,8,84,0,664,696,84,84,0,0,True
train,P2TR-K4-439,k4_shared_transit,V5-P2-FINAL640-P2TR-K4-439-S14T8-S13T1-S0T3-S15T0-SEED620439,700,700,700,32,8,84,0,664,696,84,84,0,0,True
train,P2TR-K4-440,k4_shared_transit,V5-P2-FINAL640-P2TR-K4-440-S13T1-S7T8-S10T5-S15T13-SEED620440,703,703,703,32,8,84,0,664,696,84,84,0,0,True
train,P2TR-K4-441,k4_distinct_victims,V5-P2-FINAL640-P2TR-K4-441-S8T4-S2T11-S9T8-S3T9-SEED620441,703,703,703,32,8,84,0,664,696,84,84,0,0,True
train,P2TR-K4-442,k4_distinct_victims,V5-P2-FINAL640-P2TR-K4-442-S14T1-S5T10-S13T14-S1T7-SEED620442,700,700,700,32,8,84,0,664,696,84,84,0,0,True
train,P2TR-K4-444,k4_distinct_victims,V5-P2-FINAL640-P2TR-K4-444-S15T3-S2T9-S1T0-S0T1-SEED620444,702,703,702,32,8,84,0,664,696,84,84,0,0,True
train,P2TR-K4-446,k4_distinct_victims,V5-P2-FINAL640-P2TR-K4-446-S11T14-S5T0-S10T4-S15T9-SEED620446,700,700,700,32,8,84,0,664,696,84,84,0,0,True
train,P2TR-K4-447,k4_distinct_victims,V5-P2-FINAL640-P2TR-K4-447-S8T0-S3T13-S15T8-S1T4-SEED620447,698,698,698,32,8,84,0,664,696,84,84,0,0,True
train,P2TR-K4-448,k4_distinct_victims,V5-P2-FINAL640-P2TR-K4-448-S10T8-S13T5-S11T7-S1T14-SEED620448,698,699,698,32,8,84,0,664,696,84,84,0,0,True
train,P2TR-K4-449,k4_distinct_victims,V5-P2-FINAL640-P2TR-K4-449-S0T12-S14T10-S2T11-S1T7-SEED620449,703,703,703,32,8,84,0,664,696,84,84,0,0,True
train,P2TR-K4-450,k4_distinct_victims,V5-P2-FINAL640-P2TR-K4-450-S5T1-S3T15-S10T2-S15T5-SEED620450,704,704,704,32,8,85,0,672,704,85,85,0,0,True
train,P2TR-K4-451,k4_distinct_victims,V5-P2-FINAL640-P2TR-K4-451-S4T9-S2T13-S11T14-S6T8-SEED620451,699,700,699,32,8,84,0,664,696,84,84,0,0,True
train,P2TR-K4-452,k4_distinct_victims,V5-P2-FINAL640-P2TR-K4-452-S11T2-S3T5-S14T0-S5T10-SEED620452,705,705,705,32,8,85,0,672,704,85,85,0,0,True
train,P2TR-K4-453,k4_distinct_victims,V5-P2-FINAL640-P2TR-K4-453-S15T4-S8T11-S12T2-S0T9-SEED620453,696,697,696,32,8,84,0,664,696,84,84,0,0,True
train,P2TR-K4-455,k4_distinct_victims,V5-P2-FINAL640-P2TR-K4-455-S13T7-S2T1-S4T0-S14T15-SEED620455,704,704,704,32,8,85,0,672,704,85,85,0,0,True
train,P2TR-K4-457,k4_distinct_victims,V5-P2-FINAL640-P2TR-K4-457-S13T2-S12T0-S15T14-S4T10-SEED620457,687,687,687,32,8,82,0,648,680,82,82,0,0,True
train,P2TR-K4-458,k4_distinct_victims,V5-P2-FINAL640-P2TR-K4-458-S11T1-S9T11-S13T14-S15T13-SEED620458,702,703,702,32,8,84,0,664,696,84,84,0,0,True
train,P2TR-K4-459,k4_distinct_victims,V5-P2-FINAL640-P2TR-K4-459-S1T9-S15T0-S8T3-S5T11-SEED620459,702,702,702,32,8,84,0,664,696,84,84,0,0,True
train,P2TR-K4-460,k4_distinct_victims,V5-P2-FINAL640-P2TR-K4-460-S15T6-S11T15-S10T3-S8T2-SEED620460,698,698,698,32,8,84,0,664,696,84,84,0,0,True
train,P2TR-K4-462,k4_distinct_victims,V5-P2-FINAL640-P2TR-K4-462-S1T12-S0T11-S7T9-S9T6-SEED620462,698,698,698,32,8,84,0,664,696,84,84,0,0,True
train,P2TR-K4-465,k4_distinct_victims,V5-P2-FINAL640-P2TR-K4-465-S15T9-S8T15-S0T8-S11T14-SEED620465,699,699,699,32,8,84,0,664,696,84,84,0,0,True
train,P2TR-K4-466,k4_distinct_victims,V5-P2-FINAL640-P2TR-K4-466-S5T8-S0T6-S15T9-S12T3-SEED620466,703,703,703,32,8,84,0,664,696,84,84,0,0,True
train,P2TR-K4-467,k4_distinct_victims,V5-P2-FINAL640-P2TR-K4-467-S14T11-S5T7-S2T13-S9T5-SEED620467,705,705,705,32,8,85,0,672,704,85,85,0,0,True
train,P2TR-K4-468,k4_distinct_victims,V5-P2-FINAL640-P2TR-K4-468-S10T6-S11T15-S1T4-S12T0-SEED620468,699,699,699,32,8,84,0,664,696,84,84,0,0,True
train,P2TR-K4-469,k4_distinct_victims,V5-P2-FINAL640-P2TR-K4-469-S8T4-S0T8-S3T7-S5T10-SEED620469,691,691,691,32,8,83,0,656,688,83,83,0,0,True
train,P2TR-K4-470,k4_distinct_victims,V5-P2-FINAL640-P2TR-K4-470-S11T7-S3T6-S15T10-S8T3-SEED620470,702,701,701,32,8,84,0,664,696,84,84,0,0,True
train,P2TR-K4-471,k4_distinct_victims,V5-P2-FINAL640-P2TR-K4-471-S2T3-S15T6-S11T12-S14T9-SEED620471,699,699,699,32,8,84,0,664,696,84,84,0,0,True
train,P2TR-K4-472,k4_distinct_victims,V5-P2-FINAL640-P2TR-K4-472-S11T8-S3T5-S0T2-S14T10-SEED620472,693,693,693,32,8,83,0,656,688,83,83,0,0,True
train,P2TR-K4-474,k4_opposing_pair,V5-P2-FINAL640-P2TR-K4-474-S15T10-S10T15-S13T6-S3T1-SEED620474,703,703,703,32,8,84,0,664,696,84,84,0,0,True
train,P2TR-K4-477,k4_opposing_pair,V5-P2-FINAL640-P2TR-K4-477-S7T1-S1T7-S11T1-S4T12-SEED620477,702,702,702,32,8,84,0,664,696,84,84,0,0,True
train,P2TR-K4-480,k4_opposing_pair,V5-P2-FINAL640-P2TR-K4-480-S13T11-S11T13-S8T15-S5T14-SEED620480,696,696,696,32,8,84,0,664,696,84,84,0,0,True
validation,P2VA-K1-001,k1_local,V5-P2-FINAL640-P2VA-K1-001-S14T14-SEED620481,703,703,703,32,8,84,0,664,696,84,84,0,0,True
validation,P2VA-K1-002,k1_local,V5-P2-FINAL640-P2VA-K1-002-S8T8-SEED620482,712,712,712,32,8,86,0,680,712,86,86,0,0,True
validation,P2VA-K1-003,k1_local,V5-P2-FINAL640-P2VA-K1-003-S3T3-SEED620483,700,700,700,32,8,84,0,664,696,84,84,0,0,True
validation,P2VA-K1-004,k1_local,V5-P2-FINAL640-P2VA-K1-004-S2T2-SEED620484,706,705,705,32,8,85,0,672,704,85,85,0,0,True
validation,P2VA-K1-005,k1_one_hop,V5-P2-FINAL640-P2VA-K1-005-S11T10-SEED620485,703,703,703,32,8,84,0,664,696,84,84,0,0,True
validation,P2VA-K1-006,k1_one_hop,V5-P2-FINAL640-P2VA-K1-006-S2T1-SEED620486,706,705,705,32,8,85,0,672,704,85,85,0,0,True
validation,P2VA-K1-007,k1_one_hop,V5-P2-FINAL640-P2VA-K1-007-S11T15-SEED620487,703,703,703,32,8,84,0,664,696,84,84,0,0,True
validation,P2VA-K1-008,k1_one_hop,V5-P2-FINAL640-P2VA-K1-008-S9T10-SEED620488,714,714,714,32,8,86,0,680,712,86,86,0,0,True
validation,P2VA-K1-009,k1_short,V5-P2-FINAL640-P2VA-K1-009-S5T0-SEED620489,722,722,722,32,8,87,0,688,720,87,87,0,0,True
validation,P2VA-K1-010,k1_short,V5-P2-FINAL640-P2VA-K1-010-S6T3-SEED620490,716,716,716,32,8,86,0,680,712,86,86,0,0,True
validation,P2VA-K1-011,k1_short,V5-P2-FINAL640-P2VA-K1-011-S13T8-SEED620491,711,711,711,32,8,85,0,672,704,85,85,0,0,True
validation,P2VA-K1-012,k1_short,V5-P2-FINAL640-P2VA-K1-012-S5T8-SEED620492,722,722,722,32,8,87,0,688,720,87,87,0,0,True
validation,P2VA-K1-013,k1_short,V5-P2-FINAL640-P2VA-K1-013-S7T2-SEED620493,703,703,703,32,8,84,0,664,696,84,84,0,0,True
validation,P2VA-K1-014,k1_short,V5-P2-FINAL640-P2VA-K1-014-S2T7-SEED620494,706,705,705,32,8,85,0,672,704,85,85,0,0,True
validation,P2VA-K1-015,k1_medium,V5-P2-FINAL640-P2VA-K1-015-S3T0-SEED620495,700,700,700,32,8,84,0,664,696,84,84,0,0,True
validation,P2VA-K1-016,k1_medium,V5-P2-FINAL640-P2VA-K1-016-S14T2-SEED620496,703,704,703,32,8,84,0,664,696,84,85,0,1,True
validation,P2VA-K1-017,k1_medium,V5-P2-FINAL640-P2VA-K1-017-S1T10-SEED620497,706,707,706,32,8,85,0,672,704,85,85,0,0,True
validation,P2VA-K1-018,k1_medium,V5-P2-FINAL640-P2VA-K1-018-S1T8-SEED620498,707,707,707,32,8,85,0,672,704,85,85,0,0,True
validation,P2VA-K1-019,k1_long,V5-P2-FINAL640-P2VA-K1-019-S0T10-SEED620499,699,699,699,32,8,84,0,664,696,84,84,0,0,True
validation,P2VA-K1-020,k1_long,V5-P2-FINAL640-P2VA-K1-020-S8T15-SEED620500,711,712,711,32,8,85,0,672,704,85,86,0,1,True
validation,P2VA-K2-021,k2_local_mixed,V5-P2-FINAL640-P2VA-K2-021-S8T3-S1T1-SEED620501,717,717,717,32,8,86,0,680,712,86,86,0,0,True
validation,P2VA-K2-022,k2_local_mixed,V5-P2-FINAL640-P2VA-K2-022-S14T14-S8T14-SEED620502,713,713,713,32,8,86,0,680,712,86,86,0,0,True
validation,P2VA-K2-023,k2_local_mixed,V5-P2-FINAL640-P2VA-K2-023-S0T15-S3T3-SEED620503,704,705,704,32,8,85,0,672,704,85,85,0,0,True
validation,P2VA-K2-024,k2_local_mixed,V5-P2-FINAL640-P2VA-K2-024-S8T3-S4T4-SEED620504,707,707,707,32,8,85,0,672,704,85,85,0,0,True
validation,P2VA-K2-025,k2_converging_victim,V5-P2-FINAL640-P2VA-K2-025-S5T9-S0T9-SEED620505,713,713,713,32,8,86,0,680,712,86,86,0,0,True
validation,P2VA-K2-026,k2_converging_victim,V5-P2-FINAL640-P2VA-K2-026-S13T8-S5T8-SEED620506,716,716,716,32,8,86,0,680,712,86,86,0,0,True
validation,P2VA-K2-027,k2_converging_victim,V5-P2-FINAL640-P2VA-K2-027-S2T8-S9T8-SEED620507,709,708,708,32,8,85,0,672,704,85,85,0,0,True
validation,P2VA-K2-028,k2_converging_victim,V5-P2-FINAL640-P2VA-K2-028-S13T7-S5T7-SEED620508,716,716,716,32,8,86,0,680,712,86,86,0,0,True
validation,P2VA-K2-029,k2_shared_transit,V5-P2-FINAL640-P2VA-K2-029-S10T5-S6T13-SEED620509,723,723,723,32,8,87,0,688,720,87,87,0,0,True
validation,P2VA-K2-030,k2_shared_transit,V5-P2-FINAL640-P2VA-K2-030-S7T14-S8T15-SEED620510,704,704,704,32,8,85,0,672,704,85,85,0,0,True
validation,P2VA-K2-031,k2_shared_transit,V5-P2-FINAL640-P2VA-K2-031-S15T1-S12T14-SEED620511,699,699,699,32,8,84,0,664,696,84,84,0,0,True
validation,P2VA-K2-032,k2_shared_transit,V5-P2-FINAL640-P2VA-K2-032-S5T14-S11T8-SEED620512,715,716,715,32,8,86,0,680,712,86,86,0,0,True
validation,P2VA-K2-034,k2_distinct_victims,V5-P2-FINAL640-P2VA-K2-034-S0T7-S5T14-SEED620514,713,713,713,32,8,86,0,680,712,86,86,0,0,True
validation,P2VA-K2-035,k2_distinct_victims,V5-P2-FINAL640-P2VA-K2-035-S5T3-S14T10-SEED620515,711,711,711,32,8,85,0,672,704,85,85,0,0,True
validation,P2VA-K2-036,k2_distinct_victims,V5-P2-FINAL640-P2VA-K2-036-S11T0-S15T14-SEED620516,696,696,696,32,8,84,0,664,696,84,84,0,0,True
validation,P2VA-K2-037,k2_distinct_victims,V5-P2-FINAL640-P2VA-K2-037-S12T14-S10T12-SEED620517,695,695,695,32,8,83,0,656,688,83,83,0,0,True
validation,P2VA-K2-039,k2_opposing_pair,V5-P2-FINAL640-P2VA-K2-039-S13T6-S6T13-SEED620519,723,723,723,32,8,87,0,688,720,87,87,0,0,True
validation,P2VA-K2-040,k2_opposing_pair,V5-P2-FINAL640-P2VA-K2-040-S7T0-S0T7-SEED620520,709,708,708,32,8,85,0,672,704,85,85,0,0,True
validation,P2VA-K3-041,k3_local_mixed,V5-P2-FINAL640-P2VA-K3-041-S11T11-S12T9-S13T11-SEED620521,690,690,690,32,8,83,0,656,688,83,83,0,0,True
validation,P2VA-K3-042,k3_local_mixed,V5-P2-FINAL640-P2VA-K3-042-S0T12-S8T8-S4T9-SEED620522,705,705,705,32,8,85,0,672,704,85,85,0,0,True
validation,P2VA-K3-043,k3_local_mixed,V5-P2-FINAL640-P2VA-K3-043-S13T7-S14T10-S1T1-SEED620523,711,711,711,32,8,85,0,672,704,85,85,0,0,True
validation,P2VA-K3-044,k3_local_mixed,V5-P2-FINAL640-P2VA-K3-044-S5T15-S14T14-S2T15-SEED620524,702,703,702,32,8,84,0,664,696,84,84,0,0,True
validation,P2VA-K3-045,k3_converging_victim,V5-P2-FINAL640-P2VA-K3-045-S6T0-S3T0-S5T0-SEED620525,698,698,698,32,8,84,0,664,696,84,84,0,0,True
validation,P2VA-K3-046,k3_converging_victim,V5-P2-FINAL640-P2VA-K3-046-S1T9-S6T9-S2T9-SEED620526,704,704,704,32,8,85,0,672,704,85,85,0,0,True
validation,P2VA-K3-047,k3_converging_victim,V5-P2-FINAL640-P2VA-K3-047-S8T3-S14T3-S2T3-SEED620527,699,699,699,32,8,84,0,664,696,84,84,0,0,True
validation,P2VA-K3-048,k3_converging_victim,V5-P2-FINAL640-P2VA-K3-048-S2T13-S3T13-S7T13-SEED620528,699,699,699,32,8,84,0,664,696,84,84,0,0,True
validation,P2VA-K3-049,k3_shared_transit,V5-P2-FINAL640-P2VA-K3-049-S5T8-S2T8-S1T13-SEED620529,703,703,703,32,8,84,0,664,696,84,84,0,0,True
validation,P2VA-K3-050,k3_shared_transit,V5-P2-FINAL640-P2VA-K3-050-S10T12-S1T11-S8T14-SEED620530,715,715,715,32,8,86,0,680,712,86,86,0,0,True
validation,P2VA-K3-051,k3_shared_transit,V5-P2-FINAL640-P2VA-K3-051-S5T7-S7T13-S4T9-SEED620531,701,701,701,32,8,84,0,664,696,84,84,0,0,True
validation,P2VA-K3-052,k3_shared_transit,V5-P2-FINAL640-P2VA-K3-052-S15T2-S12T15-S1T15-SEED620532,694,694,694,32,8,83,0,656,688,83,83,0,0,True
validation,P2VA-K3-053,k3_shared_transit,V5-P2-FINAL640-P2VA-K3-053-S7T0-S10T7-S11T2-SEED620533,702,702,702,32,8,84,0,664,696,84,84,0,0,True
validation,P2VA-K3-055,k3_distinct_victims,V5-P2-FINAL640-P2VA-K3-055-S0T3-S1T6-S7T5-SEED620535,699,699,699,32,8,84,0,664,696,84,84,0,0,True
validation,P2VA-K3-057,k3_distinct_victims,V5-P2-FINAL640-P2VA-K3-057-S6T14-S4T11-S15T2-SEED620537,692,692,692,32,8,83,0,656,688,83,83,0,0,True
validation,P2VA-K3-058,k3_distinct_victims,V5-P2-FINAL640-P2VA-K3-058-S13T7-S2T3-S0T4-SEED620538,703,703,703,32,8,84,0,664,696,84,84,0,0,True
validation,P2VA-K3-059,k3_opposing_pair,V5-P2-FINAL640-P2VA-K3-059-S6T3-S3T6-S8T11-SEED620539,702,702,702,32,8,84,0,664,696,84,84,0,0,True
validation,P2VA-K3-060,k3_opposing_pair,V5-P2-FINAL640-P2VA-K3-060-S1T14-S14T1-S5T12-SEED620540,714,714,714,32,8,86,0,680,712,86,86,0,0,True
validation,P2VA-K4-061,k4_local_mixed,V5-P2-FINAL640-P2VA-K4-061-S11T9-S12T15-S3T3-S14T5-SEED620541,698,698,698,32,8,84,0,664,696,84,84,0,0,True
validation,P2VA-K4-062,k4_local_mixed,V5-P2-FINAL640-P2VA-K4-062-S13T6-S14T2-S15T15-S4T14-SEED620542,700,700,700,32,8,84,0,664,696,84,84,0,0,True
validation,P2VA-K4-063,k4_local_mixed,V5-P2-FINAL640-P2VA-K4-063-S8T3-S7T11-S13T13-S10T9-SEED620543,703,703,703,32,8,84,0,664,696,84,84,0,0,True
validation,P2VA-K4-065,k4_converging_victim,V5-P2-FINAL640-P2VA-K4-065-S8T12-S14T12-S6T12-S13T12-SEED620545,701,701,701,32,8,84,0,664,696,84,84,0,0,True
validation,P2VA-K4-067,k4_converging_victim,V5-P2-FINAL640-P2VA-K4-067-S2T9-S11T9-S1T9-S7T9-SEED620547,706,706,706,32,8,85,0,672,704,85,85,0,0,True
validation,P2VA-K4-068,k4_converging_victim,V5-P2-FINAL640-P2VA-K4-068-S11T1-S3T1-S13T1-S14T1-SEED620548,703,703,703,32,8,84,0,664,696,84,84,0,0,True
validation,P2VA-K4-069,k4_shared_transit,V5-P2-FINAL640-P2VA-K4-069-S12T2-S11T4-S8T14-S2T14-SEED620549,700,700,700,32,8,84,0,664,696,84,84,0,0,True
validation,P2VA-K4-070,k4_shared_transit,V5-P2-FINAL640-P2VA-K4-070-S4T7-S0T2-S2T0-S13T12-SEED620550,699,699,699,32,8,84,0,664,696,84,84,0,0,True
validation,P2VA-K4-071,k4_shared_transit,V5-P2-FINAL640-P2VA-K4-071-S14T3-S1T10-S15T9-S8T7-SEED620551,698,698,698,32,8,84,0,664,696,84,84,0,0,True
validation,P2VA-K4-072,k4_shared_transit,V5-P2-FINAL640-P2VA-K4-072-S13T7-S15T11-S4T6-S6T15-SEED620552,700,700,700,32,8,84,0,664,696,84,84,0,0,True
validation,P2VA-K4-073,k4_shared_transit,V5-P2-FINAL640-P2VA-K4-073-S3T9-S14T8-S2T6-S0T2-SEED620553,688,688,688,32,8,83,0,656,688,83,83,0,0,True
validation,P2VA-K4-074,k4_distinct_victims,V5-P2-FINAL640-P2VA-K4-074-S13T0-S15T2-S14T6-S2T12-SEED620554,699,699,699,32,8,84,0,664,696,84,84,0,0,True
validation,P2VA-K4-075,k4_distinct_victims,V5-P2-FINAL640-P2VA-K4-075-S3T12-S5T8-S1T11-S12T10-SEED620555,698,699,698,32,8,84,0,664,696,84,84,0,0,True
validation,P2VA-K4-076,k4_distinct_victims,V5-P2-FINAL640-P2VA-K4-076-S13T10-S10T1-S7T0-S8T3-SEED620556,703,703,703,32,8,84,0,664,696,84,84,0,0,True
validation,P2VA-K4-077,k4_distinct_victims,V5-P2-FINAL640-P2VA-K4-077-S13T4-S11T8-S10T7-S4T12-SEED620557,700,700,700,32,8,84,0,664,696,84,84,0,0,True
validation,P2VA-K4-078,k4_distinct_victims,V5-P2-FINAL640-P2VA-K4-078-S1T7-S14T11-S11T1-S10T14-SEED620558,701,702,701,32,8,84,0,664,696,84,84,0,0,True
validation,P2VA-K4-079,k4_opposing_pair,V5-P2-FINAL640-P2VA-K4-079-S8T11-S11T8-S13T11-S14T13-SEED620559,702,702,702,32,8,84,0,664,696,84,84,0,0,True
validation,P2VA-K4-080,k4_opposing_pair,V5-P2-FINAL640-P2VA-K4-080-S3T14-S14T3-S5T6-S2T4-SEED620560,702,702,702,32,8,84,0,664,696,84,84,0,0,True
