threshold,objective,source_node_f1,source_exact_set_attack,derived_graph_balanced_accuracy
0.0,0.053042657282636685,0.08840442880439447,0.0,0.5
0.001,0.7041529214298676,0.6431944444444445,0.7955906369080021,0.731420826744974
0.002,0.7257346129918094,0.6624700454236561,0.8206314643440392,0.761068443641292
0.003,0.7375535335298289,0.6738213038416764,0.8331518780620577,0.7772758075446127
0.004,0.7447119528866815,0.6810341657165975,0.8402286336418073,0.787892477976056
0.005,0.7500831825628806,0.6854498333950388,0.8470332063146434,0.7942173029139372
0.006,0.7538568731413605,0.689380399165922,0.8505715841045183,0.7994126948271967
0.007,0.7569129868888375,0.6921150035518003,0.854109961894393,0.8031962954596792
0.008,0.7595433664690994,0.6943215062635961,0.8573761567773543,0.8063587079286199
0.009000000000000001,0.7623382681055098,0.6966207571310302,0.8609145345672292,0.8097470070024848
0.01,0.7644518671188858,0.6983288694405673,0.8636363636363636,0.8116670431443416
0.011,0.766681719416806,0.7002307372243446,0.8663581927054981,0.8140388524960469
0.012,0.7689729561490248,0.7016905465847927,0.869896570495373,0.8156200587305173
0.013000000000000001,0.769723600681314,0.702760165533999,0.8701687534022864,0.8170883216625254
0.014,0.7706298622940777,0.703726235741445,0.8709853021230267,0.8184436412920714
0.015,0.7712569211995401,0.7047713339172156,0.8709853021230267,0.8199119042240794
0.016,0.7729907278439367,0.7058464589451203,0.8737071311921611,0.8207025073413147
0.017,0.7743027031887963,0.706762897620957,0.8756124115405552,0.821662525412243
0.018000000000000002,0.7754375919673211,0.7073841920195689,0.8775176918889493,0.822340185227016
0.019,0.7761270846736279,0.7079889807162534,0.8783342406096897,0.8229049017393268
0.02,0.7770344434243739,0.7087754242157276,0.8794229722373434,0.8238084481590242
0.021,0.7773907302320291,0.7091877802905439,0.8796951551442569,0.824373164671335
0.022,0.777994801214609,0.7096501994476834,0.8805117038649973,0.8246555229274903
0.023,0.7783978411906864,0.7101404774698702,0.8807838867719108,0.8252767110910323
0.024,0.7793784092649833,0.7106860259660445,0.8824169842133914,0.825784955952112
0.025,0.7803326443698051,0.711369141451036,0.8837778987479586,0.8265755590693472
0.026000000000000002,0.7811726043018912,0.7118617983148012,0.8851388132825259,0.8270838039304269
0.027,0.781729413539036,0.7122454478962158,0.8859553620032662,0.8273661621865823
0.028,0.7821313782431181,0.7125524785271347,0.8864997278170931,0.8276485204427377
0.029,0.7828140179693586,0.7129643903190996,0.8875884594447468,0.8280438220013553
0.03,0.783262692839606,0.7133492712269608,0.8881328252585737,0.8285520668624351
0.031,0.7835697032893412,0.7136795000385772,0.8884050081654872,0.8288908967698215
0.032,0.7841511781631542,0.7142857142857142,0.8889493739793141,0.8296814998870568
0.033,0.7845510205802406,0.7145892077716405,0.889493739793141,0.8301332730969053
0.034,0.7855285367936677,0.7149482145617561,0.8913990201415352,0.8303026880505986
0.035,0.7858789470835519,0.7151693211690118,0.891943385955362,0.8304156313530608
0.036000000000000004,0.7863217148704023,0.7153629016666021,0.8927599346761024,0.8305285746555229
0.037,0.7866722791253029,0.7155842648822186,0.8933043004899293,0.8306979896092161
0.038,0.7871891665408561,0.7160828333655893,0.8938486663037561,0.831206234470296
0.039,0.7876565157130286,0.7164988381099924,0.894393032117583,0.8314885927264513
0.04,0.7881996923733035,0.7168597667299569,0.8952095808383234,0.8318274226338378
0.041,0.7883032291877985,0.7170323280874487,0.8952095808383234,0.8319968375875311
0.042,0.7885455554399325,0.7172547499030631,0.8954817637452368,0.8323356674949176
0.043000000000000003,0.7892902561982588,0.7175886414772286,0.896842678279804,0.8326180257510729
0.044,0.7896416628062533,0.7178114086146681,0.8973870440936309,0.8329003840072284
0.045,0.790420133909425,0.7182015840969096,0.8987479586281981,0.8332392139146149
0.046,0.7906461551809792,0.718396830944891,0.8990201415351116,0.8334651005195393
0.047,0.7909978630770992,0.7186201002292063,0.8995645073489384,0.8336909871244635
0.048,0.7912743053433341,0.7188993820683223,0.8998366902558519,0.8340298170318501
0.049,0.7913581387471359,0.7190391044079919,0.8998366902558519,0.8341992319855432
0.05,0.7917268673475744,0.7192907415328381,0.9003810560696788,0.8343686469392365
0.051000000000000004,0.7918443710859812,0.7194865810968494,0.9003810560696788,0.8346510051953919
0.052000000000000005,0.7922132876981904,0.7197385315746468,0.9009254218835057,0.8349898351027785
0.053,0.7923893816445406,0.719850566213955,0.9011976047904192,0.8350463067540095
0.054,0.7927000427799258,0.7201868795016546,0.9014697876973327,0.8354980799638582
0.055,0.7930524192032722,0.7204112629980138,0.9020141535111595,0.8357239665687825
0.056,0.7933465457882998,0.7207200187017844,0.902286336418073,0.836062796476169
0.057,0.7933802452904213,0.7207761845386533,0.902286336418073,0.8361757397786311
0.058,0.7934645170295231,0.7209166374371565,0.902286336418073,0.8363451547323244
0.059000000000000004,0.7938171664722695,0.7211414759658492,0.9028307022318999,0.8365710413372487
0.06,0.7936745673272619,0.7212667212667212,0.902286336418073,0.836796927942173
0.061,0.7938509616559608,0.7213792565432772,0.9025585193249864,0.8368533995934041
0.062,0.7942376031131599,0.7216607484293909,0.9031028851388133,0.8371357578495595
0.063,0.7944066301065853,0.7219424600850998,0.9031028851388133,0.837474587756946
0.064,0.7948178125880194,0.7220833984069966,0.9039194338595536,0.8375310594081771
0.065,0.795045129424806,0.7222808045303651,0.9041916167664671,0.8377569460131014
0.066,0.7952217137680282,0.7223936564977932,0.9044637996733805,0.8378134176643325
0.067,0.7953813842033028,0.7224783186186421,0.904735982580294,0.8378698893155636
0.068,0.7958265769766679,0.7226759407604236,0.9055525313010343,0.8380393042692569
0.069,0.7961460091879418,0.7228454172366622,0.9060968971148612,0.8382087192229501
0.07,0.7962138262788049,0.722958445721434,0.9060968971148612,0.8384346058278744
0.07100000000000001,0.7968019849554762,0.7232128890974503,0.907185628742515,0.8386040207815677
0.07200000000000001,0.7970126951831227,0.7233826175389189,0.9074578116494284,0.8386604924327987
0.073,0.7972064690873542,0.7235241187746958,0.9077299945563418,0.838829907386492
0.074,0.7972404386848553,0.7235807347705309,0.9077299945563418,0.838886379037723
0.075,0.7972614362885904,0.723615730776756,0.9077299945563418,0.8388067592354974
0.076,0.7971395837839448,0.723594098540289,0.9074578116494284,0.8388067592354974
0.077,0.7972075561443697,0.7237073858076637,0.9074578116494284,0.8389761741891907
0.078,0.7974184277642038,0.7238773832361117,0.9077299945563418,0.8391455891428838
0.079,0.7975443053287365,0.7239057239057239,0.9080021774632553,0.8391455891428838
0.08,0.7975613110620414,0.7239340667945656,0.9080021774632553,0.8391455891428838
0.081,0.7977082403886689,0.7239974937343358,0.9082743603701687,0.8392020607941151
0.082,0.7977762959262282,0.7241109196302679,0.9082743603701687,0.8392585324453461
0.083,0.7977395585465166,0.7242311459353575,0.9080021774632553,0.8394844190502704
0.084,0.7980017021352128,0.7244865966452423,0.9082743603701687,0.8398232489576569
0.085,0.7981787301988856,0.7246001881467545,0.9085465432770822,0.8399926639113502
0.08600000000000001,0.7983387335642722,0.7246854051511232,0.9088187261839956,0.8400491355625812
0.08700000000000001,0.7982169079761405,0.7246638177755126,0.9085465432770822,0.8400491355625812
0.088,0.7983769258562833,0.7247490589711417,0.9088187261839956,0.8401056072138123
0.089,0.7985410620440819,0.7248411640128638,0.9090909090909091,0.8402185505162745
0.09,0.79880998366262,0.7249264561678761,0.909635274904736,0.8402750221675055
0.091,0.7989871092868346,0.7250402102702914,0.9099074578116494,0.8403879654699677
0.092,0.799164256334508,0.7251540000784714,0.9101796407185628,0.8403879654699677
0.093,0.7991813281543325,0.7251824531115122,0.9101796407185628,0.8404444371211988
0.094,0.7992154758134022,0.7252393658766284,0.9101796407185628,0.8405009087724299
0.095,0.7991619783362148,0.7253316586859251,0.9099074578116494,0.840613852074892
0.096,0.7996082002337797,0.7255309960347062,0.9107240065323897,0.840670323726123
0.097,0.8003811073765417,0.7257304429783223,0.9123571039738705,0.840670323726123
0.098,0.8003982081999241,0.7257589443506265,0.9123571039738705,0.8407267953773543
0.099,0.8004837324686431,0.7259014847984916,0.9123571039738705,0.8408397386798163
0.1,0.800769922400818,0.7260155574762317,0.9129014697876974,0.8408962103310474
0.101,0.8008041522715146,0.726072607260726,0.9129014697876974,0.8408962103310474
0.10200000000000001,0.8008425936524941,0.7261366762290251,0.9129014697876974,0.8410091536335096
0.10300000000000001,0.8010199621979953,0.7262508352002516,0.9131736526946108,0.8411220969359718
0.10400000000000001,0.8011459625717157,0.7262793805518434,0.9134458356015243,0.8411220969359718
0.105,0.8011802210330625,0.7263364779874214,0.9134458356015243,0.8411220969359718
0.106,0.8013233580441488,0.7263935844012894,0.9137180185084377,0.8411785685872029
0.107,0.801374763919986,0.7264792608610182,0.9137180185084377,0.8411785685872029
0.108,0.801374763919986,0.7264792608610182,0.9137180185084377,0.8411785685872029
0.109,0.801374763919986,0.7264792608610182,0.9137180185084377,0.8411785685872029
0.11,0.8012529852845289,0.7264577517398655,0.9134458356015243,0.8412350402384339
0.111,0.8013789972744036,0.7264863164517144,0.9137180185084377,0.8412350402384339
0.112,0.8016481681691119,0.7265720240670102,0.9142623843222646,0.8412350402384339
0.113,0.801985952355593,0.7267720871685941,0.9148067501360915,0.8414609268433583
0.114,0.801985952355593,0.7267720871685941,0.9148067501360915,0.8414609268433583
0.115,0.8021634482663798,0.7268864584152962,0.9150789330430049,0.8414609268433583
0.116,0.8023409657787239,0.7270008656645943,0.9153511159499184,0.8415738701458204
0.117,0.8026445479339605,0.7271439253807706,0.9158954817637452,0.8416303417970515
0.11800000000000001,0.8025399595490306,0.7271510666771629,0.9156232988568318,0.8417432850995137
0.11900000000000001,0.8025399595490306,0.7271510666771629,0.9156232988568318,0.8417432850995137
0.12,0.802401025006222,0.7271009643770912,0.9153511159499184,0.8417432850995137
0.121,0.8022964342517662,0.7271081017242738,0.9150789330430049,0.8418562284019758
0.122,0.8021918445089427,0.7271152407575102,0.9148067501360915,0.841912700053207
0.123,0.8022262004678713,0.7271725006890577,0.9148067501360915,0.841969171704438
0.124,0.8022605618382523,0.727229769639693,0.9148067501360915,0.841969171704438
0.125,0.8021216161332244,0.727179648735922,0.914534567229178,0.841969171704438
0.126,0.8021216161332244,0.727179648735922,0.914534567229178,0.841969171704438
0.127,0.802051402978581,0.7272440820827918,0.9142623843222646,0.8420821150069002
0.128,0.802194651723278,0.7273013747193445,0.914534567229178,0.8420821150069002
0.129,0.802194651723278,0.7273013747193445,0.914534567229178,0.8420821150069002
0.13,0.802372292301216,0.7274159870779656,0.9148067501360915,0.8421385866581312
0.131,0.8025155572997834,0.7274733068043024,0.9150789330430049,0.8421950583093624
0.132,0.8026588277188695,0.7275306355648371,0.9153511159499184,0.8421950583093624
0.133,0.8026588277188695,0.7275306355648371,0.9153511159499184,0.8421950583093624
0.134,0.8026287433300816,0.7274804949168571,0.9153511159499184,0.8421950583093624
0.135,0.8027720181555953,0.7275378310214377,0.9156232988568318,0.8421950583093624
0.136,0.8027591327373413,0.7275163553243478,0.9156232988568318,0.8420589668559056
0.137,0.8027935415197153,0.7275737032949708,0.9156232988568318,0.8421154385071368
0.138,0.8028451648657648,0.7276597422050535,0.9156232988568318,0.8421154385071368
0.139,0.8030056735854161,0.7277458014665299,0.9158954817637452,0.8421154385071368
0.14,0.8030573213574714,0.7278318810866222,0.9158954817637452,0.8422283818095988
0.14100000000000001,0.8029355700849039,0.7278104175702852,0.9156232988568318,0.8422283818095988
0.14200000000000002,0.8033483006022546,0.7279539359520429,0.9164398475775721,0.8422848534608299
0.14300000000000002,0.8035260870439047,0.7280687914168508,0.9167120304844856,0.8422848534608299
0.14400000000000002,0.8035433187615826,0.7280975109463138,0.9167120304844856,0.8422848534608299
0.145,0.8035777862756119,0.7281549568030297,0.9167120304844856,0.8423413251120611
0.146,0.8035950220722856,0.7281836831308189,0.9167120304844856,0.8423977967632921
0.147,0.8036294977457552,0.7282411425866016,0.9167120304844856,0.8424542684145232
0.148,0.803715710737656,0.7283848309064362,0.9167120304844856,0.8425672117169853
0.149,0.8037502054610897,0.7284423221121592,0.9167120304844856,0.8426236833682165
0.15,0.8038192112464881,0.7285573317544899,0.9167120304844856,0.8426801550194476
0.151,0.8038364660976389,0.7285860898397412,0.9167120304844856,0.8427366266706786
0.152,0.8040887262123615,0.7286436128217275,0.9172563962983125,0.8427366266706786
0.153,0.8043755164683555,0.7287586860391662,0.9178007621121393,0.8427366266706786
0.154,0.804392780858596,0.7287874600229004,0.9178007621121393,0.8427366266706786
0.155,0.804392780858596,0.7287874600229004,0.9178007621121393,0.8427366266706786
0.156,0.8046968695891529,0.7289313640312772,0.9183451279259662,0.8427366266706786
0.157,0.8048619978044744,0.7290251224522042,0.9186173108328797,0.8427930983219096
0.158,0.8048792766934126,0.7290539206004346,0.9186173108328797,0.8427930983219096
0.159,0.8050227117297102,0.7291115237229882,0.9188894937397931,0.8427930983219096
0.16,0.8050227117297102,0.7291115237229882,0.9188894937397931,0.8427930983219096
0.161,0.8051834379443403,0.7291979454760963,0.9191616766467066,0.8427930983219096
0.162,0.8052794708010592,0.7291765449660187,0.91943385955362,0.8427930983219096
0.163,0.8052967587422208,0.7292053582012882,0.91943385955362,0.8427930983219096
0.164,0.8052967587422208,0.7292053582012882,0.91943385955362,0.8427930983219096
0.165,0.8053313387236412,0.7292629915036554,0.91943385955362,0.8427930983219096
0.166,0.8053184989651068,0.729241591906098,0.91943385955362,0.8427930983219096
0.167,0.805335791865081,0.7292704134060549,0.91943385955362,0.8428495699731408
0.168,0.8053876787674934,0.7293568915767422,0.91943385955362,0.8428495699731408
0.169,0.8054222768727981,0.7294145550855834,0.91943385955362,0.8429060416243719
0.17,0.8054395779770457,0.7294433902593295,0.91943385955362,0.8429625132756029
0.171,0.8054395779770457,0.7294433902593295,0.91943385955362,0.8429625132756029
0.17200000000000001,0.80545688044924,0.7294722277129867,0.91943385955362,0.843018984926834
0.17300000000000001,0.8054741842895432,0.7295010674468253,0.91943385955362,0.843018984926834
0.17400000000000002,0.8054914894981174,0.7295299094611157,0.91943385955362,0.8430754565780652
0.17500000000000002,0.805508796075125,0.7295587537561284,0.91943385955362,0.8430754565780652
0.176,0.8055261040207284,0.729587600332134,0.91943385955362,0.8431319282292962
0.177,0.8055780360707363,0.7296741537488137,0.91943385955362,0.8431319282292962
0.178,0.8056126642833636,0.7297318674365261,0.91943385955362,0.8431319282292962
0.179,0.8056126642833636,0.7297318674365261,0.91943385955362,0.8431319282292962
0.18,0.8056472979742719,0.7297895902547066,0.91943385955362,0.8431883998805272
0.181,0.8056992587852547,0.7298761916063446,0.91943385955362,0.8433013431829894
0.182,0.8057512319296845,0.7299628135137274,0.91943385955362,0.8433578148342205
0.183,0.805785887546721,0.730020572875455,0.91943385955362,0.8433578148342205
0.184,0.805820548648543,0.7300783413784917,0.91943385955362,0.8433578148342205
0.185,0.8059640883992182,0.730136119025008,0.9197060424605334,0.8434142864854516
0.186,0.8058424001728528,0.7301147605856747,0.91943385955362,0.8434142864854516
0.187,0.8061294995984154,0.7302303490857278,0.9199782253674469,0.8434707581366827
0.188,0.8060424993213204,0.7302668038951785,0.9197060424605334,0.843640173090376
0.189,0.8062207619974816,0.7303824530841714,0.9199782253674469,0.843753116392838
0.19,0.8062381128100029,0.7304113711050403,0.9199782253674469,0.8438095880440691
0.191,0.8061164300509329,0.7303900217778657,0.9197060424605334,0.8436734965906124
0.192,0.8062426562671974,0.7304189435336976,0.9199782253674469,0.8436734965906124
0.193,0.8062600106950324,0.7304478675800894,0.9199782253674469,0.8437299682418435
0.194,0.8062773664973669,0.7304767939173136,0.9199782253674469,0.8437864398930746
0.195,0.8062773664973669,0.7304767939173136,0.9199782253674469,0.8437864398930746
0.196,0.8064035968371293,0.7305057225456418,0.9202504082743603,0.8437864398930746
0.197,0.8065298285517175,0.7305346534653466,0.9205225911812738,0.8437864398930746
0.198,0.8064255088953582,0.7305422426426902,0.9202504082743603,0.8438429115443057
0.199,0.8065864726949783,0.7306290603707812,0.9205225911812738,0.8439558548467678
0.2,0.8067300798278112,0.7306869503208938,0.9207947740881872,0.844012326497999
0.201,0.8067300798278112,0.7306869503208938,0.9207947740881872,0.844012326497999
0.202,0.8067474488769848,0.7307158987361831,0.9207947740881872,0.8440687981492301
0.203,0.8068956368161098,0.7307814233634491,0.9210669569951007,0.8441252698004611
0.20400000000000001,0.8070392622063474,0.7308393437425695,0.9213391399020141,0.8441252698004611
0.20500000000000002,0.8072176563530598,0.7309552120491479,0.9216113228089275,0.8441817414516921
0.20600000000000002,0.8072698115590569,0.7310421373924763,0.9216113228089275,0.8442946847541544
0.20700000000000002,0.8073219791711448,0.731129083412623,0.9216113228089275,0.8444640997078476
0.20800000000000002,0.8073219791711448,0.731129083412623,0.9216113228089275,0.8444640997078476
0.209,0.8073741591937507,0.731216050116966,0.9216113228089275,0.8444640997078476
0.21,0.8074876397357773,0.7312237290824014,0.9218835057158411,0.8444640997078476
0.211,0.8075050380875817,0.7312527263354087,0.9218835057158411,0.8444640997078476
0.212,0.8075050380875817,0.7312527263354087,0.9218835057158411,0.8444640997078476
0.213,0.8075920505490686,0.7313977471045535,0.9218835057158411,0.8446335146615409
0.214,0.8075920505490686,0.7313977471045535,0.9218835057158411,0.8446335146615409
0.215,0.8076268651978795,0.7314557715192384,0.9218835057158411,0.8446899863127719
0.216,0.807753147756611,0.731484787179182,0.9221556886227545,0.8446899863127719
0.217,0.807753147756611,0.731484787179182,0.9221556886227545,0.8446899863127719
0.218,0.8078053842327247,0.7315718479727049,0.9221556886227545,0.8448029296152341
0.219,0.8078053842327247,0.7315718479727049,0.9221556886227545,0.8448029296152341
0.22,0.8078402154586242,0.7316299000158705,0.9221556886227545,0.8449158729176962
0.221,0.8078924726634981,0.731716995357327,0.9221556886227545,0.8450288162201585
0.222,0.8080536154743165,0.7318041114374156,0.922427871529668,0.8450852878713895
0.223,0.8080884688214243,0.7318622003492617,0.922427871529668,0.8451417595226205
0.224,0.8082147707327592,0.7318912482635442,0.9227000544365814,0.8451417595226205
0.225,0.8083585055435187,0.7319493510102013,0.9229722373434949,0.8451982311738517
0.226,0.8082368635038217,0.7319280695486484,0.9227000544365814,0.8452547028250827
0.227,0.8082717324419874,0.7319861844455913,0.9227000544365814,0.8452547028250827
0.228,0.8081198820351976,0.7319145557055506,0.922427871529668,0.8452547028250827
0.229,0.8082461921141203,0.7319436172324795,0.9227000544365814,0.8452547028250827
0.23,0.8082810701008845,0.7320017472104197,0.9227000544365814,0.8453111744763138
0.231,0.808298511171821,0.7320308156619808,0.9227000544365814,0.8453676461275449
0.232,0.808459715859595,0.7321180348703284,0.9229722373434949,0.845424117778776
0.233,0.8085295106275667,0.7322343594836147,0.9229722373434949,0.845480589430007
0.234,0.8086558359479428,0.7322634464129657,0.9232444202504083,0.845480589430007
0.23500000000000001,0.8086558359479428,0.7322634464129657,0.9232444202504083,0.845480589430007
0.23600000000000002,0.8087996175858272,0.7323216272048308,0.9235166031573218,0.845480589430007
0.23700000000000002,0.808817073903666,0.7323507210678956,0.9235166031573218,0.8455370610812382
0.23800000000000002,0.808817073903666,0.7323507210678956,0.9235166031573218,0.8455370610812382
0.23900000000000002,0.808817073903666,0.7323507210678956,0.9235166031573218,0.8455370610812382
0.24,0.8089434047713437,0.7323798172427494,0.9237887860642352,0.8455370610812382
0.241,0.8089608638634946,0.7324089157296675,0.9237887860642352,0.8455935327324693
0.242,0.8089957862101738,0.7324671196407995,0.9237887860642352,0.8456500043837003
0.243,0.8094097358534227,0.7326126698990542,0.9246053347849755,0.8456500043837003
0.244,0.8094621506078175,0.7327000278230454,0.9246053347849755,0.8457629476861626
0.245,0.8096059738851985,0.7327582780140716,0.924877517691889,0.8457629476861626
0.246,0.8094843521608596,0.7327370304114489,0.9246053347849755,0.8458194193373936
0.247,0.8095193095987991,0.7327952928080149,0.9246053347849755,0.8458194193373936
0.248,0.8095193095987991,0.7327952928080149,0.9246053347849755,0.8458194193373936
0.249,0.8095193095987991,0.7327952928080149,0.9246053347849755,0.8458194193373936
0.25,0.8094151692999326,0.7328031809145129,0.9243331518780621,0.8458194193373936
0.251,0.8094326523771345,0.7328323193765159,0.9243331518780621,0.8458758909886246
0.252,0.8094501368447512,0.7328614601558773,0.9243331518780621,0.8459323626398557
0.253,0.8094676227029487,0.7328906032528731,0.9243331518780621,0.8459323626398557
0.254,0.8095335115786417,0.7328189627744193,0.9246053347849755,0.8459323626398557
0.255,0.8093943990402118,0.7327685638149782,0.9243331518780621,0.8459323626398557
0.256,0.8095207593216747,0.7327977090128073,0.9246053347849755,0.8459323626398557
0.257,0.8093816438704324,0.7327473051986794,0.9243331518780621,0.8459323626398557
0.258,0.8095254944295238,0.7328056008592226,0.9246053347849755,0.8459323626398557
0.259,0.8097043390839169,0.7329222200119355,0.924877517691889,0.8460453059423179
0.26,0.809721835436746,0.7329513805999841,0.924877517691889,0.8460453059423179
0.261,0.8094435902116737,0.7328505491007481,0.9243331518780621,0.8460453059423179
0.262,0.8094785850647942,0.7329088738559489,0.9243331518780621,0.8460453059423179
0.263,0.8096049577430324,0.7329380397150702,0.9246053347849755,0.8460453059423179
0.264,0.8096049577430324,0.7329380397150702,0.9246053347849755,0.8460453059423179
0.265,0.8096049577430324,0.7329380397150702,0.9246053347849755,0.8460453059423179
0.266,0.809622458651335,0.7329672078955747,0.9246053347849755,0.8460453059423179
0.267,0.8096399609526339,0.7329963783977395,0.9246053347849755,0.8460453059423179
0.268,0.8096399609526339,0.7329963783977395,0.9246053347849755,0.8460453059423179
0.269,0.8096749697348857,0.7330547263681592,0.9246053347849755,0.8460453059423179
0.27,0.8097710922576655,0.7330334753015165,0.924877517691889,0.8460453059423179
0.271,0.809932491704489,0.7331210191082802,0.9251497005988024,0.846101777593549
0.272,0.809810868530693,0.7330997690898956,0.924877517691889,0.8461582492447801
0.273,0.809937254129715,0.7331289564836566,0.9251497005988024,0.8461582492447801
0.274,0.8099722831859674,0.7331873382440773,0.9251497005988024,0.8461582492447801
0.275,0.8099897998062964,0.7332165326112925,0.9251497005988024,0.8461582492447801
0.276,0.8099032173515465,0.7332536837913182,0.924877517691889,0.8462147208960111
0.277,0.8099207390453724,0.7332828866143615,0.924877517691889,0.8462147208960111
0.278,0.8099908397794044,0.7333997211710813,0.924877517691889,0.8463276641984733
0.279,0.8099780954725649,0.7333784806596823,0.924877517691889,0.8463276641984733
0.28,0.809995625035484,0.7334076965978806,0.924877517691889,0.8463841358497044
0.281,0.8098564759720756,0.7333572367634755,0.9246053347849755,0.8463841358497044
0.28200000000000003,0.8098564759720756,0.7333572367634755,0.9246053347849755,0.8463841358497044
0.28300000000000003,0.8098915382727296,0.7334156739312323,0.9246053347849755,0.8464406075009354
0.28400000000000003,0.8098915382727296,0.7334156739312323,0.9246053347849755,0.8464406075009354
0.28500000000000003,0.8099266061616692,0.7334741204127982,0.9246053347849755,0.8465535508033977
0.28600000000000003,0.8099266061616692,0.7334741204127982,0.9246053347849755,0.8465535508033977
0.28700000000000003,0.8099616796402305,0.7335325762104005,0.9246053347849755,0.8466100224546287
0.28800000000000003,0.8099967587097501,0.7335910413262663,0.9246053347849755,0.8467229657570909
0.289,0.8098576031711197,0.7335405706998247,0.9243331518780621,0.8467229657570909
0.29,0.8099102307380717,0.7336282833114113,0.9243331518780621,0.846779437408322
0.291,0.8099453227753808,0.73368677004026,0.9243331518780621,0.846835909059553
0.292,0.8099453227753808,0.73368677004026,0.9243331518780621,0.846835909059553
0.293,0.8100892935711559,0.7337452660952761,0.9246053347849755,0.846835909059553
0.294,0.8101068444864666,0.733774517620794,0.9246053347849755,0.846835909059553
0.295,0.8101243968012046,0.7338037714786908,0.9246053347849755,0.8468923807107841
0.296,0.8101243968012046,0.7338037714786908,0.9246053347849755,0.8468923807107841
0.297,0.8101419505155372,0.7338330276692449,0.9246053347849755,0.8469488523620152
0.298,0.8100027874846087,0.7337825445556397,0.9243331518780621,0.8469488523620152
0.299,0.8101643286663628,0.7338703245872876,0.9246053347849755,0.8469488523620152
0.3,0.8101643286663628,0.7338703245872876,0.9246053347849755,0.8469488523620152
0.301,0.8101643286663628,0.7338703245872876,0.9246053347849755,0.8469488523620152
0.302,0.8101818874730284,0.7338995892650636,0.9246053347849755,0.8469488523620152
0.303,0.8101818874730284,0.7338995892650636,0.9246053347849755,0.8469488523620152
0.304,0.8101818874730284,0.7338995892650636,0.9246053347849755,0.8469488523620152
0.305,0.8100427199951233,0.7338490987398308,0.9243331518780621,0.8468127609085585
0.306,0.8100602796943953,0.7338783649052841,0.9243331518780621,0.8468127609085585
0.307,0.8101867139570628,0.7339076334051209,0.9246053347849755,0.8468127609085585
0.308,0.8102042764577624,0.7339369042396202,0.9246053347849755,0.8468692325597895
0.309,0.8101002332282892,0.7339449541284404,0.9243331518780621,0.8468692325597895
0.31,0.8101529360215005,0.7340327921171261,0.9243331518780621,0.8469257042110206
0.311,0.810188078225791,0.7340913624576102,0.9243331518780621,0.8469821758622518
0.312,0.810188078225791,0.7340913624576102,0.9243331518780621,0.8469821758622518
0.313,0.8103320992014658,0.7341499421457927,0.9246053347849755,0.8470386475134828
0.314,0.8103496752115722,0.7341792354959701,0.9246053347849755,0.8470951191647138
0.315,0.8103672526243371,0.7342085311839113,0.9246053347849755,0.847151590815945
0.316,0.8105161411763725,0.7342752234993615,0.924877517691889,0.8472080624671761
0.317,0.8105513104215308,0.7343338389079588,0.924877517691889,0.8473210057696382
0.318,0.810429711752087,0.7343126297301613,0.9246053347849755,0.8473774774208693
0.319,0.8104472993764468,0.7343419424374276,0.9246053347849755,0.8473774774208693
0.32,0.8104648884050082,0.73437125748503,0.9246053347849755,0.8473774774208693
0.321,0.8104648884050082,0.73437125748503,0.9246053347849755,0.8473774774208693
0.322,0.8106089438381737,0.7344298946023635,0.924877517691889,0.8473774774208693
0.323,0.8106265370803488,0.7344592166726553,0.924877517691889,0.8473774774208693
0.324,0.8106441317273985,0.7344885410844048,0.924877517691889,0.8473774774208693
0.325,0.8108057972622418,0.7345765283712015,0.9251497005988024,0.8473774774208693
0.326,0.8106842046327637,0.7345553292600135,0.924877517691889,0.8473774774208693
0.327,0.8107018057988002,0.7345846645367412,0.924877517691889,0.8473774774208693
0.328,0.810719408370737,0.7346140021566356,0.924877517691889,0.8473774774208693
0.329,0.810615420381477,0.734622144112478,0.9246053347849755,0.8474339490721003
0.33,0.8106026995447324,0.7346009427179038,0.9246053347849755,0.8474904207233315
0.331,0.8107291798886439,0.7346302880198139,0.924877517691889,0.8474904207233315
0.332,0.8107291798886439,0.7346302880198139,0.924877517691889,0.8474904207233315
0.333,0.8105899766752558,0.7345797379354425,0.9246053347849755,0.8474904207233315
0.334,0.8105899766752558,0.7345797379354425,0.9246053347849755,0.8474904207233315
0.335,0.8105899766752558,0.7345797379354425,0.9246053347849755,0.8474904207233315
0.336,0.8106075847549474,0.7346090847349286,0.9246053347849755,0.8474904207233315
0.337,0.8107516782981388,0.734667785368972,0.924877517691889,0.8474904207233315
0.338,0.8110046506332769,0.7347264953849841,0.9254218835057159,0.8474904207233315
0.339,0.8110222657494454,0.7347558539119317,0.9254218835057159,0.8474904207233315
0.34,0.8110222657494454,0.7347558539119317,0.9254218835057159,0.8474904207233315
0.341,0.8111839927082001,0.7348439435719138,0.9256940664126293,0.8475468923745626
0.342,0.8112016134565871,0.7348733114858923,0.9256940664126293,0.8475468923745626
0.343,0.8112016134565871,0.7348733114858923,0.9256940664126293,0.8475468923745626
0.34400000000000003,0.8112192356134511,0.7349026817473323,0.9256940664126293,0.8475468923745626
0.34500000000000003,0.8112192356134511,0.7349026817473323,0.9256940664126293,0.8475468923745626
0.34600000000000003,0.8113457323417259,0.7349320543565148,0.9259662493195427,0.8475468923745626
0.34700000000000003,0.8113809836993575,0.7349908066192341,0.9259662493195427,0.8475468923745626
0.34800000000000003,0.8113809836993575,0.7349908066192341,0.9259662493195427,0.8475468923745626
0.34900000000000003,0.8113682713939507,0.7349696194435561,0.9259662493195427,0.8475468923745626
0.35000000000000003,0.8114947732503666,0.7349990005996402,0.9262384322264562,0.8475468923745626
0.35100000000000003,0.8115476677890312,0.7350871581640812,0.9262384322264562,0.8475468923745626
0.352,0.8115349570569159,0.7350659736105557,0.9262384322264562,0.8475468923745626
0.353,0.8114918938647098,0.7349942016235455,0.9262384322264562,0.8475468923745626
0.354,0.8116713180047137,0.7351117865856097,0.9265106151333696,0.8475468923745626
0.355,0.8116713180047137,0.7351117865856097,0.9265106151333696,0.8475468923745626
0.356,0.81168895927629,0.7351411887049036,0.9265106151333696,0.8475468923745626
0.357,0.8117066019591117,0.735170593176273,0.9265106151333696,0.8476033640257936
0.358,0.8117066019591117,0.735170593176273,0.9265106151333696,0.8476033640257936
0.359,0.8117242460533478,0.7352,0.9265106151333696,0.8476033640257936
0.36,0.8117242460533478,0.7352,0.9265106151333696,0.8476033640257936
0.361,0.8117595384767418,0.7352588207056564,0.9265106151333696,0.8476598356770246
0.362,0.8117771868062382,0.7352882345881505,0.9265106151333696,0.8476598356770246
0.363,0.8117771868062382,0.7352882345881505,0.9265106151333696,0.8476598356770246
0.364,0.8117821287451938,0.7352964711530767,0.9265106151333696,0.8477163073282559
0.365,0.8120351805991091,0.7353553137003841,0.9270549809471965,0.8477163073282559
0.366,0.8119312551959443,0.7353635599663851,0.9267827980402831,0.8477163073282559
0.367,0.8119312551959443,0.7353635599663851,0.9267827980402831,0.8477163073282559
0.368,0.8119665710110466,0.7354224196582223,0.9267827980402831,0.8477163073282559
0.369,0.8119665710110466,0.7354224196582223,0.9267827980402831,0.8477163073282559
0.37,0.811984231038734,0.7354518530377011,0.9267827980402831,0.8477727789794869
0.371,0.8120018924800716,0.735481288773264,0.9267827980402831,0.8478292506307179
0.372,0.8121284284979948,0.7355107268651937,0.9270549809471965,0.8478292506307179
0.373,0.8121637584504502,0.7355696101192859,0.9270549809471965,0.847885722281949
0.374,0.8120245158775761,0.7355189944357713,0.9267827980402831,0.847885722281949
0.375,0.8119941440359691,0.7354683746997598,0.9267827980402831,0.847885722281949
0.376,0.8119941440359691,0.7354683746997598,0.9267827980402831,0.847885722281949
0.377,0.8118725621715318,0.7354471935303066,0.9265106151333696,0.847885722281949
0.378,0.811733311794374,0.7353965648396525,0.9262384322264562,0.847885722281949
0.379,0.811733311794374,0.7353965648396525,0.9262384322264562,0.847885722281949
0.38,0.8118951886336313,0.7354849043004724,0.9265106151333696,0.8479421939331802
0.381,0.8118951886336313,0.7354849043004724,0.9265106151333696,0.8479421939331802
0.382,0.8118951886336313,0.7354849043004724,0.9265106151333696,0.8479421939331802
0.383,0.8119128593557143,0.7355143555039442,0.9265106151333696,0.8479986655844112
0.384,0.8119128593557143,0.7355143555039442,0.9265106151333696,0.8479986655844112
0.385,0.8119128593557143,0.7355143555039442,0.9265106151333696,0.8479986655844112
0.386,0.8119305314930403,0.735543809066154,0.9265106151333696,0.8479986655844112
0.387,0.8119305314930403,0.735543809066154,0.9265106151333696,0.8479986655844112
0.388,0.8119305314930403,0.735543809066154,0.9265106151333696,0.8479986655844112
0.389,0.8119482050457791,0.7355732649873854,0.9265106151333696,0.8480551372356423
0.39,0.8119482050457791,0.7355732649873854,0.9265106151333696,0.8480551372356423
0.391,0.8119482050457791,0.7355732649873854,0.9265106151333696,0.8480551372356423
0.392,0.8120747531768662,0.7356027232679215,0.9267827980402831,0.8480551372356423
0.393,0.8120924295609409,0.735632183908046,0.9267827980402831,0.8480551372356423
0.394,0.8122366597397952,0.7356911122681942,0.9270549809471965,0.8481116088868734
0.395,0.8122366597397952,0.7356911122681942,0.9270549809471965,0.8481116088868734
0.396,0.8122720224209375,0.7357500500700982,0.9270549809471965,0.8481680805381044
0.397,0.8124162639312605,0.7358089973160276,0.92732716385411,0.8482245521893355
0.398,0.8124516379465958,0.7358679540082529,0.92732716385411,0.8482810238405666
0.399,0.8124516379465958,0.7358679540082529,0.92732716385411,0.8482810238405666
0.4,0.8124870176310707,0.7359269201490445,0.92732716385411,0.8482810238405666
0.401,0.8125047095996615,0.7359564067633625,0.92732716385411,0.8483374954917977
0.402,0.8123831399986894,0.735935246033018,0.9270549809471965,0.8483374954917977
0.403,0.8122438745757605,0.7358845922660788,0.9267827980402831,0.8483374954917977
0.404,0.81240583335355,0.735973068291119,0.9270549809471965,0.8483374954917977
0.405,0.8125501040185978,0.7360320641282565,0.92732716385411,0.8483374954917977
0.406,0.812694380359051,0.7360910694244027,0.9275993467610234,0.8483374954917977
0.40700000000000003,0.812694380359051,0.7360910694244027,0.9275993467610234,0.8483374954917977
0.40800000000000003,0.812694380359051,0.7360910694244027,0.9275993467610234,0.8483374954917977
0.40900000000000003,0.8128386623762743,0.7361500841818327,0.9278715296679368,0.8483374954917977
0.41000000000000003,0.8128386623762743,0.7361500841818327,0.9278715296679368,0.8483374954917977
0.41100000000000003,0.8128386623762743,0.7361500841818327,0.9278715296679368,0.8483374954917977
0.41200000000000003,0.812856368932719,0.7361795951092404,0.9278715296679368,0.8483374954917977
0.41300000000000003,0.8128740769088681,0.7362091084028224,0.9278715296679368,0.8483374954917977
0.41400000000000003,0.8128917863048928,0.7362386240628633,0.9278715296679368,0.8483939671430287
0.41500000000000004,0.8128917863048928,0.7362386240628633,0.9278715296679368,0.8483939671430287
0.41600000000000004,0.8129094971209635,0.736268142089648,0.9278715296679368,0.8483939671430287
0.417,0.8130537961766924,0.736327185244587,0.9281437125748503,0.8483939671430287
0.418,0.8130715112539266,0.7363567103733109,0.9281437125748503,0.8483939671430287
0.419,0.8131981009146559,0.7363862378699174,0.9284158954817637,0.8483939671430287
0.42,0.8132158188335203,0.7364157677346914,0.9284158954817637,0.8484504387942599
0.421,0.8132335381734563,0.736445299967918,0.9284158954817637,0.8484504387942599
0.422,0.8132335381734563,0.736445299967918,0.9284158954817637,0.8484504387942599
0.423,0.8133778542799917,0.7365043715408679,0.9286880783886772,0.8484504387942599
0.424,0.8133778542799917,0.7365043715408679,0.9286880783886772,0.8484504387942599
0.425,0.8132740233485356,0.7365127752597169,0.9284158954817637,0.8484504387942599
0.426,0.8132740233485356,0.7365127752597169,0.9284158954817637,0.8484504387942599
0.427,0.8132613399408704,0.7364916362469414,0.9284158954817637,0.8484504387942599
0.428,0.8132967950683825,0.7365507281261283,0.9284158954817637,0.848506910445491
0.429,0.8132967950683825,0.7365507281261283,0.9284158954817637,0.848506910445491
0.43,0.8133145247657618,0.7365802776217605,0.9284158954817637,0.848563382096722
0.431,0.8133145247657618,0.7365802776217605,0.9284158954817637,0.848563382096722
0.432,0.8133322558857847,0.7366098294884654,0.9284158954817637,0.848563382096722
0.433,0.8133499884286226,0.7366393837265286,0.9284158954817637,0.848563382096722
0.434,0.8132107009349275,0.736588693174979,0.9281437125748503,0.848563382096722
0.435,0.8132107009349275,0.736588693174979,0.9281437125748503,0.848563382096722
0.436,0.8132461692721455,0.7366478070703423,0.9281437125748503,0.8486763253991843
0.437,0.8132461692721455,0.7366478070703423,0.9281437125748503,0.8486763253991843
0.438,0.8132461692721455,0.7366478070703423,0.9281437125748503,0.8486763253991843
0.439,0.8131423513326215,0.7366562324424112,0.9278715296679368,0.8486763253991843
0.44,0.8131778300402361,0.7367153636217691,0.9278715296679368,0.8487327970504153
0.441,0.8130562755913002,0.7366942281448182,0.9275993467610234,0.8487327970504153
0.442,0.8133095081513273,0.7367533718689787,0.9281437125748503,0.8487327970504153
0.443,0.8133095081513273,0.7367533718689787,0.9281437125748503,0.8487327970504153
0.444,0.8133095081513273,0.7367533718689787,0.9281437125748503,0.8487327970504153
0.445,0.8134538732469007,0.7368125250903252,0.9284158954817637,0.8487892687016463
0.446,0.8134716213506004,0.736842105263158,0.9284158954817637,0.8488457403528774
0.447,0.8134716213506004,0.736842105263158,0.9284158954817637,0.8488457403528774
0.448,0.8134893708793925,0.7368716878111451,0.9284158954817637,0.8488457403528774
0.449,0.8136337473757069,0.7369308600337268,0.9286880783886772,0.8489022120041085
0.45,0.8136515011808072,0.7369604497088937,0.9286880783886772,0.8489022120041085
0.451,0.8136692564116867,0.7369900417603596,0.9286880783886772,0.8489022120041085
0.452,0.8136692564116867,0.7369900417603596,0.9286880783886772,0.8489022120041085
0.453,0.8138136443142365,0.7370492329933339,0.9289602612955906,0.8489022120041085
0.454,0.8138314038234851,0.7370788321754147,0.9289602612955906,0.8489022120041085
0.455,0.8139580379219655,0.7371084337349397,0.9292324442025041,0.8489022120041085
0.456,0.8138542575487219,0.737116921717476,0.9289602612955906,0.8489022120041085
0.457,0.8138542575487219,0.737116921717476,0.9289602612955906,0.8489022120041085
0.458,0.8138720222560254,0.7371465295629819,0.9289602612955906,0.8489022120041085
0.459,0.8140164291150822,0.7372057523901342,0.9292324442025041,0.8489586836553396
0.46,0.8140341981044138,0.7372353673723536,0.9292324442025041,0.8490151553065707
0.461,0.8140341981044138,0.7372353673723536,0.9292324442025041,0.8490151553065707
0.462,0.814021530169853,0.7372142541480857,0.9292324442025041,0.8490151553065707
0.463,0.8140393015058309,0.7372438730413821,0.9292324442025041,0.8490716269578018
0.464,0.8141659474326215,0.7372734943147575,0.9295046271094175,0.8490716269578018
0.465,0.8142014972455027,0.737332744002893,0.9295046271094175,0.8491280986090328
0.466,0.8142014972455027,0.737332744002893,0.9295046271094175,0.8491280986090328
0.467,0.8140977357584811,0.7373412634624659,0.9292324442025041,0.8491845702602638
0.468,0.8139584162973625,0.7372905196318772,0.9289602612955906,0.8491845702602638
0.46900000000000003,0.8139584162973625,0.7372905196318772,0.9289602612955906,0.8491845702602638
0.47000000000000003,0.813976195186189,0.7373201511132546,0.9289602612955906,0.8491845702602638
0.47100000000000003,0.813976195186189,0.7373201511132546,0.9289602612955906,0.8491845702602638
0.47200000000000003,0.813976195186189,0.7373201511132546,0.9289602612955906,0.8491845702602638
0.47300000000000003,0.813976195186189,0.7373201511132546,0.9289602612955906,0.8491845702602638
0.47400000000000003,0.813976195186189,0.7373201511132546,0.9289602612955906,0.8491845702602638
0.47500000000000003,0.8139813069781422,0.7373286707665099,0.9289602612955906,0.8491845702602638
0.47600000000000003,0.8139813069781422,0.7373286707665099,0.9289602612955906,0.8491845702602638
0.47700000000000004,0.8139813069781422,0.7373286707665099,0.9289602612955906,0.8491845702602638
0.47800000000000004,0.813999089645658,0.737358308545703,0.9289602612955906,0.8491845702602638
0.47900000000000004,0.813999089645658,0.737358308545703,0.9289602612955906,0.8491845702602638
0.48,0.813999089645658,0.737358308545703,0.9289602612955906,0.8491845702602638
0.481,0.813999089645658,0.737358308545703,0.9289602612955906,0.8491845702602638
0.482,0.813999089645658,0.737358308545703,0.9289602612955906,0.8491845702602638
0.483,0.8138775468402755,0.7373371924746744,0.9286880783886772,0.8491845702602638
0.484,0.8138826610985657,0.7373457162384914,0.9286880783886772,0.8492975135627261
0.485,0.8140271104287344,0.7374050098508302,0.9289602612955906,0.8492975135627261
0.486,0.8140271104287344,0.7374050098508302,0.9289602612955906,0.8492975135627261
0.487,0.8141537738209292,0.7374346602332128,0.9292324442025041,0.8492975135627261
0.488,0.8142855635438395,0.7374728545001207,0.9295046271094175,0.8492975135627261
0.489,0.8142550983804653,0.7374220792278303,0.9295046271094175,0.8492975135627261
0.49,0.814308487477988,0.7375110610570349,0.9295046271094175,0.8493539852139571
0.491,0.8144707626243368,0.7376000643630073,0.929776810016331,0.8494104568651882
0.492,0.8144580949684346,0.7375789516031702,0.929776810016331,0.8494669285164194
0.493,0.8144758994168961,0.7376086256839395,0.929776810016331,0.8494669285164194
0.494,0.8144937052980231,0.7376383021524845,0.929776810016331,0.8494669285164194
0.495,0.8144937052980231,0.7376383021524845,0.929776810016331,0.8494669285164194
0.496,0.8144937052980231,0.7376383021524845,0.929776810016331,0.8494669285164194
0.497,0.8146203857747536,0.7376679810090931,0.9300489929232444,0.8494669285164194
0.498,0.8146203857747536,0.7376679810090931,0.9300489929232444,0.8494669285164194
0.499,0.81463819452173,0.7376976622540539,0.9300489929232444,0.8494669285164194
0.5,0.8144988456868801,0.7376468694672462,0.929776810016331,0.8494669285164194
0.501,0.8144988456868801,0.7376468694672462,0.929776810016331,0.8494669285164194
0.502,0.8144988456868801,0.7376468694672462,0.929776810016331,0.8494669285164194
0.503,0.8143773035600649,0.7376257545271631,0.9295046271094175,0.8494669285164194
0.504,0.8143951141541619,0.737655438850658,0.9295046271094175,0.8495234001676504
0.505,0.8143951141541619,0.737655438850658,0.9295046271094175,0.8495234001676504
0.506,0.8146484859687504,0.7377148146657544,0.9300489929232444,0.8495234001676504
0.507,0.8146663008640576,0.737744506157933,0.9300489929232444,0.8495798718188815
0.508,0.8146841171934475,0.7377742000402495,0.9300489929232444,0.8495798718188815
0.509,0.8146536335563529,0.7377233939784252,0.9300489929232444,0.8495798718188815
0.51,0.8146536335563529,0.7377233939784252,0.9300489929232444,0.8495798718188815
0.511,0.8146409642089887,0.7377022783994848,0.9300489929232444,0.8494437803654248
0.512,0.8148032962107217,0.7377913764644309,0.9303211758301578,0.8494437803654248
0.513,0.8148211186934449,0.7378210806023029,0.9303211758301578,0.8494437803654248
0.514,0.8148567679645322,0.7378804960541151,0.9303211758301578,0.8494437803654248
0.515,0.8148567679645322,0.7378804960541151,0.9303211758301578,0.8494437803654248
0.516,0.814874594753243,0.7379102073686331,0.9303211758301578,0.8494437803654248
0.517,0.815001296140395,0.7379399210759442,0.9305933587370713,0.8494437803654248
0.518,0.8150191258006313,0.737969637176338,0.9305933587370713,0.8494437803654248
0.519,0.8150191258006313,0.737969637176338,0.9305933587370713,0.8494437803654248
0.52,0.8150191258006313,0.737969637176338,0.9305933587370713,0.8494437803654248
0.521,0.8150191258006313,0.737969637176338,0.9305933587370713,0.8494437803654248
0.522,0.8149027574272782,0.7379571451586918,0.9303211758301578,0.8495002520166559
0.523,0.8149027574272782,0.7379571451586918,0.9303211758301578,0.8495002520166559
0.524,0.8149027574272782,0.7379571451586918,0.9303211758301578,0.8495002520166559
0.525,0.8149027574272782,0.7379571451586918,0.9303211758301578,0.8495002520166559
0.526,0.8150294649754746,0.7379868691344101,0.9305933587370713,0.8495002520166559
0.527,0.8149436014604521,0.738025218547315,0.9303211758301578,0.8494206322144302
0.528,0.8148220628233811,0.7380041094234722,0.9300489929232444,0.8494206322144302
0.529,0.814918268470586,0.7379829968975382,0.9303211758301578,0.8494206322144302
0.53,0.8149717972179431,0.7380722114764667,0.9303211758301578,0.8494206322144302
0.531,0.8149717972179431,0.7380722114764667,0.9303211758301578,0.8494206322144302
0.532,0.814989643009879,0.7381019544630264,0.9303211758301578,0.8494206322144302
0.533,0.814989643009879,0.7381019544630264,0.9303211758301578,0.8494206322144302
0.534,0.8150253389090187,0.7381614476282594,0.9303211758301578,0.8494771038656612
0.535,0.8150610405630091,0.73822095038491,0.9303211758301578,0.8495335755168925
0.536,0.8150610405630091,0.73822095038491,0.9303211758301578,0.8495335755168925
0.537,0.8150610405630091,0.73822095038491,0.9303211758301578,0.8495335755168925
0.538,0.815205621136007,0.7382804627352977,0.9305933587370713,0.8495335755168925
0.539,0.815205621136007,0.7382804627352977,0.9305933587370713,0.8495335755168925
0.54,0.815205621136007,0.7382804627352977,0.9305933587370713,0.8495335755168925
0.541,0.8150662323443172,0.7382296033537569,0.9303211758301578,0.8495335755168925
0.542,0.8150662323443172,0.7382296033537569,0.9303211758301578,0.8495335755168925
0.543,0.8150840876981292,0.7382593622767768,0.9303211758301578,0.8495335755168925
0.544,0.8151198027247258,0.7383188873211045,0.9303211758301578,0.8495900471681235
0.545,0.8151555235111141,0.738378421965085,0.9303211758301578,0.8495900471681235
0.546,0.8151733860646654,0.7384081928876705,0.9303211758301578,0.8496465188193545
0.547,0.8153179886561188,0.7384677419354839,0.9305933587370713,0.8496465188193545
0.548,0.8154625970108482,0.7385273005887573,0.9308655416439847,0.8497029904705856
0.549,0.8154804667684945,0.7385570835181675,0.9308655416439847,0.8497029904705856
0.55,0.8154804667684945,0.7385570835181675,0.9308655416439847,0.8497029904705856
0.551,0.8154804667684945,0.7385570835181675,0.9308655416439847,0.8497029904705856
0.552,0.8156072111302479,0.7385868688498144,0.9311377245508982,0.8497029904705856
0.553,0.8156072111302479,0.7385868688498144,0.9311377245508982,0.8497029904705856
0.554,0.8156072111302479,0.7385868688498144,0.9311377245508982,0.8497029904705856
0.555,0.8157339569335178,0.7386166565839887,0.9314099074578116,0.8497029904705856
0.556,0.8156124326187297,0.7385955713306175,0.9311377245508982,0.8497029904705856
0.557,0.8155087822082192,0.7386042759177087,0.9308655416439847,0.8497029904705856
0.558,0.815526659595994,0.7386340715640003,0.9308655416439847,0.8497029904705856
0.559,0.815526659595994,0.7386340715640003,0.9308655416439847,0.8497029904705856
0.56,0.8155445384261917,0.7386638696143296,0.9308655416439847,0.8497594621218167
0.561,0.8155445384261917,0.7386638696143296,0.9308655416439847,0.8497594621218167
0.562,0.815458776677527,0.7387023886378309,0.9305933587370713,0.8498159337730478
0.5630000000000001,0.815458776677527,0.7387023886378309,0.9305933587370713,0.8498159337730478
0.5640000000000001,0.8154766607687663,0.7387321954565631,0.9305933587370713,0.8498159337730478
0.5650000000000001,0.8154766607687663,0.7387321954565631,0.9305933587370713,0.8498159337730478
0.5660000000000001,0.8153551359226365,0.7387111093176223,0.9303211758301578,0.8498159337730478
0.5670000000000001,0.8153551359226365,0.7387111093176223,0.9303211758301578,0.8498159337730478
0.5680000000000001,0.8153909103013921,0.7387707332822149,0.9303211758301578,0.8498159337730478
0.5690000000000001,0.8154087996564638,0.7388005488740012,0.9303211758301578,0.8498159337730478
0.5700000000000001,0.8154087996564638,0.7388005488740012,0.9303211758301578,0.8498159337730478
0.5710000000000001,0.8152872755677478,0.7387794639974168,0.9300489929232444,0.8497363139708222
0.5720000000000001,0.8153051673004784,0.7388092835519677,0.9300489929232444,0.8497927856220533
0.5730000000000001,0.8153051673004784,0.7388092835519677,0.9300489929232444,0.8497927856220533
0.5740000000000001,0.8153409550993023,0.7388689298833409,0.9300489929232444,0.8497927856220533
0.5750000000000001,0.8152015362138633,0.7388180203455514,0.929776810016331,0.8497927856220533
0.5760000000000001,0.8152015362138633,0.7388180203455514,0.929776810016331,0.8497927856220533
0.577,0.8153283049324078,0.7388478462718502,0.9300489929232444,0.8497927856220533
0.578,0.815346201933125,0.7388776746063787,0.9300489929232444,0.8498492572732843
0.579,0.815346201933125,0.7388776746063787,0.9300489929232444,0.8498492572732843
0.58,0.815346201933125,0.7388776746063787,0.9300489929232444,0.8498492572732843
0.581,0.815346201933125,0.7388776746063787,0.9300489929232444,0.8498492572732843
0.582,0.8154729735417204,0.7389075053494288,0.9303211758301578,0.8498492572732843
0.583,0.8153514500380346,0.7388864214478945,0.9300489929232444,0.8499057289245153
0.584,0.8152299244910872,0.7388653341409247,0.929776810016331,0.8497696374710586
0.585,0.815247826251727,0.7388951704086576,0.929776810016331,0.8497696374710586
0.586,0.8154104133721976,0.7389846936714997,0.9300489929232444,0.8498261091222897
0.587,0.8154462299089076,0.7390443878993497,0.9300489929232444,0.8498261091222897
0.588,0.8154462299089076,0.7390443878993497,0.9300489929232444,0.8498261091222897
0.589,0.8154820522325121,0.7391040917720241,0.9300489929232444,0.8498261091222897
0.59,0.8156088387276037,0.7391339473259009,0.9303211758301578,0.8498261091222897
0.591,0.8158803337343119,0.7392235284611965,0.9308655416439847,0.8498261091222897
0.592,0.8158803337343119,0.7392235284611965,0.9308655416439847,0.8498261091222897
0.593,0.8158982528566889,0.7392533936651583,0.9308655416439847,0.8498825807735209
0.594,0.8159214550606972,0.7392920640051721,0.9308655416439847,0.8498825807735209
0.595,0.8159805226959094,0.739390510063859,0.9308655416439847,0.849995524075983
0.596,0.8159984538347493,0.7394203952952589,0.9308655416439847,0.849995524075983
0.597,0.8159984538347493,0.7394203952952589,0.9308655416439847,0.849995524075983
0.598,0.8159984538347493,0.7394203952952589,0.9308655416439847,0.849995524075983
0.599,0.8161252595859212,0.7394502829426031,0.9311377245508982,0.849995524075983
0.6,0.81614319362407,0.7394801730061845,0.9311377245508982,0.849995524075983
0.601,0.81614319362407,0.7394801730061845,0.9311377245508982,0.849995524075983
0.602,0.8163058776014946,0.7395698576972832,0.9314099074578116,0.8500519957272141
0.603,0.8163597014701662,0.7396595641450694,0.9314099074578116,0.8501084673784451
0.604,0.8163776456614361,0.7396894711305191,0.9314099074578116,0.8501649390296763
0.605,0.8163955913038556,0.7397193805345518,0.9314099074578116,0.8501649390296763
0.606,0.8162920357925366,0.7397282432869622,0.9311377245508982,0.8502214106809074
0.607,0.8163099852787651,0.739758159097343,0.9311377245508982,0.8502214106809074
0.608,0.816327936216865,0.7397880773275095,0.9311377245508982,0.8502778823321384
0.609,0.8161758489837679,0.7397160538769567,0.9308655416439847,0.8502778823321384
0.61,0.8161758489837679,0.7397160538769567,0.9308655416439847,0.8502778823321384
0.611,0.8159148780990535,0.7396440129449838,0.9303211758301578,0.8502778823321384
0.612,0.815775412533997,0.739593025607832,0.9300489929232444,0.8502778823321384
0.613,0.815775412533997,0.739593025607832,0.9300489929232444,0.8502778823321384
0.614,0.8159201926284584,0.7396528704939921,0.9303211758301578,0.8502778823321384
0.615,0.8158166352853453,0.7396617301934126,0.9300489929232444,0.8503908256346006
0.616,0.8158345933251672,0.7396916602597823,0.9300489929232444,0.8504472972858317
0.617,0.8158705137651459,0.7397515276597468,0.9300489929232444,0.8504472972858317
0.618,0.8158705137651459,0.7397515276597468,0.9300489929232444,0.8504472972858317
0.619,0.8158705137651459,0.7397515276597468,0.9300489929232444,0.8504472972858317
0.62,0.8157669649001702,0.7397604014893963,0.929776810016331,0.8505037689370627
0.621,0.8158028959485708,0.7398202865700639,0.929776810016331,0.8505037689370627
0.622,0.815717323275149,0.73985912071897,0.9295046271094175,0.850616712239525
0.623,0.8155958116890987,0.7398380566801619,0.9292324442025041,0.850616712239525
0.624,0.8154742980561747,0.7398169892298972,0.9289602612955906,0.850616712239525
0.625,0.8156191195663272,0.7398769031422092,0.9292324442025041,0.850616712239525
0.626,0.8156550737367236,0.7399368267595366,0.9292324442025041,0.850673183890756
0.627,0.8156730530059926,0.7399667922083183,0.9292324442025041,0.8507296555419871
0.628,0.8158358727149699,0.7400567031186714,0.9295046271094175,0.8507296555419871
0.629,0.8156963800059238,0.7400056705415369,0.9292324442025041,0.8507296555419871
0.63,0.8156963800059238,0.7400056705415369,0.9292324442025041,0.8507296555419871
0.631,0.8155568848163568,0.739954633830201,0.9289602612955906,0.8507296555419871
0.632,0.81543537070571,0.7399335655837318,0.9286880783886772,0.8507296555419871
0.633,0.8154893301279054,0.7400234979540574,0.9286880783886772,0.8507861271932182
0.634,0.8156341835263802,0.7400834650135732,0.9289602612955906,0.8508425988444492
0.635,0.8156521758310402,0.7401134521880065,0.9289602612955906,0.8508425988444492
0.636,0.815779042756572,0.7401434417926173,0.9292324442025041,0.8508425988444492
0.637,0.815779042756572,0.7401434417926173,0.9292324442025041,0.8508425988444492
0.638,0.815779042756572,0.7401434417926173,0.9292324442025041,0.8508425988444492
0.639,0.815779042756572,0.7401434417926173,0.9292324442025041,0.8508425988444492
0.64,0.8158932757100339,0.7401523747771114,0.9295046271094175,0.8508425988444492
0.641,0.8157537679545579,0.7401013171225937,0.9292324442025041,0.8508425988444492
0.642,0.815632254317612,0.7400802496656264,0.9289602612955906,0.8508425988444492
0.643,0.8155287376384057,0.7400891771382246,0.9286880783886772,0.8508990704956803
0.644,0.8155467381048325,0.7401191779156026,0.9286880783886772,0.8508990704956803
0.645,0.8155520982978206,0.740128111570583,0.9286880783886772,0.8510120137981425
0.646,0.8155520982978206,0.740128111570583,0.9286880783886772,0.8510120137981425
0.647,0.815570102630557,0.7401581187918101,0.9286880783886772,0.8510120137981425
0.648,0.8155574597948335,0.7401370473989377,0.9286880783886772,0.8510120137981425
0.649,0.8157383686814221,0.7402571069386431,0.9289602612955906,0.8510684854493735
0.65,0.8156348679550816,0.7402660609993511,0.9286880783886772,0.8509888656471479
0.651,0.8156222257580019,0.7402449906708851,0.9286880783886772,0.8509888656471479
0.652,0.8154826929187025,0.7401938912099948,0.9284158954817637,0.8509888656471479
0.653,0.8155007083468512,0.7402239169235761,0.9284158954817637,0.8509888656471479
0.654,0.8155187252366389,0.7402539450732223,0.9284158954817637,0.8509888656471479
0.655,0.8153972067225037,0.7402328694876059,0.9281437125748503,0.8509888656471479
0.656,0.815136143800571,0.7401606751602694,0.9275993467610234,0.8510453372983791
0.657,0.8151541635370326,0.7401907080543721,0.9275993467610234,0.8510453372983791
0.658,0.8150146181792028,0.7401395877292647,0.92732716385411,0.8510453372983791
0.659,0.8151595341755562,0.740199659118578,0.9275993467610234,0.8511018089496101
0.66,0.8151595341755562,0.740199659118578,0.9275993467610234,0.8511018089496101
0.661,0.8150380083987868,0.7401785714285714,0.92732716385411,0.8511018089496101
0.662,0.8150380083987868,0.7401785714285714,0.92732716385411,0.8511018089496101
0.663,0.81507405898267,0.7402386557350434,0.92732716385411,0.8512147522520723
0.664,0.8150920864695166,0.7402687015464544,0.92732716385411,0.8512147522520723
0.665,0.8149705614878698,0.740247615181652,0.9270549809471965,0.8512147522520723
0.666,0.8150246555812171,0.7403377720038974,0.9270549809471965,0.8512147522520723
0.667,0.8150426898739053,0.7403678291583777,0.9270549809471965,0.8512147522520723
0.668,0.8150607256310102,0.7403978887535526,0.9270549809471965,0.8512147522520723
0.669,0.8150607256310102,0.7403978887535526,0.9270549809471965,0.8512147522520723
0.67,0.815223714853375,0.7404880821862184,0.92732716385411,0.8512147522520723
0.671,0.8150841543215409,0.7404369365711038,0.9270549809471965,0.8512147522520723
0.672,0.8150167624475011,0.7405060720523131,0.9267827980402831,0.8513276955545344
0.673,0.8148952408134924,0.7404849912669076,0.9265106151333696,0.8513276955545344
0.674,0.8147556702339898,0.7404338289056788,0.9262384322264562,0.8513276955545344
0.675,0.8147737171242422,0.7404639070560994,0.9262384322264562,0.8513276955545344
0.676,0.8147917654807677,0.7404939876503087,0.9262384322264562,0.8513276955545344
0.677,0.8146702406882462,0.7404729016007151,0.9259662493195427,0.8513276955545344
0.678,0.8146882914638915,0.7405029862267908,0.9259662493195427,0.8513276955545344
0.679,0.8144271849341841,0.7404307192198295,0.9254218835057159,0.8513841672057655
0.68,0.8141841209514202,0.740388523124441,0.924877517691889,0.8514406388569966
0.681,0.8140625858730213,0.7403674199317184,0.9246053347849755,0.8514406388569966
0.682,0.8140806414130757,0.7403975124984757,0.9246053347849755,0.8514406388569966
0.683,0.8141348168408196,0.7404878048780489,0.9246053347849755,0.8515535821594588
0.684,0.8140132835173034,0.7404667046101309,0.9243331518780621,0.8515535821594588
0.685,0.8140313458835581,0.7404968085538887,0.9243331518780621,0.8515535821594588
0.686,0.8139152138734302,0.7404847104749512,0.9240609689711486,0.8516100538106899
0.687,0.8139513497682074,0.7405449369662463,0.9240609689711486,0.8516100538106899
0.6880000000000001,0.8139694199199898,0.7405750538858838,0.9240609689711486,0.8516100538106899
0.6890000000000001,0.8142413855205957,0.7406654193443424,0.9246053347849755,0.8516100538106899
0.6900000000000001,0.8142413855205957,0.7406654193443424,0.9246053347849755,0.8516100538106899
0.6910000000000001,0.8142594615527945,0.7406955460646737,0.9246053347849755,0.8516100538106899
0.6920000000000001,0.8142775390555457,0.7407256752359258,0.9246053347849755,0.8516665254619209
0.6930000000000001,0.8142829621959966,0.7407347138033441,0.9246053347849755,0.8516665254619209
0.6940000000000001,0.8142829621959966,0.7407347138033441,0.9246053347849755,0.8516665254619209
0.6950000000000001,0.8144099167594244,0.7407648494711148,0.924877517691889,0.8516665254619209
0.6960000000000001,0.8144099167594244,0.7407648494711148,0.924877517691889,0.8516665254619209
0.6970000000000001,0.8145368727941407,0.7407949875910329,0.9251497005988024,0.8516665254619209
0.6980000000000001,0.8142757276639901,0.7407226562499999,0.9246053347849755,0.8516665254619209
0.6990000000000001,0.814154193444315,0.7407015544884837,0.9243331518780621,0.8516665254619209
0.7000000000000001,0.8141722791860924,0.7407316973914458,0.9243331518780621,0.8516665254619209
0.7010000000000001,0.8141903663999307,0.7407618427478431,0.9243331518780621,0.8517229971131519
0.7020000000000001,0.8141903663999307,0.7407618427478431,0.9243331518780621,0.8517229971131519
0.7030000000000001,0.8142084550860098,0.7407919905579748,0.9243331518780621,0.8517794687643832
0.704,0.8142446368756093,0.7408522935406407,0.9243331518780621,0.8517794687643832
0.705,0.8142808245563293,0.7409126063418408,0.9243331518780621,0.8518359404156142
0.706,0.8141954904667724,0.7409518381305216,0.9240609689711486,0.8519488837180763
0.707,0.8139343285593457,0.7408794788273615,0.9235166031573218,0.8519488837180763
0.708,0.8139578711049225,0.740918716403323,0.9235166031573218,0.8520053553693074
0.709,0.8139759754107602,0.7409488902463858,0.9235166031573218,0.8520053553693074
0.71,0.8140121884465723,0.7410092453060726,0.9235166031573218,0.8520053553693074
0.711,0.8140121884465723,0.7410092453060726,0.9235166031573218,0.8520053553693074
0.712,0.8138961060503018,0.7409972299168974,0.9232444202504083,0.8520618270205385
0.713,0.813634920939432,0.7409248319413323,0.9227000544365814,0.8521182986717696
0.714,0.813634920939432,0.7409248319413323,0.9227000544365814,0.8521182986717696
0.715,0.8135133806128452,0.7409037200016299,0.922427871529668,0.8521747703230007
0.716,0.8136584823100631,0.7409641008923842,0.9227000544365814,0.8521747703230007
0.717,0.8135550592810332,0.7409731844486102,0.922427871529668,0.8521747703230007
0.718,0.8135731781998363,0.7410033826466154,0.922427871529668,0.8522312419742317
0.719,0.8134335177053782,0.7409520704271274,0.9221556886227545,0.8522312419742317
0.72,0.8134335177053782,0.7409520704271274,0.9221556886227545,0.8522312419742317
0.721,0.8134697589413982,0.7410124724871606,0.9221556886227545,0.8522877136254627
0.722,0.8134752141796876,0.7410215645509763,0.9221556886227545,0.8522877136254627
0.723,0.8134806707524286,0.741030658838878,0.9221556886227545,0.8522877136254627
0.724,0.8135350583237196,0.7411213047910297,0.9221556886227545,0.8522877136254627
0.725,0.8135713240973096,0.741181747747013,0.9221556886227545,0.8523441852766939
0.726,0.8134497849787226,0.7411606378206436,0.9218835057158411,0.8523441852766939
0.727,0.8135767942092975,0.7411908646003262,0.9221556886227545,0.8523441852766939
0.728,0.8133518511712969,0.7411788700795431,0.9216113228089275,0.852400656927925
0.729,0.8134788652870708,0.7412091050012238,0.9218835057158411,0.852400656927925
0.73,0.8136421701902383,0.7412998245685609,0.9221556886227545,0.852400656927925
0.731,0.8132412502807957,0.7411759905333168,0.9213391399020141,0.852400656927925
0.732,0.8133319991164665,0.7413272385927681,0.9213391399020141,0.852457128579156
0.733,0.8131977845124659,0.7412850028573761,0.9210669569951007,0.8525136002303871
0.734,0.8130762375255427,0.741263879817113,0.9207947740881872,0.8525136002303871
0.735,0.8130635616316821,0.7412427533273455,0.9207947740881872,0.8525136002303871
0.736,0.8128022987880832,0.7411702257972317,0.9202504082743603,0.8525136002303871
0.737,0.812680742554182,0.7411490873453386,0.9199782253674469,0.8525136002303871
0.738,0.8125955066309359,0.7411884827445375,0.9197060424605334,0.8526265435328493
0.739,0.8124249345823842,0.7410856512682269,0.91943385955362,0.8526265435328493
0.74,0.812430406566546,0.7410947712418301,0.91943385955362,0.8526265435328493
0.741,0.8124540471716687,0.7411341722503678,0.91943385955362,0.8527959584865425
0.742,0.8124540471716687,0.7411341722503678,0.91943385955362,0.8527959584865425
0.743,0.8126356043003298,0.7412553121935272,0.9197060424605334,0.8529089017890047
0.744,0.8123561295879839,0.7411524315488354,0.9191616766467066,0.8529089017890047
0.745,0.8122036905763931,0.741079821800793,0.9188894937397931,0.8529089017890047
0.746,0.8121002925476712,0.7410889470241989,0.9186173108328797,0.8529653734402358
0.747,0.8122455203313355,0.7411495380590303,0.9188894937397931,0.8530218450914668
0.748,0.8122455203313355,0.7411495380590303,0.9188894937397931,0.8530218450914668
0.749,0.812002373682448,0.7411072041867692,0.9183451279259662,0.853078316742698
0.75,0.812056922566829,0.7411981189940707,0.9183451279259662,0.8531347883939291
0.751,0.8122567402840721,0.7413496932515337,0.9186173108328797,0.8531912600451601
0.752,0.8123893080906976,0.7413891843246339,0.9188894937397931,0.8531912600451601
0.753,0.8125091878436252,0.7414075286415711,0.9191616766467066,0.8531912600451601
0.754,0.8123694150743779,0.7413560292974344,0.9188894937397931,0.8531912600451601
0.755,0.8124964899564975,0.7413863654963582,0.9191616766467066,0.8531912600451601
0.756,0.8124964899564975,0.7413863654963582,0.9191616766467066,0.8531912600451601
0.757,0.812514693165537,0.7414167041780907,0.9191616766467066,0.8531912600451601
0.758,0.8123625948751528,0.7415261175700015,0.9186173108328797,0.8532477316963911
0.759,0.8120830222719297,0.7414230737738476,0.9180729450190528,0.8532477316963911
0.76,0.8118089420215523,0.7413291838991032,0.9175285792052259,0.8532477316963911
0.761,0.8117653017779214,0.7412564501597183,0.9175285792052259,0.8533042033476224
0.762,0.8114911825916393,0.7411624953917995,0.916984213391399,0.8533606749988534
0.763,0.8115093989400431,0.7411928559724725,0.916984213391399,0.8533606749988534
0.764,0.8115640569408114,0.7412839526404196,0.916984213391399,0.8534736183013155
0.765,0.8114424636872182,0.7412627524890399,0.9167120304844856,0.8533939984990899
0.766,0.8115335950804429,0.7414146381444144,0.9167120304844856,0.8534504701503209
0.767,0.8114120046047993,0.7413934426229508,0.9164398475775721,0.8534504701503209
0.768,0.8113268789523755,0.7414330218068536,0.9161676646706587,0.8535069418015521
0.769,0.8115087038719603,0.741554608068219,0.9164398475775721,0.8535634134527832
0.77,0.8116540618862911,0.7416154161541615,0.9167120304844856,0.8535634134527832
0.771,0.8115015141325174,0.7415426251691475,0.9164398475775721,0.8535634134527832
0.772,0.8113981682304682,0.7415518372703411,0.9161676646706587,0.8535634134527832
0.773,0.8113981682304682,0.7415518372703411,0.9161676646706587,0.8535634134527832
0.774,0.811403696851406,0.741561051638571,0.9161676646706587,0.8535634134527832
0.775,0.8115363525355619,0.7416006891742216,0.9164398475775721,0.8535634134527832
0.776,0.8114330131891792,0.7416099122015262,0.9161676646706587,0.8535634134527832
0.777,0.8117110761465192,0.7417104399212081,0.9167120304844856,0.8536763567552452
0.778,0.8116442803683026,0.7417805688954563,0.9164398475775721,0.8536763567552452
0.779,0.8116132922860982,0.7417289220917823,0.9164398475775721,0.8536763567552452
0.78,0.8114972419983288,0.7417169602167756,0.9161676646706587,0.8536763567552452
0.781,0.8112357694072314,0.7416440831074976,0.9156232988568318,0.8536763567552452
0.782,0.8109432775293169,0.7415195071868583,0.9150789330430049,0.8535402653017885
0.783,0.8108216650618294,0.7414982750123214,0.9148067501360915,0.8535967369530197
0.784,0.8107183247351708,0.7415074964058327,0.914534567229178,0.8536532086042508
0.785,0.8101770195323106,0.7413311421528349,0.9134458356015243,0.8536532086042508
0.786,0.8103407226271084,0.741422525372889,0.9137180185084377,0.8536532086042508
0.787,0.8104066417999551,0.7415323906609669,0.9137180185084377,0.8537096802554818
0.788,0.8100417654498213,0.7414686292245705,0.9129014697876974,0.8537661519067129
0.789,0.8099567233878922,0.7415083477259643,0.9126292868807839,0.8537661519067129
0.79,0.8099933169895237,0.7415693370620168,0.9126292868807839,0.8537661519067129
0.791,0.8097500592461313,0.7415268180322474,0.912084921066957,0.8537661519067129
0.792,0.8097556023895127,0.7415360566045497,0.912084921066957,0.853822623557944
0.793,0.8098526919361034,0.7416978725155343,0.912084921066957,0.853879095209175
0.794,0.809863809957962,0.7417164025519654,0.912084921066957,0.853879095209175
0.795,0.810020455127655,0.7417960225635113,0.9123571039738705,0.8540485101628683
0.796,0.8099354797721685,0.7418358522423094,0.912084921066957,0.8540485101628683
0.797,0.8099238594246765,0.741997940267765,0.9118127381600436,0.8540485101628683
0.798,0.8098205727934077,0.7420072511535927,0.9115405552531302,0.8540485101628683
0.799,0.8097950584289264,0.7419647272127905,0.9115405552531302,0.8540485101628683
0.8,0.8097212989755879,0.7420232500618353,0.9112683723462166,0.8541614534653305
0.801,0.8097763656360748,0.7421150278293136,0.9112683723462166,0.8542179251165616
0.802,0.8098498090432247,0.7422374335078966,0.9112683723462166,0.8542179251165616
0.803,0.8096970571020161,0.7421643022104915,0.9109961894393032,0.8542743967677926
0.804,0.809581026941628,0.7421523738811202,0.9107240065323897,0.8543873400702549
0.805,0.8093377500949254,0.7421098230125004,0.9101796407185628,0.8543873400702549
0.806,0.8094352337790681,0.7422722958194049,0.9101796407185628,0.8543873400702549
0.807,0.8093927577097477,0.7423829576418133,0.9099074578116494,0.8544438117214859
0.808,0.8093446946992582,0.7424843078956063,0.909635274904736,0.854500283372717
0.809,0.8094239393641828,0.7426163823371473,0.909635274904736,0.8546696983264102
0.81,0.809447995522729,0.7426564759347243,0.909635274904736,0.8546696983264102
0.811,0.8092824268817737,0.7425619834710744,0.9093630919978225,0.8546696983264102
0.812,0.8091128079339157,0.7426421957671957,0.9088187261839956,0.8547826416288724
0.8130000000000001,0.8090577554771619,0.7427318969438815,0.9085465432770822,0.8548955849313346
0.8140000000000001,0.8087832667496966,0.7426373262739908,0.9080021774632553,0.8549520565825657
0.8150000000000001,0.8087041456151636,0.7426869129877115,0.9077299945563418,0.8550649998850277
0.8160000000000001,0.808759464511273,0.7427791111478937,0.9077299945563418,0.855121471536259
0.8170000000000001,0.8086988296022336,0.7428595082374371,0.9074578116494284,0.8552908864899521
0.8180000000000001,0.8084668857054514,0.7428358456186848,0.9069134458356015,0.8552112666877265
0.8190000000000001,0.808550195831002,0.7427932405566599,0.907185628742515,0.8552112666877265
0.8200000000000001,0.8088233262679201,0.7428855474089723,0.9077299945563418,0.8552677383389575
0.8210000000000001,0.8084862511655235,0.7426866661141959,0.907185628742515,0.8552677383389575
0.8220000000000001,0.8083887205093068,0.7427055702917771,0.9069134458356015,0.8553242099901887
0.8230000000000001,0.808241448376848,0.7426415720089545,0.9066412629286881,0.8549159356298185
0.8240000000000001,0.8080535214418392,0.7426912709931578,0.9060968971148612,0.8549159356298185
0.8250000000000001,0.8080022881113031,0.7426058821089311,0.9060968971148612,0.8549159356298185
0.8260000000000001,0.8078328636345677,0.7426864185235902,0.9055525313010343,0.8549724072810496
0.8270000000000001,0.8074493029682013,0.7425915165601394,0.904735982580294,0.8549724072810496
0.8280000000000001,0.8067966448836701,0.742411029442299,0.9033750680457268,0.8550057307812862
0.8290000000000001,0.8061880717737879,0.7423040172822069,0.9020141535111595,0.8551186740837482
0.8300000000000001,0.8053708256530077,0.7420306720418934,0.9003810560696788,0.8549029628280659
0.8310000000000001,0.8051273435172304,0.741987779024816,0.8998366902558519,0.8549029628280659
0.8320000000000001,0.805078059313572,0.742087093956661,0.8995645073489384,0.8547437232236146
0.833,0.8042661969217846,0.7418227215980026,0.8979314099074578,0.8546641034213889
0.834,0.8041153022134484,0.7419341409599933,0.8973870440936309,0.8546641034213889
0.835,0.8041338351228813,0.7419650291423814,0.8973870440936309,0.85472057507262
0.836,0.803895943589438,0.7419314537958606,0.896842678279804,0.8547770467238511
0.837,0.8033274076893553,0.7417097150474921,0.8957539466521502,0.8546974269216254
0.838,0.8031636472813553,0.7417996915767099,0.8952095808383234,0.8547538985728564
0.839,0.8030789651753152,0.7418400100045854,0.8949373979314099,0.8547538985728564
0.84,0.8029942911380039,0.741880341880342,0.8946652150244965,0.8547538985728564
0.841,0.8027749193230884,0.7418776327313676,0.8941208492106696,0.8548668418753187
0.842,0.8026644195858772,0.741874921773958,0.8938486663037561,0.854730750421862
0.843,0.8021167973636268,0.7418694944265855,0.8924877517691889,0.8545150391661795
0.844,0.8019691189300524,0.7418048189752371,0.8922155688622755,0.8546279824686418
0.845,0.8018214210460268,0.7417401111064701,0.891943385955362,0.8544918910151851
0.846,0.8017136181707112,0.7419233501901618,0.8913990201415352,0.8543891230619649
0.847,0.8012506050563992,0.7418774827514112,0.8903102885138813,0.8543659749109702
0.848,0.8013364140878367,0.7420204978038069,0.8903102885138813,0.8544224465622015
0.849,0.8010081918205079,0.742017826505419,0.889493739793141,0.8545918615158946
0.85,0.8002083111983883,0.7417734237628736,0.8878606423516603,0.8545687133649
0.851,0.799524514242415,0.741541038525963,0.8864997278170931,0.8545687133649
0.852,0.798920820490452,0.7414421586290694,0.8851388132825259,0.8546251850161312
0.853,0.798166143988158,0.7410916408149576,0.8837778987479586,0.8542733823069921
0.854,0.7981058005526388,0.7411725236937011,0.8835057158410452,0.8543067058072286
0.855,0.7977457176095433,0.7411167512690354,0.8826891671203049,0.8543067058072286
0.856,0.7970702324219452,0.7410796742506925,0.8810560696788242,0.854283557656234
0.857,0.7965035923639152,0.7410425505103541,0.8796951551442569,0.8542604095052395
0.858,0.7960906047081753,0.74108005883589,0.8786064235166031,0.8543168811564705
0.859,0.7954173979753565,0.7408653239709035,0.8772455089820359,0.8542937330054761
0.86,0.7947309676540348,0.7406285497917455,0.8758845944474687,0.8541576415520193
0.861,0.7941797820694234,0.7402542729645533,0.8750680457267284,0.8539984019475679
0.862,0.7936710887130534,0.7401322717890391,0.8739793140990746,0.8539187821453423
0.863,0.7929445564657691,0.7400101163378857,0.8723462166575939,0.8537826906918856
0.864,0.7924675659225624,0.7399409531843104,0.8712574850299402,0.8538724858433533
0.865,0.7914668768922444,0.73954332503271,0.869352204681546,0.8534642114829831
0.866,0.7911644123584372,0.7394021280189158,0.8688078388677191,0.8533049718785317
0.867,0.7909236240434758,0.7393637247031983,0.8682634730538922,0.8530892606228495
0.868,0.7896990247325721,0.7389558232931727,0.8658138268916712,0.8530096408206238
0.869,0.7886845272658054,0.7387166363521,0.8636363636363636,0.8530096408206238
0.87,0.7882256895596,0.7386777279268602,0.8625476320087099,0.8529864926696292
0.871,0.7876972311671607,0.7385227850245638,0.8614589003810561,0.8529864926696292
0.872,0.7866031506299274,0.7383324149039888,0.859009254218835,0.8528041049141835
0.873,0.7861590634553339,0.7381366354268266,0.8581927054980947,0.852588393658501
0.874,0.7845288523468894,0.73759708016806,0.8549265106151334,0.852588393658501
0.875,0.7842818375816835,0.7375482994352681,0.8543821448013065,0.8523726824028186
0.876,0.7834046854326736,0.7373565660858478,0.8524768644529124,0.8524060059030552
0.877,0.7827462845539985,0.7373479629157098,0.8508437670114317,0.8524393294032917
0.878,0.782254554795268,0.7372542344029279,0.849755035383778,0.8523134132990768
0.879,0.7814846238340394,0.7372412030331431,0.8478497550353837,0.8522902651480824
0.88,0.7810950650029589,0.7373177593997783,0.84676102340773,0.8523235886483189
0.881,0.7805563569133205,0.7373271889400922,0.8454001088731627,0.8524133837997865
0.882,0.7801022091098357,0.7372960970193868,0.844311377245509,0.852503178951254
0.883,0.778467531702997,0.7365676426586877,0.8413173652694611,0.8520949045908839
0.884,0.7771967725296549,0.7364457186871496,0.8383233532934131,0.8522976430448137
0.885,0.7766800369610334,0.7363103138245495,0.8372346216657593,0.852218023242588
0.886,0.7755984945804073,0.7357779300891021,0.8353293413173652,0.8522744948938191
0.887,0.7747163968516674,0.7355779541067982,0.8334240609689711,0.8521152552893678
0.888,0.7742229234089264,0.7356627747252747,0.8320631464344039,0.8521485787896044
0.889,0.773490285398742,0.7355304430026209,0.8304300489929233,0.8520226626853896
0.89,0.7721317584477172,0.7348993288590604,0.8279804028307022,0.8518634230809383
0.891,0.7719351586084029,0.7349345730027547,0.8274360370168753,0.8517838032787127
0.892,0.7702349840287603,0.7344598672299336,0.8238976592270005,0.8515680920230304
0.893,0.7692782932475952,0.7343170247648633,0.821720195971693,0.8516245636742614
0.894,0.767459458932988,0.7338260080383767,0.8179096352749048,0.8513060844653588
0.895,0.7659733282183876,0.7335265867693506,0.8146434403919434,0.8510672250586819
0.896,0.7649930508423147,0.7331629780414917,0.8127381600435493,0.8509876052564563
0.897,0.7626649112714893,0.7323674850351349,0.8081110506260207,0.8506922741985483
0.898,0.7605293827478129,0.7317115551694178,0.8037561241154055,0.8504765629428659
0.899,0.75939614463982,0.7312744671596346,0.801578660860098,0.8503173233384147
0.9,0.7577419888161708,0.7308764593134692,0.7980402830702232,0.8502710270364255
0.901,0.7564669573228744,0.7307474148086739,0.7950462710941752,0.8501914072341998
0.902,0.7553993630101813,0.7306011883956659,0.7925966249319543,0.8504172938391242
0.903,0.7543879035471517,0.7303670647941549,0.7904191616766467,0.8502349060836784
0.904,0.752489095328619,0.7297427582277926,0.7866086009798585,0.8503478493861405
0.905,0.7515768515621121,0.7296739941204862,0.7844311377245509,0.8505737359910648
0.906,0.7510565689039732,0.7295326774420239,0.7833424060968971,0.8502219332819259
0.907,0.7491906654196647,0.7291446673706442,0.7792596624931954,0.8500626936774744
0.908,0.7480624622698053,0.7292603367715772,0.7762656505171476,0.850401523584861
0.909,0.7456231606319066,0.7284610289247074,0.7713663581927055,0.8504913187363285
0.91,0.7442970457463765,0.7278839348903042,0.7689167120304845,0.849572002062368
0.911,0.7423939526837119,0.7274339421883312,0.7648339684267828,0.8493896143069222
0.912,0.7406347756045588,0.7268608989163261,0.761295590636908,0.8490711350980197
0.913,0.7387875952034569,0.726504093983624,0.7572128470332063,0.8489683671447995
0.914,0.7368516131062772,0.7259992862241257,0.7531301034295046,0.8488424510405848
0.915,0.7343518247867056,0.72528062251241,0.7479586281981492,0.848773006587601
0.916,0.7324433948251892,0.7246402797077413,0.7441480675013609,0.848534147180924
0.917,0.7289364943825251,0.7235132826898009,0.7370713119216113,0.8476713021581946
0.918,0.7274159024010443,0.7235193365185252,0.733260751224823,0.8476018577052109
0.919,0.7253822042586778,0.7230331239549911,0.728905824714208,0.847011195589395
0.92,0.7227725773427194,0.7223128511872395,0.723462166575939,0.8467491880317235
0.921,0.7203829916805349,0.721777858571169,0.7182906913445836,0.8465668002762776
0.922,0.7167006704974186,0.7205399489237506,0.7109417528579205,0.8463279408696007
0.923,0.7132873238856579,0.7192059644147646,0.7044093630919979,0.8461224049631604
0.924,0.7103538357793886,0.7184902888103218,0.6981491562329886,0.8456446861498064
0.925,0.7079220382704889,0.7178849431163927,0.6929776810016332,0.8455752416968227
0.926,0.7056366047661955,0.7173420821588652,0.6880783886771911,0.8456983603485269
0.927,0.7013323899173809,0.7159749594249942,0.6793685356559608,0.8454132046398608
0.928,0.6973740680495759,0.7144585039077037,0.6717474142623843,0.8444707398149058
0.929,0.6958222536897283,0.7144125204391497,0.6679368535655961,0.8438800776990898
0.93,0.6923524664523867,0.7131659234921379,0.6611322808927599,0.844126315002498
0.931,0.6891837145082751,0.7126025073051182,0.6540555253130104,0.8438180111428375
0.932,0.685347726064815,0.7112899408284024,0.6464344039194339,0.843260672527258
0.933,0.6821331914127781,0.7104687648568984,0.6396298312465977,0.8429190451673608
0.934,0.678147591607434,0.7090883013816514,0.6317365269461078,0.8417478962849707
0.935,0.6719157617652537,0.706504494976203,0.6200326619488297,0.8416321555299979
0.936,0.6661835373980893,0.7042089985486211,0.6091453456722917,0.8411646120658861
0.937,0.6609719387305613,0.7018739352640545,0.5996189439303212,0.8406072734503066
0.9380000000000001,0.6553192661371856,0.6997110251261204,0.5887316276537834,0.8394361245679165
0.9390000000000001,0.6493205417661783,0.697878638381845,0.5764833968426782,0.8391148479065034
0.9400000000000001,0.6424367227201451,0.6947525491171351,0.5639629831246598,0.8376353951644526
0.9410000000000001,0.6369856752809682,0.6921998598177632,0.5541643984757757,0.8372011752005774
0.9420000000000001,0.6274952572355542,0.6876327232278289,0.5372890582471421,0.8345330203301633
0.9430000000000001,0.6187647913030438,0.6821547102374266,0.5236799129014698,0.8338136446576219
0.9440000000000001,0.6101104259660387,0.6769849868441418,0.5097985846488841,0.8317898261017445
0.9450000000000001,0.6002624933825824,0.6714590821482523,0.4934676102340773,0.8290189032781102
0.9460000000000001,0.5916835565156808,0.6665965281430826,0.4793140990745781,0.8264608942576477
0.9470000000000001,0.5811307166298343,0.6598957779432096,0.4629831246597714,0.8229067462135097
0.9480000000000001,0.5716195377201291,0.6540238530138606,0.44801306477953184,0.8195451612740594
0.9490000000000001,0.5632822261062227,0.6482938208647534,0.4357648339684268,0.8172260116602739
0.9500000000000001,0.5538164240406125,0.6415902476525177,0.4221556886227545,0.8147244742910426
0.9510000000000001,0.5425523550936351,0.6337041156840933,0.40582471420794775,0.810374128224648
0.9520000000000001,0.5315449303231411,0.6253384476534296,0.3908546543277082,0.8065551751703279
0.9530000000000001,0.5185228443326961,0.6159739294494311,0.3723462166575939,0.803134321127136
0.9540000000000001,0.5059840380165467,0.6056003246565018,0.356559608056614,0.7981933129449256
0.9550000000000001,0.49287120728276135,0.594814378314673,0.33995645073489383,0.7932624801119572
0.9560000000000001,0.4800903876787088,0.5834930522280785,0.3249863908546543,0.7877872814651617
0.9570000000000001,0.46791932673642217,0.5735509011203117,0.3094719651605879,0.7828638265289246
0.9580000000000001,0.45529650170742125,0.5617670782403673,0.2955906369080022,0.7766720496620985
0.9590000000000001,0.4418837803013713,0.549936948297604,0.27980402830702233,0.7708089273534169
0.96,0.4274472300426688,0.536400436933753,0.2640174197060425,0.7650920718474339
0.961,0.4138411778396409,0.5222520810119945,0.2512248230811105,0.7569459208777138
0.962,0.40031368247811117,0.508053197888124,0.238704409363092,0.7477573345823293
0.963,0.38368618708694896,0.4897763796758531,0.2245508982035928,0.7362190726254332
0.964,0.36958033583183286,0.47370629370629375,0.21339139902014154,0.7280673267506919
0.965,0.35387035281463175,0.4564142969701311,0.2000544365813827,0.7181565673302552
0.966,0.3385794881221678,0.43963937550392146,0.1869896570495373,0.7092114208857682
0.967,0.3196339222678974,0.4193136592325599,0.17011431682090364,0.6966381014999388
0.968,0.30225891914795755,0.4001539053482109,0.15541643984757758,0.6864088628705994
0.969,0.28117781874020387,0.3769947859061463,0.13745236799129015,0.6743308155440971
0.97,0.2613897750535422,0.35653512681306215,0.11867174741426238,0.6624684794732771
0.971,0.24516472650614737,0.33693304535637153,0.10751224823081111,0.6527373103557756
0.972,0.22872742144290792,0.3177030241250425,0.09526401741970604,0.6448577473879479
0.973,0.20832118304533087,0.29403557725845836,0.07974959172563963,0.6336295722824224
0.974,0.18980514264217296,0.270978086584714,0.06804572672836146,0.6222736980809722
0.975,0.16953156954575918,0.2458986511119213,0.054980947196516056,0.6094439660424925
0.976,0.1537304546479502,0.22482566248256627,0.04708764289602613,0.5985398650508909
0.977,0.13764031582487385,0.20454115421002836,0.03728905824714208,0.5891615131033291
0.978,0.11854913522035271,0.17834763327870434,0.02885138813282526,0.5762142573181666
0.979,0.10451003852029081,0.1580338783902869,0.024224278715296678,0.5661684209050737
0.98,0.09270747348523978,0.13999603410668252,0.021774632553075667,0.5578612473391923
0.981,0.0799531405353744,0.11964608887995173,0.02041371801850844,0.5477848848783735
0.982,0.06901378580411731,0.10268401789345263,0.018508437670114317,0.5396832472189326
0.983,0.06304562757044613,0.09291854277527631,0.01823625476320087,0.5349968686976623
0.984,0.056993615818939955,0.0833762223365929,0.017419706042460535,0.530243843175919
0.985,0.05160689307718098,0.07512417218543047,0.01633097441480675,0.5266128727820659
0.986,0.046688111311975915,0.0683778447469604,0.014153511159499184,0.5252389854457461
0.987,0.041621961317704965,0.06156735886465616,0.011703864997278171,0.5235364435512817
0.988,0.03683786076210529,0.054682589566310495,0.010070767555797496,0.5210636492380661
0.989,0.03264336072865356,0.04878048780487805,0.008437670114316821,0.5193046356923707
0.99,0.026572389669310137,0.03993238960490176,0.0065323897659227,0.5164800386700161
0.991,0.019135525343082604,0.02953362371188781,0.003538377789874796,0.5122945271130942
0.992,0.010720118205148146,0.017322497861420018,0.0008165487207403375,0.5086533813699992
0.993,0.003999569938716267,0.006665949897860445,0.0,0.5040827436037016
0.994,0.0016804912205106107,0.002800818700851018,0.0,0.5017691888949374
0.995,0.0,0.0,0.0,0.5
0.996,0.0,0.0,0.0,0.5
0.997,0.0,0.0,0.0,0.5
0.998,0.0,0.0,0.0,0.5
0.999,0.0,0.0,0.0,0.5
1.0,0.0,0.0,0.0,0.5
